series,metric,step,value
baseline,train_loss,32,9.460700
baseline,train_loss,64,9.406930
baseline,train_loss,96,9.187260
baseline,train_loss,128,8.340020
baseline,train_loss,160,7.762140
baseline,train_loss,192,7.425730
baseline,train_loss,224,7.150980
baseline,train_loss,256,7.029950
baseline,train_loss,288,6.924350
baseline,train_loss,320,6.903850
baseline,train_loss,352,6.803600
baseline,train_loss,384,6.717840
baseline,train_loss,416,6.680370
baseline,train_loss,448,6.505530
baseline,train_loss,480,6.381580
baseline,train_loss,512,6.297640
baseline,train_loss,544,6.187240
baseline,train_loss,576,6.108910
baseline,train_loss,608,6.032020
baseline,train_loss,640,5.898760
baseline,train_loss,672,5.832900
baseline,train_loss,704,5.714650
baseline,train_loss,736,5.630550
baseline,train_loss,768,5.559410
baseline,train_loss,800,5.539550
baseline,train_loss,832,5.431890
baseline,train_loss,864,5.408160
baseline,train_loss,896,5.307240
baseline,train_loss,928,5.314220
baseline,train_loss,960,5.234500
baseline,train_loss,992,5.174470
baseline,train_loss,1024,5.122180
baseline,train_loss,1056,5.115130
baseline,train_loss,1088,5.105150
baseline,train_loss,1120,5.020270
baseline,train_loss,1152,5.020470
baseline,train_loss,1184,4.996870
baseline,train_loss,1216,4.903410
baseline,train_loss,1248,4.868490
baseline,train_loss,1280,4.878350
baseline,train_loss,1312,4.815550
baseline,train_loss,1344,4.772310
baseline,train_loss,1376,4.781210
baseline,train_loss,1408,4.746460
baseline,train_loss,1440,4.682460
baseline,train_loss,1472,4.644770
baseline,train_loss,1504,4.666610
baseline,train_loss,1536,4.581210
baseline,train_loss,1568,4.594210
baseline,train_loss,1600,4.578540
baseline,train_loss,1632,4.506950
baseline,train_loss,1664,4.491990
baseline,train_loss,1696,4.472270
baseline,train_loss,1728,4.430970
baseline,train_loss,1760,4.422190
baseline,train_loss,1792,4.425530
baseline,train_loss,1824,4.387780
baseline,train_loss,1856,4.340880
baseline,train_loss,1888,4.339560
baseline,train_loss,1920,4.289500
baseline,train_loss,1952,4.249360
baseline,train_loss,1984,4.307820
baseline,train_loss,2016,4.197630
baseline,train_loss,2048,4.233930
baseline,train_loss,2080,4.197110
baseline,train_loss,2112,4.202980
baseline,train_loss,2144,4.158120
baseline,train_loss,2176,4.168000
baseline,train_loss,2208,4.158300
baseline,train_loss,2240,4.102320
baseline,train_loss,2272,4.108600
baseline,train_loss,2304,4.132290
baseline,train_loss,2336,4.069990
baseline,train_loss,2368,4.043420
baseline,train_loss,2400,4.058900
baseline,train_loss,2432,4.024030
baseline,train_loss,2464,4.017650
baseline,train_loss,2496,3.984360
baseline,train_loss,2528,4.018870
baseline,train_loss,2560,4.029980
baseline,train_loss,2592,3.980930
baseline,train_loss,2624,3.956260
baseline,train_loss,2656,3.952910
baseline,train_loss,2688,3.939710
baseline,train_loss,2720,3.941990
baseline,train_loss,2752,3.931240
baseline,train_loss,2784,3.913820
baseline,train_loss,2816,3.891960
baseline,train_loss,2848,3.902630
baseline,train_loss,2880,3.957120
baseline,train_loss,2912,3.896500
baseline,train_loss,2944,3.864990
baseline,train_loss,2976,3.861620
baseline,train_loss,3008,3.870670
baseline,train_loss,3040,3.818670
baseline,train_loss,3072,3.863320
baseline,train_loss,3104,3.840760
baseline,train_loss,3136,3.857370
baseline,train_loss,3168,3.838340
baseline,train_loss,3200,3.790150
baseline,train_loss,3232,3.787300
baseline,train_loss,3264,3.787090
baseline,train_loss,3296,3.817970
baseline,train_loss,3328,3.789450
baseline,train_loss,3360,3.781040
baseline,train_loss,3392,3.770640
baseline,train_loss,3424,3.743120
baseline,train_loss,3456,3.724760
baseline,train_loss,3488,3.746280
baseline,train_loss,3520,3.723190
baseline,train_loss,3552,3.735500
baseline,train_loss,3584,3.697030
baseline,train_loss,3616,3.740080
baseline,train_loss,3648,3.682660
baseline,train_loss,3680,3.685990
baseline,train_loss,3712,3.678910
baseline,train_loss,3744,3.661790
baseline,train_loss,3776,3.703270
baseline,train_loss,3808,3.641340
baseline,train_loss,3840,3.636300
baseline,train_loss,3872,3.626270
baseline,train_loss,3904,3.639640
baseline,train_loss,3936,3.628520
baseline,train_loss,3968,3.615110
baseline,train_loss,4000,3.581600
baseline,train_loss,4032,3.616450
baseline,train_loss,4064,3.590280
baseline,train_loss,4096,3.598640
baseline,train_loss,4128,3.626880
baseline,train_loss,4160,3.569160
baseline,train_loss,4192,3.586700
baseline,train_loss,4224,3.579690
baseline,train_loss,4256,3.557650
baseline,train_loss,4288,3.618730
baseline,train_loss,4320,3.516190
baseline,train_loss,4352,3.566400
baseline,train_loss,4384,3.539660
baseline,train_loss,4416,3.524840
baseline,train_loss,4448,3.507660
baseline,train_loss,4480,3.533970
baseline,train_loss,4512,3.485950
baseline,train_loss,4544,3.509160
baseline,train_loss,4576,3.470930
baseline,train_loss,4608,3.505360
baseline,train_loss,4640,3.444240
baseline,train_loss,4672,3.503720
baseline,train_loss,4704,3.497000
baseline,train_loss,4736,3.514970
baseline,train_loss,4768,3.431530
baseline,train_loss,4800,3.481990
baseline,train_loss,4832,3.454860
baseline,train_loss,4864,3.427210
baseline,train_loss,4896,3.513260
baseline,train_loss,4928,3.405120
baseline,train_loss,4960,3.397230
baseline,train_loss,4992,3.422600
baseline,train_loss,5024,3.422670
baseline,train_loss,5056,3.408300
baseline,train_loss,5088,3.384200
baseline,train_loss,5120,3.429900
baseline,train_loss,5152,3.400800
baseline,train_loss,5184,3.365470
baseline,train_loss,5216,3.422360
baseline,train_loss,5248,3.356280
baseline,train_loss,5280,3.399940
baseline,train_loss,5312,3.364290
baseline,train_loss,5344,3.382440
baseline,train_loss,5376,3.399150
baseline,train_loss,5408,3.376810
baseline,train_loss,5440,3.339540
baseline,train_loss,5472,3.319180
baseline,train_loss,5504,3.331490
baseline,train_loss,5536,3.384070
baseline,train_loss,5568,3.306920
baseline,train_loss,5600,3.344290
baseline,train_loss,5632,3.338550
baseline,train_loss,5664,3.299880
baseline,train_loss,5696,3.309710
baseline,train_loss,5728,3.313520
baseline,train_loss,5760,3.303310
baseline,train_loss,5792,3.313900
baseline,train_loss,5824,3.307730
baseline,train_loss,5856,3.277910
baseline,train_loss,5888,3.278980
baseline,train_loss,5920,3.268600
baseline,train_loss,5952,3.297420
baseline,train_loss,5984,3.335790
baseline,train_loss,6016,3.274790
baseline,train_loss,6048,3.248750
baseline,train_loss,6080,3.229710
baseline,train_loss,6112,3.275530
baseline,train_loss,6144,3.276140
baseline,train_loss,6176,3.277900
baseline,train_loss,6208,3.265400
baseline,train_loss,6240,3.290190
baseline,train_loss,6272,3.280800
baseline,train_loss,6304,3.299800
baseline,train_loss,6336,3.287660
baseline,train_loss,6368,3.221120
baseline,train_loss,6400,3.243610
baseline,train_loss,6432,3.266060
baseline,train_loss,6464,3.239170
baseline,train_loss,6496,3.335160
baseline,train_loss,6528,3.229920
baseline,train_loss,6560,3.174900
baseline,train_loss,6592,3.207900
baseline,train_loss,6624,3.228690
baseline,train_loss,6656,3.243400
baseline,train_loss,6688,3.193230
baseline,train_loss,6720,3.184850
baseline,train_loss,6752,3.188490
baseline,train_loss,6784,3.200470
baseline,train_loss,6816,3.215890
baseline,train_loss,6848,3.242530
baseline,train_loss,6880,3.202410
baseline,train_loss,6912,3.214240
baseline,train_loss,6944,3.198660
baseline,train_loss,6976,3.247000
baseline,train_loss,7008,3.273370
baseline,train_loss,7040,3.199750
baseline,train_loss,7072,3.176570
baseline,train_loss,7104,3.165370
baseline,train_loss,7136,3.150750
baseline,train_loss,7168,3.138960
baseline,train_loss,7200,3.139680
baseline,train_loss,7232,3.142420
baseline,train_loss,7264,3.166030
baseline,train_loss,7296,3.207990
baseline,train_loss,7328,3.153130
baseline,train_loss,7360,3.158170
baseline,train_loss,7392,3.152640
baseline,train_loss,7424,3.184040
baseline,train_loss,7456,3.172760
baseline,train_loss,7488,3.142180
baseline,train_loss,7520,3.120810
baseline,train_loss,7552,3.143520
baseline,train_loss,7584,3.154600
baseline,train_loss,7616,3.118850
baseline,train_loss,7648,3.114960
baseline,train_loss,7680,3.159540
baseline,train_loss,7712,3.153540
baseline,train_loss,7744,3.098040
baseline,train_loss,7776,3.136570
baseline,train_loss,7808,3.099310
baseline,train_loss,7840,3.113710
baseline,train_loss,7872,3.144700
baseline,train_loss,7904,3.093380
baseline,train_loss,7936,3.120240
baseline,train_loss,7968,3.110340
baseline,train_loss,8000,3.112300
baseline,train_loss,8032,3.135890
baseline,train_loss,8064,3.140310
baseline,train_loss,8096,3.106360
baseline,train_loss,8128,3.077920
baseline,train_loss,8160,3.129880
baseline,train_loss,8192,3.139070
baseline,train_loss,8224,3.118630
baseline,train_loss,8256,3.157210
baseline,train_loss,8288,3.159040
baseline,train_loss,8320,3.114640
baseline,train_loss,8352,3.066260
baseline,train_loss,8384,3.106080
baseline,train_loss,8416,3.096440
baseline,train_loss,8448,3.091660
baseline,train_loss,8480,3.083130
baseline,train_loss,8512,3.132000
baseline,train_loss,8544,3.125940
baseline,train_loss,8576,3.094450
baseline,train_loss,8608,3.092740
baseline,train_loss,8640,3.097860
baseline,train_loss,8672,3.132950
baseline,train_loss,8704,3.063960
baseline,train_loss,8736,3.105210
baseline,train_loss,8768,3.090410
baseline,train_loss,8800,3.044190
baseline,train_loss,8832,3.095190
baseline,train_loss,8864,3.093720
baseline,train_loss,8896,3.076140
baseline,train_loss,8928,3.112390
baseline,train_loss,8960,3.102080
baseline,train_loss,8992,3.054130
baseline,train_loss,9024,3.013540
baseline,train_loss,9056,3.099210
baseline,train_loss,9088,3.052760
baseline,train_loss,9120,3.059880
baseline,train_loss,9152,3.083060
baseline,train_loss,9184,3.040440
baseline,train_loss,9216,3.068560
baseline,train_loss,9248,3.114600
baseline,train_loss,9280,3.041560
baseline,train_loss,9312,3.061490
baseline,train_loss,9344,3.067470
baseline,train_loss,9376,3.016310
baseline,train_loss,9408,3.048000
baseline,train_loss,9440,3.003790
baseline,train_loss,9472,3.029220
baseline,train_loss,9504,3.038540
baseline,train_loss,9536,3.011170
baseline,train_loss,9568,3.095930
baseline,train_loss,9600,3.062240
baseline,train_loss,9632,3.048320
baseline,train_loss,9664,3.035240
baseline,train_loss,9696,3.011020
baseline,train_loss,9728,3.052720
baseline,train_loss,9760,3.025090
baseline,train_loss,9792,3.025800
baseline,train_loss,9824,3.026550
baseline,train_loss,9856,3.033890
baseline,train_loss,9888,2.991020
baseline,train_loss,9920,2.991310
baseline,train_loss,9952,3.007190
baseline,train_loss,9984,2.999970
baseline,train_loss,10016,3.022190
baseline,train_loss,10048,3.033770
baseline,train_loss,10080,3.039970
baseline,train_loss,10112,3.037010
baseline,train_loss,10144,3.040320
baseline,train_loss,10176,2.989110
baseline,train_loss,10208,2.994560
baseline,train_loss,10240,3.036560
baseline,train_loss,10272,3.039630
baseline,train_loss,10304,3.069040
baseline,train_loss,10336,2.959630
baseline,train_loss,10368,2.999150
baseline,train_loss,10400,3.029120
baseline,train_loss,10432,3.028780
baseline,train_loss,10464,3.029290
baseline,train_loss,10496,3.026370
baseline,train_loss,10528,3.056860
baseline,train_loss,10560,2.975970
baseline,train_loss,10592,2.985930
baseline,train_loss,10624,3.001780
baseline,train_loss,10656,3.043010
baseline,train_loss,10688,3.012000
baseline,train_loss,10720,3.087090
baseline,train_loss,10752,2.976780
baseline,train_loss,10784,2.955970
baseline,train_loss,10816,2.983560
baseline,train_loss,10848,3.001380
baseline,train_loss,10880,3.012400
baseline,train_loss,10912,3.039540
baseline,train_loss,10944,3.004270
baseline,train_loss,10976,3.010570
baseline,train_loss,11008,2.952000
baseline,train_loss,11040,2.993790
baseline,train_loss,11072,2.960450
baseline,train_loss,11104,3.021630
baseline,train_loss,11136,2.998890
baseline,train_loss,11168,2.984430
baseline,train_loss,11200,2.946690
baseline,train_loss,11232,2.967600
baseline,train_loss,11264,2.997520
baseline,train_loss,11296,2.970080
baseline,train_loss,11328,3.013690
baseline,train_loss,11360,2.968480
baseline,train_loss,11392,2.995390
baseline,train_loss,11424,2.945780
baseline,train_loss,11456,2.985320
baseline,train_loss,11488,2.966640
baseline,train_loss,11520,2.969600
baseline,train_loss,11552,2.987270
baseline,train_loss,11584,2.923010
baseline,train_loss,11616,2.946880
baseline,train_loss,11648,2.929060
baseline,train_loss,11680,2.948800
baseline,train_loss,11712,2.916780
baseline,train_loss,11744,3.021890
baseline,train_loss,11776,2.998350
baseline,train_loss,11808,2.913530
baseline,train_loss,11840,3.000270
baseline,train_loss,11872,2.984910
baseline,train_loss,11904,2.927660
baseline,train_loss,11936,2.984960
baseline,train_loss,11968,2.954600
baseline,train_loss,12000,2.994810
baseline,train_loss,12032,2.943500
baseline,train_loss,12064,2.932110
baseline,train_loss,12096,2.960990
baseline,train_loss,12128,2.955910
baseline,train_loss,12160,2.906810
baseline,train_loss,12192,2.974690
baseline,train_loss,12224,2.994960
baseline,train_loss,12256,2.948780
baseline,train_loss,12288,2.933400
baseline,train_loss,12320,2.968250
baseline,train_loss,12352,2.938520
baseline,train_loss,12384,2.970830
baseline,train_loss,12416,2.972300
baseline,train_loss,12448,2.961390
baseline,train_loss,12480,2.978650
baseline,train_loss,12512,2.974630
baseline,train_loss,12544,2.934000
baseline,train_loss,12576,2.994870
baseline,train_loss,12608,2.969250
baseline,train_loss,12640,2.924390
baseline,train_loss,12672,2.936140
baseline,train_loss,12704,2.970000
baseline,train_loss,12736,2.905200
baseline,train_loss,12768,2.920310
baseline,train_loss,12800,2.911560
baseline,train_loss,12832,2.933890
baseline,train_loss,12864,2.955110
baseline,train_loss,12896,2.918380
baseline,train_loss,12928,2.895190
baseline,train_loss,12960,2.986970
baseline,train_loss,12992,2.897800
baseline,train_loss,13024,2.918300
baseline,train_loss,13056,2.938370
baseline,train_loss,13088,2.916790
baseline,train_loss,13120,2.897220
baseline,train_loss,13152,2.925170
baseline,train_loss,13184,2.891170
baseline,train_loss,13216,2.923820
baseline,train_loss,13248,2.933210
baseline,train_loss,13280,2.951510
baseline,train_loss,13312,2.917090
baseline,train_loss,13344,2.952980
baseline,train_loss,13376,2.961370
baseline,train_loss,13408,2.933710
baseline,train_loss,13440,2.903370
baseline,train_loss,13472,2.924590
baseline,train_loss,13504,2.968110
baseline,train_loss,13536,2.921260
baseline,train_loss,13568,2.963230
baseline,train_loss,13600,2.984430
baseline,train_loss,13632,2.924920
baseline,train_loss,13664,2.962310
baseline,train_loss,13696,2.924340
baseline,train_loss,13728,2.949210
baseline,train_loss,13760,2.925660
baseline,train_loss,13792,2.916800
baseline,train_loss,13824,2.923070
baseline,train_loss,13856,2.907730
baseline,train_loss,13888,2.939150
baseline,train_loss,13920,2.925150
baseline,train_loss,13952,2.927790
baseline,train_loss,13984,2.964050
baseline,train_loss,14016,2.939860
baseline,train_loss,14048,2.938160
baseline,train_loss,14080,2.930300
baseline,train_loss,14112,2.988540
baseline,train_loss,14144,2.967180
baseline,train_loss,14176,2.933060
baseline,train_loss,14208,2.956220
baseline,train_loss,14240,2.926590
baseline,train_loss,14272,2.973430
baseline,train_loss,14304,2.917630
baseline,train_loss,14336,2.976290
baseline,train_loss,14368,2.947240
baseline,train_loss,14400,2.958590
baseline,train_loss,14432,2.909100
baseline,train_loss,14464,2.973720
baseline,train_loss,14496,3.000500
baseline,train_loss,14528,2.956900
baseline,train_loss,14560,2.959630
baseline,train_loss,14592,2.947560
baseline,train_loss,14624,2.921980
baseline,train_loss,14656,2.946840
baseline,train_loss,14688,2.945510
baseline,train_loss,14720,2.944220
baseline,train_loss,14752,2.946760
baseline,train_loss,14784,2.926270
baseline,train_loss,14816,2.913500
baseline,train_loss,14848,2.980700
baseline,train_loss,14880,2.940210
baseline,train_loss,14912,2.986860
baseline,train_loss,14944,2.894030
baseline,train_loss,14976,2.939740
baseline,train_loss,15008,2.955720
baseline,train_loss,15040,2.929700
baseline,train_loss,15072,2.896530
baseline,train_loss,15104,2.956850
baseline,train_loss,15136,2.933120
baseline,train_loss,15168,2.929250
baseline,train_loss,15200,2.890430
baseline,train_loss,15232,2.872710
baseline,train_loss,15264,2.916600
baseline,train_loss,15296,2.913940
baseline,train_loss,15328,2.889470
baseline,train_loss,15360,2.893390
baseline,train_loss,15392,2.903570
baseline,train_loss,15424,2.893640
baseline,train_loss,15456,2.886230
baseline,train_loss,15488,2.896860
baseline,train_loss,15520,2.909050
baseline,train_loss,15552,2.918710
baseline,train_loss,15584,2.858230
baseline,train_loss,15616,2.911020
baseline,train_loss,15648,2.905750
baseline,train_loss,15680,2.871710
baseline,train_loss,15712,2.909100
baseline,train_loss,15744,2.867580
baseline,train_loss,15776,2.874800
baseline,train_loss,15808,2.876980
baseline,train_loss,15840,2.869620
baseline,train_loss,15872,2.875600
baseline,train_loss,15904,2.925670
baseline,train_loss,15936,2.886120
baseline,train_loss,15968,2.916040
baseline,train_loss,16000,2.873780
baseline,train_loss,16032,2.903150
baseline,eval_loss,321,6.828730
baseline,eval_loss,642,5.824770
baseline,eval_loss,963,5.219080
baseline,eval_loss,1284,4.853700
baseline,eval_loss,1605,4.538350
baseline,eval_loss,1926,4.295980
baseline,eval_loss,2247,4.128320
baseline,eval_loss,2568,4.012150
baseline,eval_loss,2889,3.911920
baseline,eval_loss,3210,3.803270
baseline,eval_loss,3531,3.733350
baseline,eval_loss,3852,3.661610
baseline,eval_loss,4173,3.599690
baseline,eval_loss,4494,3.531500
baseline,eval_loss,4815,3.467400
baseline,eval_loss,5136,3.414220
baseline,eval_loss,5457,3.364080
baseline,eval_loss,5778,3.323070
baseline,eval_loss,6099,3.281370
baseline,eval_loss,6420,3.250820
baseline,eval_loss,6741,3.220760
baseline,eval_loss,7062,3.189140
baseline,eval_loss,7383,3.165630
baseline,eval_loss,7704,3.143980
baseline,eval_loss,8025,3.126340
baseline,eval_loss,8346,3.109180
baseline,eval_loss,8667,3.094040
baseline,eval_loss,8988,3.077050
baseline,eval_loss,9309,3.064110
baseline,eval_loss,9630,3.050100
baseline,eval_loss,9951,3.036000
baseline,eval_loss,10272,3.026760
baseline,eval_loss,10593,3.013540
baseline,eval_loss,10914,3.009370
baseline,eval_loss,11235,3.000910
baseline,eval_loss,11556,2.992690
baseline,eval_loss,11877,2.983530
baseline,eval_loss,12198,2.977110
baseline,eval_loss,12519,2.970710
baseline,eval_loss,12840,2.962500
baseline,eval_loss,13161,2.955860
baseline,eval_loss,13482,2.954980
baseline,eval_loss,13803,2.949000
baseline,eval_loss,14124,2.944580
baseline,eval_loss,14445,2.935730
baseline,eval_loss,14766,2.930030
baseline,eval_loss,15087,2.926920
baseline,eval_loss,15408,2.925640
baseline,eval_loss,15729,2.919450
baseline,eval_loss,16050,2.918210
baseline,grad_norm,32,0.443900
baseline,grad_norm,64,0.452900
baseline,grad_norm,96,0.746800
baseline,grad_norm,128,2.746000
baseline,grad_norm,160,0.736800
baseline,grad_norm,192,0.536000
baseline,grad_norm,224,0.471000
baseline,grad_norm,256,0.414200
baseline,grad_norm,288,0.393700
baseline,grad_norm,320,0.774200
baseline,grad_norm,352,0.435000
baseline,grad_norm,384,0.362000
baseline,grad_norm,416,0.838700
baseline,grad_norm,448,0.374300
baseline,grad_norm,480,0.367000
baseline,grad_norm,512,0.530100
baseline,grad_norm,544,0.414300
baseline,grad_norm,576,0.392700
baseline,grad_norm,608,0.657500
baseline,grad_norm,640,0.427700
baseline,grad_norm,672,0.432400
baseline,grad_norm,704,0.497100
baseline,grad_norm,736,0.500300
baseline,grad_norm,768,0.424900
baseline,grad_norm,800,0.432200
baseline,grad_norm,832,0.506000
baseline,grad_norm,864,0.429800
baseline,grad_norm,896,0.490800
baseline,grad_norm,928,0.536600
baseline,grad_norm,960,0.451800
baseline,grad_norm,992,0.456800
baseline,grad_norm,1024,0.465900
baseline,grad_norm,1056,0.452200
baseline,grad_norm,1088,0.461800
baseline,grad_norm,1120,0.482400
baseline,grad_norm,1152,0.441000
baseline,grad_norm,1184,0.437700
baseline,grad_norm,1216,0.515900
baseline,grad_norm,1248,0.498800
baseline,grad_norm,1280,0.415800
baseline,grad_norm,1312,0.499800
baseline,grad_norm,1344,0.442700
baseline,grad_norm,1376,0.440200
baseline,grad_norm,1408,0.526600
baseline,grad_norm,1440,0.441200
baseline,grad_norm,1472,0.478100
baseline,grad_norm,1504,0.421800
baseline,grad_norm,1536,0.481500
baseline,grad_norm,1568,0.472200
baseline,grad_norm,1600,0.439800
baseline,grad_norm,1632,0.438800
baseline,grad_norm,1664,0.446200
baseline,grad_norm,1696,0.467200
baseline,grad_norm,1728,0.434500
baseline,grad_norm,1760,0.424600
baseline,grad_norm,1792,0.444300
baseline,grad_norm,1824,0.491700
baseline,grad_norm,1856,0.434500
baseline,grad_norm,1888,0.426100
baseline,grad_norm,1920,0.443600
baseline,grad_norm,1952,0.429600
baseline,grad_norm,1984,0.437400
baseline,grad_norm,2016,0.448000
baseline,grad_norm,2048,0.422500
baseline,grad_norm,2080,0.431700
baseline,grad_norm,2112,0.443400
baseline,grad_norm,2144,0.419100
baseline,grad_norm,2176,0.410500
baseline,grad_norm,2208,0.438600
baseline,grad_norm,2240,0.414500
baseline,grad_norm,2272,0.440800
baseline,grad_norm,2304,0.444700
baseline,grad_norm,2336,0.446100
baseline,grad_norm,2368,0.527500
baseline,grad_norm,2400,0.431400
baseline,grad_norm,2432,0.414400
baseline,grad_norm,2464,0.417600
baseline,grad_norm,2496,0.416700
baseline,grad_norm,2528,0.416500
baseline,grad_norm,2560,0.413300
baseline,grad_norm,2592,0.401100
baseline,grad_norm,2624,0.405400
baseline,grad_norm,2656,0.404000
baseline,grad_norm,2688,0.403000
baseline,grad_norm,2720,0.424300
baseline,grad_norm,2752,0.419200
baseline,grad_norm,2784,0.398000
baseline,grad_norm,2816,0.399900
baseline,grad_norm,2848,0.432200
baseline,grad_norm,2880,0.439800
baseline,grad_norm,2912,0.412600
baseline,grad_norm,2944,0.410800
baseline,grad_norm,2976,0.400200
baseline,grad_norm,3008,0.398200
baseline,grad_norm,3040,0.389800
baseline,grad_norm,3072,0.383500
baseline,grad_norm,3104,0.383500
baseline,grad_norm,3136,0.401000
baseline,grad_norm,3168,0.389500
baseline,grad_norm,3200,0.384400
baseline,grad_norm,3232,0.379500
baseline,grad_norm,3264,0.385200
baseline,grad_norm,3296,0.379900
baseline,grad_norm,3328,0.383000
baseline,grad_norm,3360,0.388200
baseline,grad_norm,3392,0.392800
baseline,grad_norm,3424,0.373400
baseline,grad_norm,3456,0.379300
baseline,grad_norm,3488,0.395900
baseline,grad_norm,3520,0.379800
baseline,grad_norm,3552,0.381700
baseline,grad_norm,3584,0.367700
baseline,grad_norm,3616,0.402400
baseline,grad_norm,3648,0.378900
baseline,grad_norm,3680,0.365000
baseline,grad_norm,3712,0.369100
baseline,grad_norm,3744,0.365100
baseline,grad_norm,3776,0.384100
baseline,grad_norm,3808,0.396700
baseline,grad_norm,3840,0.382500
baseline,grad_norm,3872,0.370700
baseline,grad_norm,3904,0.361900
baseline,grad_norm,3936,0.403600
baseline,grad_norm,3968,0.371600
baseline,grad_norm,4000,0.375900
baseline,grad_norm,4032,0.366100
baseline,grad_norm,4064,0.370700
baseline,grad_norm,4096,0.371400
baseline,grad_norm,4128,0.363200
baseline,grad_norm,4160,0.368800
baseline,grad_norm,4192,0.374400
baseline,grad_norm,4224,0.372500
baseline,grad_norm,4256,0.365000
baseline,grad_norm,4288,0.371600
baseline,grad_norm,4320,0.352400
baseline,grad_norm,4352,0.365400
baseline,grad_norm,4384,0.372900
baseline,grad_norm,4416,0.366000
baseline,grad_norm,4448,0.369700
baseline,grad_norm,4480,0.358400
baseline,grad_norm,4512,0.361000
baseline,grad_norm,4544,0.371800
baseline,grad_norm,4576,0.355800
baseline,grad_norm,4608,0.363000
baseline,grad_norm,4640,0.358000
baseline,grad_norm,4672,0.360000
baseline,grad_norm,4704,0.351400
baseline,grad_norm,4736,0.352500
baseline,grad_norm,4768,0.351700
baseline,grad_norm,4800,0.360600
baseline,grad_norm,4832,0.348400
baseline,grad_norm,4864,0.347700
baseline,grad_norm,4896,0.346400
baseline,grad_norm,4928,0.345400
baseline,grad_norm,4960,0.354500
baseline,grad_norm,4992,0.349100
baseline,grad_norm,5024,0.343100
baseline,grad_norm,5056,0.364400
baseline,grad_norm,5088,0.346600
baseline,grad_norm,5120,0.336800
baseline,grad_norm,5152,0.358400
baseline,grad_norm,5184,0.331500
baseline,grad_norm,5216,0.341400
baseline,grad_norm,5248,0.336500
baseline,grad_norm,5280,0.339300
baseline,grad_norm,5312,0.340200
baseline,grad_norm,5344,0.356900
baseline,grad_norm,5376,0.339000
baseline,grad_norm,5408,0.341400
baseline,grad_norm,5440,0.340900
baseline,grad_norm,5472,0.331100
baseline,grad_norm,5504,0.340400
baseline,grad_norm,5536,0.346400
baseline,grad_norm,5568,0.322600
baseline,grad_norm,5600,0.343700
baseline,grad_norm,5632,0.329600
baseline,grad_norm,5664,0.330700
baseline,grad_norm,5696,0.325300
baseline,grad_norm,5728,0.328900
baseline,grad_norm,5760,0.331800
baseline,grad_norm,5792,0.340000
baseline,grad_norm,5824,0.331600
baseline,grad_norm,5856,0.331300
baseline,grad_norm,5888,0.327900
baseline,grad_norm,5920,0.323600
baseline,grad_norm,5952,0.325300
baseline,grad_norm,5984,0.322400
baseline,grad_norm,6016,0.339800
baseline,grad_norm,6048,0.328400
baseline,grad_norm,6080,0.329600
baseline,grad_norm,6112,0.324600
baseline,grad_norm,6144,0.338700
baseline,grad_norm,6176,0.322600
baseline,grad_norm,6208,0.323600
baseline,grad_norm,6240,0.323500
baseline,grad_norm,6272,0.328600
baseline,grad_norm,6304,0.332600
baseline,grad_norm,6336,0.322300
baseline,grad_norm,6368,0.323400
baseline,grad_norm,6400,0.325500
baseline,grad_norm,6432,0.330000
baseline,grad_norm,6464,0.324700
baseline,grad_norm,6496,0.331800
baseline,grad_norm,6528,0.319300
baseline,grad_norm,6560,0.340900
baseline,grad_norm,6592,0.318500
baseline,grad_norm,6624,0.320200
baseline,grad_norm,6656,0.311400
baseline,grad_norm,6688,0.340300
baseline,grad_norm,6720,0.317200
baseline,grad_norm,6752,0.333000
baseline,grad_norm,6784,0.329100
baseline,grad_norm,6816,0.325700
baseline,grad_norm,6848,0.329300
baseline,grad_norm,6880,0.318400
baseline,grad_norm,6912,0.313900
baseline,grad_norm,6944,0.313100
baseline,grad_norm,6976,0.319700
baseline,grad_norm,7008,0.329200
baseline,grad_norm,7040,0.320800
baseline,grad_norm,7072,0.316900
baseline,grad_norm,7104,0.308300
baseline,grad_norm,7136,0.317800
baseline,grad_norm,7168,0.315800
baseline,grad_norm,7200,0.326800
baseline,grad_norm,7232,0.310600
baseline,grad_norm,7264,0.316500
baseline,grad_norm,7296,0.318100
baseline,grad_norm,7328,0.311300
baseline,grad_norm,7360,0.321500
baseline,grad_norm,7392,0.319600
baseline,grad_norm,7424,0.317100
baseline,grad_norm,7456,0.309400
baseline,grad_norm,7488,0.302700
baseline,grad_norm,7520,0.306600
baseline,grad_norm,7552,0.323400
baseline,grad_norm,7584,0.313300
baseline,grad_norm,7616,0.310000
baseline,grad_norm,7648,0.319400
baseline,grad_norm,7680,0.303100
baseline,grad_norm,7712,0.307600
baseline,grad_norm,7744,0.321200
baseline,grad_norm,7776,0.305100
baseline,grad_norm,7808,0.322800
baseline,grad_norm,7840,0.316200
baseline,grad_norm,7872,0.316200
baseline,grad_norm,7904,0.311500
baseline,grad_norm,7936,0.319400
baseline,grad_norm,7968,0.306700
baseline,grad_norm,8000,0.310900
baseline,grad_norm,8032,0.310500
baseline,grad_norm,8064,0.309300
baseline,grad_norm,8096,0.312900
baseline,grad_norm,8128,0.317400
baseline,grad_norm,8160,0.314500
baseline,grad_norm,8192,0.307000
baseline,grad_norm,8224,0.313800
baseline,grad_norm,8256,0.303200
baseline,grad_norm,8288,0.304800
baseline,grad_norm,8320,0.314400
baseline,grad_norm,8352,0.314300
baseline,grad_norm,8384,0.312800
baseline,grad_norm,8416,0.315900
baseline,grad_norm,8448,0.306200
baseline,grad_norm,8480,0.327600
baseline,grad_norm,8512,0.310300
baseline,grad_norm,8544,0.308600
baseline,grad_norm,8576,0.301000
baseline,grad_norm,8608,0.302400
baseline,grad_norm,8640,0.319900
baseline,grad_norm,8672,0.311700
baseline,grad_norm,8704,0.305200
baseline,grad_norm,8736,0.326400
baseline,grad_norm,8768,0.316300
baseline,grad_norm,8800,0.320000
baseline,grad_norm,8832,0.305200
baseline,grad_norm,8864,0.302700
baseline,grad_norm,8896,0.314200
baseline,grad_norm,8928,0.301900
baseline,grad_norm,8960,0.304900
baseline,grad_norm,8992,0.316400
baseline,grad_norm,9024,0.310700
baseline,grad_norm,9056,0.319800
baseline,grad_norm,9088,0.310600
baseline,grad_norm,9120,0.303700
baseline,grad_norm,9152,0.312600
baseline,grad_norm,9184,0.306600
baseline,grad_norm,9216,0.333000
baseline,grad_norm,9248,0.319400
baseline,grad_norm,9280,0.309700
baseline,grad_norm,9312,0.303200
baseline,grad_norm,9344,0.307000
baseline,grad_norm,9376,0.312900
baseline,grad_norm,9408,0.305500
baseline,grad_norm,9440,0.326200
baseline,grad_norm,9472,0.318200
baseline,grad_norm,9504,0.304800
baseline,grad_norm,9536,0.310700
baseline,grad_norm,9568,0.303700
baseline,grad_norm,9600,0.313900
baseline,grad_norm,9632,0.307500
baseline,grad_norm,9664,0.307700
baseline,grad_norm,9696,0.308600
baseline,grad_norm,9728,0.303100
baseline,grad_norm,9760,0.300500
baseline,grad_norm,9792,0.301700
baseline,grad_norm,9824,0.302500
baseline,grad_norm,9856,0.306900
baseline,grad_norm,9888,0.299700
baseline,grad_norm,9920,0.300200
baseline,grad_norm,9952,0.296100
baseline,grad_norm,9984,0.306200
baseline,grad_norm,10016,0.310900
baseline,grad_norm,10048,0.315400
baseline,grad_norm,10080,0.302900
baseline,grad_norm,10112,0.312000
baseline,grad_norm,10144,0.301500
baseline,grad_norm,10176,0.297100
baseline,grad_norm,10208,0.314600
baseline,grad_norm,10240,0.316700
baseline,grad_norm,10272,0.305700
baseline,grad_norm,10304,0.302100
baseline,grad_norm,10336,0.303800
baseline,grad_norm,10368,0.306800
baseline,grad_norm,10400,0.305000
baseline,grad_norm,10432,0.298600
baseline,grad_norm,10464,0.294800
baseline,grad_norm,10496,0.293400
baseline,grad_norm,10528,0.307800
baseline,grad_norm,10560,0.313800
baseline,grad_norm,10592,0.303200
baseline,grad_norm,10624,0.299200
baseline,grad_norm,10656,0.304400
baseline,grad_norm,10688,0.306100
baseline,grad_norm,10720,0.313800
baseline,grad_norm,10752,0.296300
baseline,grad_norm,10784,0.301400
baseline,grad_norm,10816,0.301600
baseline,grad_norm,10848,0.302300
baseline,grad_norm,10880,0.310100
baseline,grad_norm,10912,0.307600
baseline,grad_norm,10944,0.299700
baseline,grad_norm,10976,0.318400
baseline,grad_norm,11008,0.324000
baseline,grad_norm,11040,0.296300
baseline,grad_norm,11072,0.301400
baseline,grad_norm,11104,0.310000
baseline,grad_norm,11136,0.316300
baseline,grad_norm,11168,0.307700
baseline,grad_norm,11200,0.309300
baseline,grad_norm,11232,0.303800
baseline,grad_norm,11264,0.301500
baseline,grad_norm,11296,0.300800
baseline,grad_norm,11328,0.308600
baseline,grad_norm,11360,0.310300
baseline,grad_norm,11392,0.306200
baseline,grad_norm,11424,0.311900
baseline,grad_norm,11456,0.306800
baseline,grad_norm,11488,0.301900
baseline,grad_norm,11520,0.298400
baseline,grad_norm,11552,0.311800
baseline,grad_norm,11584,0.297200
baseline,grad_norm,11616,0.305800
baseline,grad_norm,11648,0.309400
baseline,grad_norm,11680,0.297500
baseline,grad_norm,11712,0.298200
baseline,grad_norm,11744,0.308000
baseline,grad_norm,11776,0.312700
baseline,grad_norm,11808,0.315700
baseline,grad_norm,11840,0.301900
baseline,grad_norm,11872,0.306800
baseline,grad_norm,11904,0.310300
baseline,grad_norm,11936,0.297300
baseline,grad_norm,11968,0.306400
baseline,grad_norm,12000,0.296100
baseline,grad_norm,12032,0.315900
baseline,grad_norm,12064,0.306800
baseline,grad_norm,12096,0.304000
baseline,grad_norm,12128,0.307500
baseline,grad_norm,12160,0.302800
baseline,grad_norm,12192,0.306400
baseline,grad_norm,12224,0.304700
baseline,grad_norm,12256,0.306800
baseline,grad_norm,12288,0.293500
baseline,grad_norm,12320,0.299700
baseline,grad_norm,12352,0.304800
baseline,grad_norm,12384,0.323700
baseline,grad_norm,12416,0.310400
baseline,grad_norm,12448,0.311700
baseline,grad_norm,12480,0.312200
baseline,grad_norm,12512,0.302700
baseline,grad_norm,12544,0.310900
baseline,grad_norm,12576,0.307900
baseline,grad_norm,12608,0.306600
baseline,grad_norm,12640,0.321600
baseline,grad_norm,12672,0.304400
baseline,grad_norm,12704,0.309500
baseline,grad_norm,12736,0.299700
baseline,grad_norm,12768,0.299300
baseline,grad_norm,12800,0.299600
baseline,grad_norm,12832,0.303700
baseline,grad_norm,12864,0.305400
baseline,grad_norm,12896,0.292300
baseline,grad_norm,12928,0.300400
baseline,grad_norm,12960,0.312500
baseline,grad_norm,12992,0.308700
baseline,grad_norm,13024,0.301800
baseline,grad_norm,13056,0.308700
baseline,grad_norm,13088,0.302600
baseline,grad_norm,13120,0.301100
baseline,grad_norm,13152,0.300500
baseline,grad_norm,13184,0.298400
baseline,grad_norm,13216,0.314400
baseline,grad_norm,13248,0.298500
baseline,grad_norm,13280,0.309300
baseline,grad_norm,13312,0.310000
baseline,grad_norm,13344,0.310800
baseline,grad_norm,13376,0.311300
baseline,grad_norm,13408,0.298100
baseline,grad_norm,13440,0.351100
baseline,grad_norm,13472,0.298800
baseline,grad_norm,13504,0.304900
baseline,grad_norm,13536,0.301100
baseline,grad_norm,13568,0.295200
baseline,grad_norm,13600,0.293000
baseline,grad_norm,13632,0.306800
baseline,grad_norm,13664,0.304400
baseline,grad_norm,13696,0.298800
baseline,grad_norm,13728,0.302900
baseline,grad_norm,13760,0.305000
baseline,grad_norm,13792,0.305700
baseline,grad_norm,13824,0.302100
baseline,grad_norm,13856,0.299500
baseline,grad_norm,13888,0.293400
baseline,grad_norm,13920,0.300900
baseline,grad_norm,13952,0.303000
baseline,grad_norm,13984,0.309000
baseline,grad_norm,14016,0.300900
baseline,grad_norm,14048,0.309600
baseline,grad_norm,14080,0.308000
baseline,grad_norm,14112,0.309800
baseline,grad_norm,14144,0.312300
baseline,grad_norm,14176,0.298600
baseline,grad_norm,14208,0.315100
baseline,grad_norm,14240,0.306200
baseline,grad_norm,14272,0.293400
baseline,grad_norm,14304,0.289900
baseline,grad_norm,14336,0.303300
baseline,grad_norm,14368,0.295500
baseline,grad_norm,14400,0.304900
baseline,grad_norm,14432,0.310600
baseline,grad_norm,14464,0.309700
baseline,grad_norm,14496,0.303100
baseline,grad_norm,14528,0.303200
baseline,grad_norm,14560,0.295500
baseline,grad_norm,14592,0.310600
baseline,grad_norm,14624,0.298100
baseline,grad_norm,14656,0.294800
baseline,grad_norm,14688,0.305500
baseline,grad_norm,14720,0.305100
baseline,grad_norm,14752,0.302900
baseline,grad_norm,14784,0.299300
baseline,grad_norm,14816,0.298800
baseline,grad_norm,14848,0.296900
baseline,grad_norm,14880,0.300500
baseline,grad_norm,14912,0.297400
baseline,grad_norm,14944,0.305400
baseline,grad_norm,14976,0.292800
baseline,grad_norm,15008,0.291000
baseline,grad_norm,15040,0.305500
baseline,grad_norm,15072,0.332600
baseline,grad_norm,15104,0.307800
baseline,grad_norm,15136,0.324000
baseline,grad_norm,15168,0.287200
baseline,grad_norm,15200,0.285600
baseline,grad_norm,15232,0.294000
baseline,grad_norm,15264,0.302600
baseline,grad_norm,15296,0.297100
baseline,grad_norm,15328,0.292000
baseline,grad_norm,15360,0.286400
baseline,grad_norm,15392,0.294000
baseline,grad_norm,15424,0.297300
baseline,grad_norm,15456,0.297900
baseline,grad_norm,15488,0.287700
baseline,grad_norm,15520,0.305200
baseline,grad_norm,15552,0.286600
baseline,grad_norm,15584,0.283300
baseline,grad_norm,15616,0.297600
baseline,grad_norm,15648,0.296000
baseline,grad_norm,15680,0.298400
baseline,grad_norm,15712,0.284600
baseline,grad_norm,15744,0.300800
baseline,grad_norm,15776,0.291400
baseline,grad_norm,15808,0.287400
baseline,grad_norm,15840,0.300700
baseline,grad_norm,15872,0.293000
baseline,grad_norm,15904,0.295000
baseline,grad_norm,15936,0.294900
baseline,grad_norm,15968,0.294000
baseline,grad_norm,16000,0.291000
baseline,grad_norm,16032,0.300600
streaming,train_loss,32,9.460700
streaming,train_loss,64,9.406920
streaming,train_loss,96,9.187270
streaming,train_loss,128,8.628780
streaming,train_loss,160,8.072620
streaming,train_loss,192,7.860900
streaming,train_loss,224,7.483800
streaming,train_loss,256,7.281880
streaming,train_loss,288,7.183520
streaming,train_loss,320,7.056740
streaming,train_loss,352,6.962480
streaming,train_loss,384,6.907900
streaming,train_loss,416,6.849240
streaming,train_loss,448,6.746540
streaming,train_loss,480,6.702710
streaming,train_loss,512,6.608070
streaming,train_loss,544,6.534800
streaming,train_loss,576,6.467270
streaming,train_loss,608,6.349770
streaming,train_loss,640,6.279610
streaming,train_loss,672,6.236240
streaming,train_loss,704,6.104650
streaming,train_loss,736,6.064000
streaming,train_loss,768,5.980730
streaming,train_loss,800,5.914060
streaming,train_loss,832,5.821290
streaming,train_loss,864,5.788590
streaming,train_loss,896,5.661100
streaming,train_loss,928,5.661890
streaming,train_loss,960,5.571980
streaming,train_loss,992,5.492730
streaming,train_loss,1024,5.440480
streaming,train_loss,1056,5.423740
streaming,train_loss,1088,5.391920
streaming,train_loss,1120,5.312450
streaming,train_loss,1152,5.325590
streaming,train_loss,1184,5.280450
streaming,train_loss,1216,5.193120
streaming,train_loss,1248,5.165510
streaming,train_loss,1280,5.165730
streaming,train_loss,1312,5.089510
streaming,train_loss,1344,5.064970
streaming,train_loss,1376,5.070450
streaming,train_loss,1408,5.024820
streaming,train_loss,1440,4.981560
streaming,train_loss,1472,4.938230
streaming,train_loss,1504,4.952510
streaming,train_loss,1536,4.899930
streaming,train_loss,1568,4.894340
streaming,train_loss,1600,4.876000
streaming,train_loss,1632,4.829270
streaming,train_loss,1664,4.800970
streaming,train_loss,1696,4.772330
streaming,train_loss,1728,4.749770
streaming,train_loss,1760,4.738420
streaming,train_loss,1792,4.732810
streaming,train_loss,1824,4.702520
streaming,train_loss,1856,4.661440
streaming,train_loss,1888,4.652210
streaming,train_loss,1920,4.606160
streaming,train_loss,1952,4.579850
streaming,train_loss,1984,4.619650
streaming,train_loss,2016,4.516080
streaming,train_loss,2048,4.548390
streaming,train_loss,2080,4.502290
streaming,train_loss,2112,4.511800
streaming,train_loss,2144,4.469720
streaming,train_loss,2176,4.463620
streaming,train_loss,2208,4.457320
streaming,train_loss,2240,4.408910
streaming,train_loss,2272,4.406410
streaming,train_loss,2304,4.416750
streaming,train_loss,2336,4.373830
streaming,train_loss,2368,4.368000
streaming,train_loss,2400,4.360750
streaming,train_loss,2432,4.326870
streaming,train_loss,2464,4.302350
streaming,train_loss,2496,4.274540
streaming,train_loss,2528,4.298540
streaming,train_loss,2560,4.309700
streaming,train_loss,2592,4.254990
streaming,train_loss,2624,4.234650
streaming,train_loss,2656,4.225660
streaming,train_loss,2688,4.209530
streaming,train_loss,2720,4.209640
streaming,train_loss,2752,4.202140
streaming,train_loss,2784,4.171730
streaming,train_loss,2816,4.161890
streaming,train_loss,2848,4.176530
streaming,train_loss,2880,4.210460
streaming,train_loss,2912,4.159810
streaming,train_loss,2944,4.134430
streaming,train_loss,2976,4.119110
streaming,train_loss,3008,4.125190
streaming,train_loss,3040,4.084120
streaming,train_loss,3072,4.114450
streaming,train_loss,3104,4.092830
streaming,train_loss,3136,4.110740
streaming,train_loss,3168,4.089570
streaming,train_loss,3200,4.043920
streaming,train_loss,3232,4.040270
streaming,train_loss,3264,4.042780
streaming,train_loss,3296,4.065060
streaming,train_loss,3328,4.033800
streaming,train_loss,3360,4.030430
streaming,train_loss,3392,4.015070
streaming,train_loss,3424,3.995050
streaming,train_loss,3456,3.977850
streaming,train_loss,3488,3.990440
streaming,train_loss,3520,3.974680
streaming,train_loss,3552,3.992060
streaming,train_loss,3584,3.946220
streaming,train_loss,3616,3.995200
streaming,train_loss,3648,3.939240
streaming,train_loss,3680,3.928770
streaming,train_loss,3712,3.929760
streaming,train_loss,3744,3.918550
streaming,train_loss,3776,3.949680
streaming,train_loss,3808,3.895660
streaming,train_loss,3840,3.888120
streaming,train_loss,3872,3.875860
streaming,train_loss,3904,3.892350
streaming,train_loss,3936,3.884860
streaming,train_loss,3968,3.868690
streaming,train_loss,4000,3.829670
streaming,train_loss,4032,3.866770
streaming,train_loss,4064,3.840220
streaming,train_loss,4096,3.852370
streaming,train_loss,4128,3.879710
streaming,train_loss,4160,3.825230
streaming,train_loss,4192,3.844660
streaming,train_loss,4224,3.845110
streaming,train_loss,4256,3.816850
streaming,train_loss,4288,3.880600
streaming,train_loss,4320,3.781840
streaming,train_loss,4352,3.829820
streaming,train_loss,4384,3.798840
streaming,train_loss,4416,3.783730
streaming,train_loss,4448,3.780810
streaming,train_loss,4480,3.796650
streaming,train_loss,4512,3.756260
streaming,train_loss,4544,3.777270
streaming,train_loss,4576,3.744480
streaming,train_loss,4608,3.773250
streaming,train_loss,4640,3.719370
streaming,train_loss,4672,3.762590
streaming,train_loss,4704,3.761100
streaming,train_loss,4736,3.781350
streaming,train_loss,4768,3.696880
streaming,train_loss,4800,3.746900
streaming,train_loss,4832,3.725860
streaming,train_loss,4864,3.684650
streaming,train_loss,4896,3.769890
streaming,train_loss,4928,3.669920
streaming,train_loss,4960,3.660460
streaming,train_loss,4992,3.684580
streaming,train_loss,5024,3.686720
streaming,train_loss,5056,3.678240
streaming,train_loss,5088,3.648140
streaming,train_loss,5120,3.695280
streaming,train_loss,5152,3.672240
streaming,train_loss,5184,3.623060
streaming,train_loss,5216,3.677910
streaming,train_loss,5248,3.624140
streaming,train_loss,5280,3.658800
streaming,train_loss,5312,3.623210
streaming,train_loss,5344,3.640640
streaming,train_loss,5376,3.656040
streaming,train_loss,5408,3.627000
streaming,train_loss,5440,3.596900
streaming,train_loss,5472,3.573130
streaming,train_loss,5504,3.587860
streaming,train_loss,5536,3.631440
streaming,train_loss,5568,3.561940
streaming,train_loss,5600,3.602390
streaming,train_loss,5632,3.590940
streaming,train_loss,5664,3.559420
streaming,train_loss,5696,3.559970
streaming,train_loss,5728,3.562910
streaming,train_loss,5760,3.556010
streaming,train_loss,5792,3.569330
streaming,train_loss,5824,3.557970
streaming,train_loss,5856,3.528300
streaming,train_loss,5888,3.527430
streaming,train_loss,5920,3.520720
streaming,train_loss,5952,3.544210
streaming,train_loss,5984,3.575350
streaming,train_loss,6016,3.521730
streaming,train_loss,6048,3.496920
streaming,train_loss,6080,3.478670
streaming,train_loss,6112,3.516220
streaming,train_loss,6144,3.514000
streaming,train_loss,6176,3.512050
streaming,train_loss,6208,3.503930
streaming,train_loss,6240,3.527360
streaming,train_loss,6272,3.519670
streaming,train_loss,6304,3.537630
streaming,train_loss,6336,3.523130
streaming,train_loss,6368,3.464610
streaming,train_loss,6400,3.483180
streaming,train_loss,6432,3.498790
streaming,train_loss,6464,3.474400
streaming,train_loss,6496,3.568660
streaming,train_loss,6528,3.463750
streaming,train_loss,6560,3.418810
streaming,train_loss,6592,3.440840
streaming,train_loss,6624,3.461130
streaming,train_loss,6656,3.469660
streaming,train_loss,6688,3.429460
streaming,train_loss,6720,3.417000
streaming,train_loss,6752,3.424100
streaming,train_loss,6784,3.431720
streaming,train_loss,6816,3.445820
streaming,train_loss,6848,3.467860
streaming,train_loss,6880,3.427850
streaming,train_loss,6912,3.438890
streaming,train_loss,6944,3.429190
streaming,train_loss,6976,3.460020
streaming,train_loss,7008,3.491920
streaming,train_loss,7040,3.423510
streaming,train_loss,7072,3.397310
streaming,train_loss,7104,3.391510
streaming,train_loss,7136,3.374700
streaming,train_loss,7168,3.360390
streaming,train_loss,7200,3.358210
streaming,train_loss,7232,3.358190
streaming,train_loss,7264,3.386900
streaming,train_loss,7296,3.423440
streaming,train_loss,7328,3.369490
streaming,train_loss,7360,3.374130
streaming,train_loss,7392,3.368620
streaming,train_loss,7424,3.395030
streaming,train_loss,7456,3.380590
streaming,train_loss,7488,3.350030
streaming,train_loss,7520,3.331730
streaming,train_loss,7552,3.354230
streaming,train_loss,7584,3.362660
streaming,train_loss,7616,3.331280
streaming,train_loss,7648,3.331900
streaming,train_loss,7680,3.364810
streaming,train_loss,7712,3.361160
streaming,train_loss,7744,3.308750
streaming,train_loss,7776,3.338840
streaming,train_loss,7808,3.307990
streaming,train_loss,7840,3.326920
streaming,train_loss,7872,3.349160
streaming,train_loss,7904,3.302220
streaming,train_loss,7936,3.323450
streaming,train_loss,7968,3.312310
streaming,train_loss,8000,3.314610
streaming,train_loss,8032,3.339680
streaming,train_loss,8064,3.336620
streaming,train_loss,8096,3.308760
streaming,train_loss,8128,3.277470
streaming,train_loss,8160,3.332530
streaming,train_loss,8192,3.341210
streaming,train_loss,8224,3.321700
streaming,train_loss,8256,3.351200
streaming,train_loss,8288,3.356040
streaming,train_loss,8320,3.313070
streaming,train_loss,8352,3.264790
streaming,train_loss,8384,3.300370
streaming,train_loss,8416,3.289540
streaming,train_loss,8448,3.288040
streaming,train_loss,8480,3.272500
streaming,train_loss,8512,3.324810
streaming,train_loss,8544,3.318400
streaming,train_loss,8576,3.285600
streaming,train_loss,8608,3.282830
streaming,train_loss,8640,3.286920
streaming,train_loss,8672,3.318630
streaming,train_loss,8704,3.260280
streaming,train_loss,8736,3.291040
streaming,train_loss,8768,3.277950
streaming,train_loss,8800,3.234600
streaming,train_loss,8832,3.280480
streaming,train_loss,8864,3.282010
streaming,train_loss,8896,3.268050
streaming,train_loss,8928,3.299670
streaming,train_loss,8960,3.290900
streaming,train_loss,8992,3.244450
streaming,train_loss,9024,3.203100
streaming,train_loss,9056,3.286290
streaming,train_loss,9088,3.241940
streaming,train_loss,9120,3.244720
streaming,train_loss,9152,3.272030
streaming,train_loss,9184,3.222210
streaming,train_loss,9216,3.259410
streaming,train_loss,9248,3.303320
streaming,train_loss,9280,3.226270
streaming,train_loss,9312,3.243980
streaming,train_loss,9344,3.251680
streaming,train_loss,9376,3.196930
streaming,train_loss,9408,3.231680
streaming,train_loss,9440,3.179980
streaming,train_loss,9472,3.208700
streaming,train_loss,9504,3.216910
streaming,train_loss,9536,3.194020
streaming,train_loss,9568,3.272380
streaming,train_loss,9600,3.246620
streaming,train_loss,9632,3.225880
streaming,train_loss,9664,3.214190
streaming,train_loss,9696,3.193420
streaming,train_loss,9728,3.228400
streaming,train_loss,9760,3.203820
streaming,train_loss,9792,3.205740
streaming,train_loss,9824,3.203430
streaming,train_loss,9856,3.209070
streaming,train_loss,9888,3.169440
streaming,train_loss,9920,3.167930
streaming,train_loss,9952,3.183210
streaming,train_loss,9984,3.174230
streaming,train_loss,10016,3.197600
streaming,train_loss,10048,3.207060
streaming,train_loss,10080,3.211510
streaming,train_loss,10112,3.209140
streaming,train_loss,10144,3.211930
streaming,train_loss,10176,3.160830
streaming,train_loss,10208,3.166050
streaming,train_loss,10240,3.205140
streaming,train_loss,10272,3.206770
streaming,train_loss,10304,3.237110
streaming,train_loss,10336,3.128200
streaming,train_loss,10368,3.172210
streaming,train_loss,10400,3.199990
streaming,train_loss,10432,3.194990
streaming,train_loss,10464,3.196780
streaming,train_loss,10496,3.196240
streaming,train_loss,10528,3.220720
streaming,train_loss,10560,3.142550
streaming,train_loss,10592,3.153580
streaming,train_loss,10624,3.168340
streaming,train_loss,10656,3.210150
streaming,train_loss,10688,3.177120
streaming,train_loss,10720,3.245460
streaming,train_loss,10752,3.142550
streaming,train_loss,10784,3.120100
streaming,train_loss,10816,3.146180
streaming,train_loss,10848,3.167590
streaming,train_loss,10880,3.179730
streaming,train_loss,10912,3.202990
streaming,train_loss,10944,3.169320
streaming,train_loss,10976,3.180170
streaming,train_loss,11008,3.119340
streaming,train_loss,11040,3.159270
streaming,train_loss,11072,3.127870
streaming,train_loss,11104,3.185920
streaming,train_loss,11136,3.162740
streaming,train_loss,11168,3.147920
streaming,train_loss,11200,3.108870
streaming,train_loss,11232,3.134450
streaming,train_loss,11264,3.164350
streaming,train_loss,11296,3.133690
streaming,train_loss,11328,3.176240
streaming,train_loss,11360,3.134230
streaming,train_loss,11392,3.159120
streaming,train_loss,11424,3.111280
streaming,train_loss,11456,3.146990
streaming,train_loss,11488,3.129100
streaming,train_loss,11520,3.129290
streaming,train_loss,11552,3.150900
streaming,train_loss,11584,3.085080
streaming,train_loss,11616,3.105520
streaming,train_loss,11648,3.091440
streaming,train_loss,11680,3.110570
streaming,train_loss,11712,3.077550
streaming,train_loss,11744,3.185160
streaming,train_loss,11776,3.157790
streaming,train_loss,11808,3.078830
streaming,train_loss,11840,3.156540
streaming,train_loss,11872,3.145910
streaming,train_loss,11904,3.088860
streaming,train_loss,11936,3.139200
streaming,train_loss,11968,3.114050
streaming,train_loss,12000,3.145950
streaming,train_loss,12032,3.101500
streaming,train_loss,12064,3.086190
streaming,train_loss,12096,3.119260
streaming,train_loss,12128,3.107250
streaming,train_loss,12160,3.067340
streaming,train_loss,12192,3.124540
streaming,train_loss,12224,3.149060
streaming,train_loss,12256,3.109220
streaming,train_loss,12288,3.089360
streaming,train_loss,12320,3.118510
streaming,train_loss,12352,3.090170
streaming,train_loss,12384,3.124600
streaming,train_loss,12416,3.125030
streaming,train_loss,12448,3.113210
streaming,train_loss,12480,3.130300
streaming,train_loss,12512,3.126660
streaming,train_loss,12544,3.091340
streaming,train_loss,12576,3.146180
streaming,train_loss,12608,3.117510
streaming,train_loss,12640,3.083060
streaming,train_loss,12672,3.089680
streaming,train_loss,12704,3.120950
streaming,train_loss,12736,3.054550
streaming,train_loss,12768,3.073240
streaming,train_loss,12800,3.060930
streaming,train_loss,12832,3.085960
streaming,train_loss,12864,3.104700
streaming,train_loss,12896,3.068790
streaming,train_loss,12928,3.044910
streaming,train_loss,12960,3.126580
streaming,train_loss,12992,3.052240
streaming,train_loss,13024,3.069930
streaming,train_loss,13056,3.086410
streaming,train_loss,13088,3.064010
streaming,train_loss,13120,3.042250
streaming,train_loss,13152,3.076360
streaming,train_loss,13184,3.042180
streaming,train_loss,13216,3.067720
streaming,train_loss,13248,3.081220
streaming,train_loss,13280,3.096910
streaming,train_loss,13312,3.062530
streaming,train_loss,13344,3.099220
streaming,train_loss,13376,3.111800
streaming,train_loss,13408,3.079710
streaming,train_loss,13440,3.044720
streaming,train_loss,13472,3.071590
streaming,train_loss,13504,3.115830
streaming,train_loss,13536,3.066600
streaming,train_loss,13568,3.106390
streaming,train_loss,13600,3.129940
streaming,train_loss,13632,3.064310
streaming,train_loss,13664,3.105170
streaming,train_loss,13696,3.067020
streaming,train_loss,13728,3.091630
streaming,train_loss,13760,3.067040
streaming,train_loss,13792,3.061690
streaming,train_loss,13824,3.064210
streaming,train_loss,13856,3.053090
streaming,train_loss,13888,3.079920
streaming,train_loss,13920,3.068690
streaming,train_loss,13952,3.070190
streaming,train_loss,13984,3.107990
streaming,train_loss,14016,3.078790
streaming,train_loss,14048,3.080530
streaming,train_loss,14080,3.073440
streaming,train_loss,14112,3.130150
streaming,train_loss,14144,3.108990
streaming,train_loss,14176,3.076530
streaming,train_loss,14208,3.099110
streaming,train_loss,14240,3.065990
streaming,train_loss,14272,3.113640
streaming,train_loss,14304,3.058900
streaming,train_loss,14336,3.112170
streaming,train_loss,14368,3.086120
streaming,train_loss,14400,3.101830
streaming,train_loss,14432,3.043280
streaming,train_loss,14464,3.110630
streaming,train_loss,14496,3.135960
streaming,train_loss,14528,3.091880
streaming,train_loss,14560,3.097870
streaming,train_loss,14592,3.086420
streaming,train_loss,14624,3.059240
streaming,train_loss,14656,3.083040
streaming,train_loss,14688,3.082870
streaming,train_loss,14720,3.080580
streaming,train_loss,14752,3.082640
streaming,train_loss,14784,3.062430
streaming,train_loss,14816,3.051300
streaming,train_loss,14848,3.116930
streaming,train_loss,14880,3.077120
streaming,train_loss,14912,3.121940
streaming,train_loss,14944,3.026480
streaming,train_loss,14976,3.072630
streaming,train_loss,15008,3.094320
streaming,train_loss,15040,3.063880
streaming,train_loss,15072,3.029830
streaming,train_loss,15104,3.092460
streaming,train_loss,15136,3.068300
streaming,train_loss,15168,3.063010
streaming,train_loss,15200,3.028820
streaming,train_loss,15232,3.006780
streaming,train_loss,15264,3.054740
streaming,train_loss,15296,3.049790
streaming,train_loss,15328,3.019270
streaming,train_loss,15360,3.025490
streaming,train_loss,15392,3.034250
streaming,train_loss,15424,3.024070
streaming,train_loss,15456,3.017580
streaming,train_loss,15488,3.027450
streaming,train_loss,15520,3.037840
streaming,train_loss,15552,3.047280
streaming,train_loss,15584,2.991230
streaming,train_loss,15616,3.041220
streaming,train_loss,15648,3.034150
streaming,train_loss,15680,3.000570
streaming,train_loss,15712,3.037990
streaming,train_loss,15744,2.995070
streaming,train_loss,15776,3.006850
streaming,train_loss,15808,3.005250
streaming,train_loss,15840,2.994460
streaming,train_loss,15872,3.003780
streaming,train_loss,15904,3.054970
streaming,train_loss,15936,3.013910
streaming,train_loss,15968,3.045260
streaming,train_loss,16000,3.006260
streaming,train_loss,16032,3.028370
streaming,eval_loss,321,6.986570
streaming,eval_loss,642,6.193560
streaming,eval_loss,963,5.551460
streaming,eval_loss,1284,5.123560
streaming,eval_loss,1605,4.852260
streaming,eval_loss,1926,4.616520
streaming,eval_loss,2247,4.427580
streaming,eval_loss,2568,4.287280
streaming,eval_loss,2889,4.172280
streaming,eval_loss,3210,4.058740
streaming,eval_loss,3531,3.990610
streaming,eval_loss,3852,3.907180
streaming,eval_loss,4173,3.854980
streaming,eval_loss,4494,3.793510
streaming,eval_loss,4815,3.731570
streaming,eval_loss,5136,3.678290
streaming,eval_loss,5457,3.618270
streaming,eval_loss,5778,3.577450
streaming,eval_loss,6099,3.528950
streaming,eval_loss,6420,3.493670
streaming,eval_loss,6741,3.455320
streaming,eval_loss,7062,3.415590
streaming,eval_loss,7383,3.384450
streaming,eval_loss,7704,3.355000
streaming,eval_loss,8025,3.330770
streaming,eval_loss,8346,3.308830
streaming,eval_loss,8667,3.288570
streaming,eval_loss,8988,3.267600
streaming,eval_loss,9309,3.245920
streaming,eval_loss,9630,3.229720
streaming,eval_loss,9951,3.210150
streaming,eval_loss,10272,3.199170
streaming,eval_loss,10593,3.185380
streaming,eval_loss,10914,3.175140
streaming,eval_loss,11235,3.162710
streaming,eval_loss,11556,3.150490
streaming,eval_loss,11877,3.140870
streaming,eval_loss,12198,3.133750
streaming,eval_loss,12519,3.123020
streaming,eval_loss,12840,3.111150
streaming,eval_loss,13161,3.104210
streaming,eval_loss,13482,3.103830
streaming,eval_loss,13803,3.090050
streaming,eval_loss,14124,3.086660
streaming,eval_loss,14445,3.076910
streaming,eval_loss,14766,3.070460
streaming,eval_loss,15087,3.065920
streaming,eval_loss,15408,3.059400
streaming,eval_loss,15729,3.052140
streaming,eval_loss,16050,3.048570
streaming,grad_norm,32,0.443900
streaming,grad_norm,64,0.452900
streaming,grad_norm,96,0.746800
streaming,grad_norm,128,1.422600
streaming,grad_norm,160,1.263200
streaming,grad_norm,192,0.847200
streaming,grad_norm,224,0.643400
streaming,grad_norm,256,0.709700
streaming,grad_norm,288,0.570200
streaming,grad_norm,320,0.455500
streaming,grad_norm,352,0.444600
streaming,grad_norm,384,0.486300
streaming,grad_norm,416,0.609400
streaming,grad_norm,448,0.418000
streaming,grad_norm,480,0.525900
streaming,grad_norm,512,0.601600
streaming,grad_norm,544,0.421300
streaming,grad_norm,576,0.535800
streaming,grad_norm,608,0.506400
streaming,grad_norm,640,0.394100
streaming,grad_norm,672,0.487800
streaming,grad_norm,704,0.442200
streaming,grad_norm,736,0.454000
streaming,grad_norm,768,0.491400
streaming,grad_norm,800,0.435600
streaming,grad_norm,832,0.475100
streaming,grad_norm,864,0.529500
streaming,grad_norm,896,0.530800
streaming,grad_norm,928,0.469500
streaming,grad_norm,960,0.485100
streaming,grad_norm,992,0.462700
streaming,grad_norm,1024,0.439800
streaming,grad_norm,1056,0.448700
streaming,grad_norm,1088,0.469600
streaming,grad_norm,1120,0.452900
streaming,grad_norm,1152,0.460100
streaming,grad_norm,1184,0.471600
streaming,grad_norm,1216,0.500100
streaming,grad_norm,1248,0.464200
streaming,grad_norm,1280,0.453400
streaming,grad_norm,1312,0.443500
streaming,grad_norm,1344,0.449200
streaming,grad_norm,1376,0.492500
streaming,grad_norm,1408,0.512200
streaming,grad_norm,1440,0.426600
streaming,grad_norm,1472,0.557900
streaming,grad_norm,1504,0.424100
streaming,grad_norm,1536,0.458200
streaming,grad_norm,1568,0.486000
streaming,grad_norm,1600,0.459800
streaming,grad_norm,1632,0.437500
streaming,grad_norm,1664,0.444400
streaming,grad_norm,1696,0.443200
streaming,grad_norm,1728,0.432100
streaming,grad_norm,1760,0.424800
streaming,grad_norm,1792,0.462000
streaming,grad_norm,1824,0.493000
streaming,grad_norm,1856,0.440200
streaming,grad_norm,1888,0.449600
streaming,grad_norm,1920,0.425600
streaming,grad_norm,1952,0.430500
streaming,grad_norm,1984,0.465300
streaming,grad_norm,2016,0.444400
streaming,grad_norm,2048,0.419600
streaming,grad_norm,2080,0.442500
streaming,grad_norm,2112,0.427500
streaming,grad_norm,2144,0.414800
streaming,grad_norm,2176,0.436600
streaming,grad_norm,2208,0.450600
streaming,grad_norm,2240,0.432500
streaming,grad_norm,2272,0.457800
streaming,grad_norm,2304,0.472400
streaming,grad_norm,2336,0.462700
streaming,grad_norm,2368,1.119100
streaming,grad_norm,2400,0.448600
streaming,grad_norm,2432,0.461300
streaming,grad_norm,2464,0.434800
streaming,grad_norm,2496,0.444000
streaming,grad_norm,2528,0.442200
streaming,grad_norm,2560,0.438200
streaming,grad_norm,2592,0.426100
streaming,grad_norm,2624,0.423000
streaming,grad_norm,2656,0.424700
streaming,grad_norm,2688,0.426200
streaming,grad_norm,2720,0.443700
streaming,grad_norm,2752,0.434900
streaming,grad_norm,2784,0.427500
streaming,grad_norm,2816,0.431300
streaming,grad_norm,2848,0.466500
streaming,grad_norm,2880,0.471100
streaming,grad_norm,2912,0.438400
streaming,grad_norm,2944,0.443900
streaming,grad_norm,2976,0.422600
streaming,grad_norm,3008,0.431700
streaming,grad_norm,3040,0.418700
streaming,grad_norm,3072,0.411300
streaming,grad_norm,3104,0.411600
streaming,grad_norm,3136,0.428800
streaming,grad_norm,3168,0.417800
streaming,grad_norm,3200,0.423700
streaming,grad_norm,3232,0.413300
streaming,grad_norm,3264,0.412800
streaming,grad_norm,3296,0.410500
streaming,grad_norm,3328,0.418400
streaming,grad_norm,3360,0.434500
streaming,grad_norm,3392,0.433800
streaming,grad_norm,3424,0.397900
streaming,grad_norm,3456,0.413300
streaming,grad_norm,3488,0.438800
streaming,grad_norm,3520,0.419200
streaming,grad_norm,3552,0.417200
streaming,grad_norm,3584,0.433800
streaming,grad_norm,3616,0.453300
streaming,grad_norm,3648,0.426800
streaming,grad_norm,3680,0.396400
streaming,grad_norm,3712,0.402700
streaming,grad_norm,3744,0.401000
streaming,grad_norm,3776,0.409600
streaming,grad_norm,3808,0.435500
streaming,grad_norm,3840,0.410700
streaming,grad_norm,3872,0.408400
streaming,grad_norm,3904,0.410100
streaming,grad_norm,3936,0.434300
streaming,grad_norm,3968,0.417500
streaming,grad_norm,4000,0.408600
streaming,grad_norm,4032,0.407600
streaming,grad_norm,4064,0.419500
streaming,grad_norm,4096,0.415800
streaming,grad_norm,4128,0.393600
streaming,grad_norm,4160,0.410800
streaming,grad_norm,4192,0.421900
streaming,grad_norm,4224,0.435700
streaming,grad_norm,4256,0.402000
streaming,grad_norm,4288,0.417100
streaming,grad_norm,4320,0.399000
streaming,grad_norm,4352,0.410200
streaming,grad_norm,4384,0.417600
streaming,grad_norm,4416,0.397100
streaming,grad_norm,4448,0.421000
streaming,grad_norm,4480,0.398100
streaming,grad_norm,4512,0.402400
streaming,grad_norm,4544,0.415700
streaming,grad_norm,4576,0.405200
streaming,grad_norm,4608,0.407200
streaming,grad_norm,4640,0.400900
streaming,grad_norm,4672,0.396700
streaming,grad_norm,4704,0.395000
streaming,grad_norm,4736,0.406000
streaming,grad_norm,4768,0.395700
streaming,grad_norm,4800,0.407200
streaming,grad_norm,4832,0.399200
streaming,grad_norm,4864,0.393500
streaming,grad_norm,4896,0.390600
streaming,grad_norm,4928,0.389600
streaming,grad_norm,4960,0.396800
streaming,grad_norm,4992,0.396800
streaming,grad_norm,5024,0.399800
streaming,grad_norm,5056,0.415000
streaming,grad_norm,5088,0.397700
streaming,grad_norm,5120,0.384300
streaming,grad_norm,5152,0.403900
streaming,grad_norm,5184,0.381900
streaming,grad_norm,5216,0.383500
streaming,grad_norm,5248,0.386000
streaming,grad_norm,5280,0.397300
streaming,grad_norm,5312,0.386200
streaming,grad_norm,5344,0.393400
streaming,grad_norm,5376,0.383200
streaming,grad_norm,5408,0.389200
streaming,grad_norm,5440,0.386500
streaming,grad_norm,5472,0.375600
streaming,grad_norm,5504,0.391200
streaming,grad_norm,5536,0.389100
streaming,grad_norm,5568,0.375600
streaming,grad_norm,5600,0.390300
streaming,grad_norm,5632,0.377300
streaming,grad_norm,5664,0.391000
streaming,grad_norm,5696,0.383300
streaming,grad_norm,5728,0.377100
streaming,grad_norm,5760,0.383700
streaming,grad_norm,5792,0.392900
streaming,grad_norm,5824,0.374200
streaming,grad_norm,5856,0.372400
streaming,grad_norm,5888,0.373400
streaming,grad_norm,5920,0.366600
streaming,grad_norm,5952,0.377500
streaming,grad_norm,5984,0.376300
streaming,grad_norm,6016,0.390800
streaming,grad_norm,6048,0.379400
streaming,grad_norm,6080,0.380700
streaming,grad_norm,6112,0.378500
streaming,grad_norm,6144,0.376000
streaming,grad_norm,6176,0.365600
streaming,grad_norm,6208,0.368300
streaming,grad_norm,6240,0.369000
streaming,grad_norm,6272,0.380300
streaming,grad_norm,6304,0.396200
streaming,grad_norm,6336,0.366100
streaming,grad_norm,6368,0.374000
streaming,grad_norm,6400,0.373100
streaming,grad_norm,6432,0.377400
streaming,grad_norm,6464,0.366900
streaming,grad_norm,6496,0.372500
streaming,grad_norm,6528,0.354000
streaming,grad_norm,6560,0.375700
streaming,grad_norm,6592,0.366400
streaming,grad_norm,6624,0.359300
streaming,grad_norm,6656,0.347500
streaming,grad_norm,6688,0.393600
streaming,grad_norm,6720,0.365500
streaming,grad_norm,6752,0.381900
streaming,grad_norm,6784,0.369800
streaming,grad_norm,6816,0.371700
streaming,grad_norm,6848,0.352500
streaming,grad_norm,6880,0.359000
streaming,grad_norm,6912,0.358300
streaming,grad_norm,6944,0.369600
streaming,grad_norm,6976,0.365300
streaming,grad_norm,7008,0.380900
streaming,grad_norm,7040,0.362400
streaming,grad_norm,7072,0.358400
streaming,grad_norm,7104,0.357100
streaming,grad_norm,7136,0.358800
streaming,grad_norm,7168,0.351500
streaming,grad_norm,7200,0.368300
streaming,grad_norm,7232,0.347700
streaming,grad_norm,7264,0.362100
streaming,grad_norm,7296,0.363700
streaming,grad_norm,7328,0.354800
streaming,grad_norm,7360,0.364000
streaming,grad_norm,7392,0.362100
streaming,grad_norm,7424,0.360100
streaming,grad_norm,7456,0.360500
streaming,grad_norm,7488,0.344900
streaming,grad_norm,7520,0.352400
streaming,grad_norm,7552,0.354900
streaming,grad_norm,7584,0.344100
streaming,grad_norm,7616,0.352200
streaming,grad_norm,7648,0.372500
streaming,grad_norm,7680,0.345600
streaming,grad_norm,7712,0.350100
streaming,grad_norm,7744,0.368800
streaming,grad_norm,7776,0.347500
streaming,grad_norm,7808,0.362700
streaming,grad_norm,7840,0.356900
streaming,grad_norm,7872,0.353400
streaming,grad_norm,7904,0.357500
streaming,grad_norm,7936,0.364400
streaming,grad_norm,7968,0.344600
streaming,grad_norm,8000,0.364700
streaming,grad_norm,8032,0.356000
streaming,grad_norm,8064,0.353600
streaming,grad_norm,8096,0.364100
streaming,grad_norm,8128,0.357600
streaming,grad_norm,8160,0.357300
streaming,grad_norm,8192,0.348400
streaming,grad_norm,8224,0.363200
streaming,grad_norm,8256,0.341000
streaming,grad_norm,8288,0.348100
streaming,grad_norm,8320,0.360300
streaming,grad_norm,8352,0.355900
streaming,grad_norm,8384,0.352000
streaming,grad_norm,8416,0.362600
streaming,grad_norm,8448,0.347900
streaming,grad_norm,8480,0.354400
streaming,grad_norm,8512,0.351400
streaming,grad_norm,8544,0.348700
streaming,grad_norm,8576,0.337800
streaming,grad_norm,8608,0.347000
streaming,grad_norm,8640,0.363700
streaming,grad_norm,8672,0.359800
streaming,grad_norm,8704,0.360100
streaming,grad_norm,8736,0.368100
streaming,grad_norm,8768,0.349800
streaming,grad_norm,8800,0.349300
streaming,grad_norm,8832,0.345000
streaming,grad_norm,8864,0.344700
streaming,grad_norm,8896,0.347100
streaming,grad_norm,8928,0.349300
streaming,grad_norm,8960,0.357100
streaming,grad_norm,8992,0.354700
streaming,grad_norm,9024,0.374100
streaming,grad_norm,9056,0.358500
streaming,grad_norm,9088,0.347300
streaming,grad_norm,9120,0.345800
streaming,grad_norm,9152,0.354000
streaming,grad_norm,9184,0.347800
streaming,grad_norm,9216,0.438700
streaming,grad_norm,9248,0.369100
streaming,grad_norm,9280,0.348500
streaming,grad_norm,9312,0.347200
streaming,grad_norm,9344,0.362000
streaming,grad_norm,9376,0.343000
streaming,grad_norm,9408,0.350900
streaming,grad_norm,9440,0.365700
streaming,grad_norm,9472,0.350200
streaming,grad_norm,9504,0.354200
streaming,grad_norm,9536,0.349900
streaming,grad_norm,9568,0.345500
streaming,grad_norm,9600,0.359400
streaming,grad_norm,9632,0.342600
streaming,grad_norm,9664,0.348400
streaming,grad_norm,9696,0.365400
streaming,grad_norm,9728,0.344500
streaming,grad_norm,9760,0.344000
streaming,grad_norm,9792,0.345000
streaming,grad_norm,9824,0.348800
streaming,grad_norm,9856,0.348900
streaming,grad_norm,9888,0.350300
streaming,grad_norm,9920,0.339300
streaming,grad_norm,9952,0.345100
streaming,grad_norm,9984,0.347600
streaming,grad_norm,10016,0.347900
streaming,grad_norm,10048,0.347600
streaming,grad_norm,10080,0.346900
streaming,grad_norm,10112,0.351700
streaming,grad_norm,10144,0.353100
streaming,grad_norm,10176,0.340700
streaming,grad_norm,10208,0.348100
streaming,grad_norm,10240,0.355800
streaming,grad_norm,10272,0.344600
streaming,grad_norm,10304,0.340400
streaming,grad_norm,10336,0.347200
streaming,grad_norm,10368,0.354100
streaming,grad_norm,10400,0.352700
streaming,grad_norm,10432,0.349000
streaming,grad_norm,10464,0.342000
streaming,grad_norm,10496,0.338000
streaming,grad_norm,10528,0.348000
streaming,grad_norm,10560,0.356900
streaming,grad_norm,10592,0.341600
streaming,grad_norm,10624,0.343300
streaming,grad_norm,10656,0.352200
streaming,grad_norm,10688,0.349400
streaming,grad_norm,10720,0.353500
streaming,grad_norm,10752,0.334300
streaming,grad_norm,10784,0.344900
streaming,grad_norm,10816,0.348700
streaming,grad_norm,10848,0.355000
streaming,grad_norm,10880,0.344600
streaming,grad_norm,10912,0.344700
streaming,grad_norm,10944,0.341100
streaming,grad_norm,10976,0.366600
streaming,grad_norm,11008,0.404700
streaming,grad_norm,11040,0.340500
streaming,grad_norm,11072,0.339900
streaming,grad_norm,11104,0.344600
streaming,grad_norm,11136,0.345300
streaming,grad_norm,11168,0.356700
streaming,grad_norm,11200,0.351700
streaming,grad_norm,11232,0.347100
streaming,grad_norm,11264,0.344400
streaming,grad_norm,11296,0.339900
streaming,grad_norm,11328,0.342000
streaming,grad_norm,11360,0.349200
streaming,grad_norm,11392,0.360300
streaming,grad_norm,11424,0.347700
streaming,grad_norm,11456,0.351300
streaming,grad_norm,11488,0.343200
streaming,grad_norm,11520,0.337600
streaming,grad_norm,11552,0.355400
streaming,grad_norm,11584,0.344800
streaming,grad_norm,11616,0.344300
streaming,grad_norm,11648,0.351700
streaming,grad_norm,11680,0.336300
streaming,grad_norm,11712,0.334200
streaming,grad_norm,11744,0.356400
streaming,grad_norm,11776,0.342600
streaming,grad_norm,11808,0.351200
streaming,grad_norm,11840,0.342600
streaming,grad_norm,11872,0.348100
streaming,grad_norm,11904,0.353000
streaming,grad_norm,11936,0.337900
streaming,grad_norm,11968,0.339300
streaming,grad_norm,12000,0.338800
streaming,grad_norm,12032,0.343700
streaming,grad_norm,12064,0.341200
streaming,grad_norm,12096,0.348100
streaming,grad_norm,12128,0.340200
streaming,grad_norm,12160,0.341500
streaming,grad_norm,12192,0.347900
streaming,grad_norm,12224,0.347100
streaming,grad_norm,12256,0.352800
streaming,grad_norm,12288,0.337100
streaming,grad_norm,12320,0.341800
streaming,grad_norm,12352,0.347600
streaming,grad_norm,12384,0.357800
streaming,grad_norm,12416,0.348100
streaming,grad_norm,12448,0.359600
streaming,grad_norm,12480,0.345300
streaming,grad_norm,12512,0.344600
streaming,grad_norm,12544,0.348300
streaming,grad_norm,12576,0.365600
streaming,grad_norm,12608,0.350600
streaming,grad_norm,12640,0.353600
streaming,grad_norm,12672,0.345400
streaming,grad_norm,12704,0.358100
streaming,grad_norm,12736,0.345200
streaming,grad_norm,12768,0.338500
streaming,grad_norm,12800,0.343500
streaming,grad_norm,12832,0.336100
streaming,grad_norm,12864,0.347400
streaming,grad_norm,12896,0.334600
streaming,grad_norm,12928,0.335000
streaming,grad_norm,12960,0.343200
streaming,grad_norm,12992,0.364900
streaming,grad_norm,13024,0.339700
streaming,grad_norm,13056,0.350600
streaming,grad_norm,13088,0.337600
streaming,grad_norm,13120,0.344800
streaming,grad_norm,13152,0.347900
streaming,grad_norm,13184,0.342300
streaming,grad_norm,13216,0.352800
streaming,grad_norm,13248,0.348300
streaming,grad_norm,13280,0.360500
streaming,grad_norm,13312,0.345300
streaming,grad_norm,13344,0.345000
streaming,grad_norm,13376,0.364600
streaming,grad_norm,13408,0.350100
streaming,grad_norm,13440,0.357600
streaming,grad_norm,13472,0.338000
streaming,grad_norm,13504,0.368500
streaming,grad_norm,13536,0.346800
streaming,grad_norm,13568,0.333700
streaming,grad_norm,13600,0.341700
streaming,grad_norm,13632,0.346500
streaming,grad_norm,13664,0.340300
streaming,grad_norm,13696,0.332400
streaming,grad_norm,13728,0.353800
streaming,grad_norm,13760,0.339100
streaming,grad_norm,13792,0.376600
streaming,grad_norm,13824,0.341600
streaming,grad_norm,13856,0.335800
streaming,grad_norm,13888,0.332800
streaming,grad_norm,13920,0.335300
streaming,grad_norm,13952,0.337400
streaming,grad_norm,13984,0.370800
streaming,grad_norm,14016,0.336500
streaming,grad_norm,14048,0.347100
streaming,grad_norm,14080,0.352200
streaming,grad_norm,14112,0.343700
streaming,grad_norm,14144,0.351000
streaming,grad_norm,14176,0.348800
streaming,grad_norm,14208,0.354500
streaming,grad_norm,14240,0.340500
streaming,grad_norm,14272,0.338500
streaming,grad_norm,14304,0.335300
streaming,grad_norm,14336,0.348700
streaming,grad_norm,14368,0.329700
streaming,grad_norm,14400,0.349400
streaming,grad_norm,14432,0.336000
streaming,grad_norm,14464,0.340300
streaming,grad_norm,14496,0.342500
streaming,grad_norm,14528,0.344900
streaming,grad_norm,14560,0.336400
streaming,grad_norm,14592,0.349200
streaming,grad_norm,14624,0.340400
streaming,grad_norm,14656,0.335000
streaming,grad_norm,14688,0.339800
streaming,grad_norm,14720,0.341500
streaming,grad_norm,14752,0.350400
streaming,grad_norm,14784,0.348600
streaming,grad_norm,14816,0.334300
streaming,grad_norm,14848,0.341000
streaming,grad_norm,14880,0.341000
streaming,grad_norm,14912,0.338700
streaming,grad_norm,14944,0.342100
streaming,grad_norm,14976,0.328700
streaming,grad_norm,15008,0.333100
streaming,grad_norm,15040,0.343400
streaming,grad_norm,15072,0.345700
streaming,grad_norm,15104,0.335800
streaming,grad_norm,15136,0.369200
streaming,grad_norm,15168,0.333200
streaming,grad_norm,15200,0.328500
streaming,grad_norm,15232,0.335100
streaming,grad_norm,15264,0.331800
streaming,grad_norm,15296,0.339600
streaming,grad_norm,15328,0.335400
streaming,grad_norm,15360,0.327500
streaming,grad_norm,15392,0.338900
streaming,grad_norm,15424,0.339600
streaming,grad_norm,15456,0.334400
streaming,grad_norm,15488,0.338400
streaming,grad_norm,15520,0.338600
streaming,grad_norm,15552,0.327500
streaming,grad_norm,15584,0.325800
streaming,grad_norm,15616,0.332200
streaming,grad_norm,15648,0.340600
streaming,grad_norm,15680,0.332400
streaming,grad_norm,15712,0.321100
streaming,grad_norm,15744,0.329300
streaming,grad_norm,15776,0.332800
streaming,grad_norm,15808,0.326000
streaming,grad_norm,15840,0.331100
streaming,grad_norm,15872,0.328600
streaming,grad_norm,15904,0.333900
streaming,grad_norm,15936,0.336600
streaming,grad_norm,15968,0.335400
streaming,grad_norm,16000,0.329600
streaming,grad_norm,16032,0.343500
async,train_loss,32,9.459090
async,train_loss,64,9.403180
async,train_loss,96,9.177180
async,train_loss,128,9.078080
async,train_loss,160,7.754050
async,train_loss,192,7.475900
async,train_loss,224,7.196330
async,train_loss,256,7.072580
async,train_loss,288,7.002160
async,train_loss,320,7.627460
async,train_loss,352,7.223280
async,train_loss,384,6.953550
async,train_loss,416,7.383050
async,train_loss,448,7.005570
async,train_loss,480,6.834750
async,train_loss,512,7.250590
async,train_loss,544,7.320890
async,train_loss,576,6.884700
async,train_loss,608,7.200110
async,train_loss,640,7.518780
async,train_loss,672,6.920590
async,train_loss,704,7.171140
async,train_loss,736,7.949070
async,train_loss,768,6.950950
async,train_loss,800,6.760520
async,train_loss,832,8.749420
async,train_loss,864,7.220640
async,train_loss,896,6.841110
async,train_loss,928,7.678100
async,train_loss,960,6.920080
async,train_loss,992,6.724980
async,train_loss,1024,8.726070
async,train_loss,1056,7.367230
async,train_loss,1088,6.857400
async,train_loss,1120,8.342080
async,train_loss,1152,7.200730
async,train_loss,1184,6.728260
async,train_loss,1216,8.108680
async,train_loss,1248,7.305770
async,train_loss,1280,6.752210
async,train_loss,1312,8.360900
async,train_loss,1344,8.337370
async,train_loss,1376,7.226140
async,train_loss,1408,7.466410
async,train_loss,1440,7.971280
async,train_loss,1472,7.174930
async,train_loss,1504,7.291950
async,train_loss,1536,8.133220
async,train_loss,1568,6.969530
async,train_loss,1600,6.700230
async,train_loss,1632,8.894920
async,train_loss,1664,7.355810
async,train_loss,1696,6.961350
async,train_loss,1728,8.137130
async,train_loss,1760,7.408230
async,train_loss,1792,7.028170
async,train_loss,1824,7.185590
async,train_loss,1856,6.996820
async,train_loss,1888,6.877290
async,train_loss,1920,7.944580
async,train_loss,1952,7.370730
async,train_loss,1984,6.973720
async,train_loss,2016,7.232460
async,train_loss,2048,7.208810
async,train_loss,2080,6.968430
async,train_loss,2112,6.921020
async,train_loss,2144,6.958700
async,train_loss,2176,6.868120
async,train_loss,2208,6.969750
async,train_loss,2240,7.306030
async,train_loss,2272,7.104920
async,train_loss,2304,7.069590
async,train_loss,2336,7.251770
async,train_loss,2368,6.854200
async,train_loss,2400,6.775210
async,train_loss,2432,7.208510
async,train_loss,2464,6.868990
async,train_loss,2496,6.700160
async,train_loss,2528,7.732870
async,train_loss,2560,7.299760
async,train_loss,2592,6.977540
async,train_loss,2624,7.311510
async,train_loss,2656,7.153300
async,train_loss,2688,6.988710
async,train_loss,2720,7.693950
async,train_loss,2752,7.274230
async,train_loss,2784,7.027880
async,train_loss,2816,7.241740
async,train_loss,2848,7.256010
async,train_loss,2880,6.973880
async,train_loss,2912,7.090030
async,train_loss,2944,7.301460
async,train_loss,2976,7.040660
async,train_loss,3008,7.172150
async,train_loss,3040,7.433760
async,train_loss,3072,7.005540
async,train_loss,3104,6.956310
async,train_loss,3136,7.297530
async,train_loss,3168,6.875700
async,train_loss,3200,6.718460
async,train_loss,3232,7.939720
async,train_loss,3264,7.469520
async,train_loss,3296,7.161570
async,train_loss,3328,7.509610
async,train_loss,3360,7.293860
async,train_loss,3392,7.074650
async,train_loss,3424,7.962340
async,train_loss,3456,7.459620
async,train_loss,3488,7.066430
async,train_loss,3520,7.280750
async,train_loss,3552,7.170820
async,train_loss,3584,6.938320
async,train_loss,3616,7.618480
async,train_loss,3648,8.069360
async,train_loss,3680,7.673730
async,train_loss,3712,7.755630
async,train_loss,3744,7.935970
async,train_loss,3776,7.574180
async,train_loss,3808,7.309590
async,train_loss,3840,7.080690
async,train_loss,3872,7.004280
async,train_loss,3904,7.181280
async,train_loss,3936,8.558870
async,train_loss,3968,7.729550
async,train_loss,4000,7.345260
async,train_loss,4032,7.166880
async,train_loss,4064,6.911150
async,train_loss,4096,6.834560
async,train_loss,4128,8.140760
async,train_loss,4160,7.960370
async,train_loss,4192,7.636410
async,train_loss,4224,7.827850
async,train_loss,4256,7.637520
async,train_loss,4288,7.366520
async,train_loss,4320,7.392290
async,train_loss,4352,7.052960
async,train_loss,4384,6.823920
async,train_loss,4416,7.420250
async,train_loss,4448,7.558540
async,train_loss,4480,7.101890
async,train_loss,4512,6.998310
async,train_loss,4544,7.048490
async,train_loss,4576,6.886210
async,train_loss,4608,7.257750
async,train_loss,4640,8.299790
async,train_loss,4672,7.808700
async,train_loss,4704,7.437990
async,train_loss,4736,7.063300
async,train_loss,4768,6.897230
async,train_loss,4800,6.801190
async,train_loss,4832,7.893210
async,train_loss,4864,7.246310
async,train_loss,4896,6.950510
async,train_loss,4928,7.302480
async,train_loss,4960,6.960880
async,train_loss,4992,6.764950
async,train_loss,5024,8.053750
async,train_loss,5056,8.027070
async,train_loss,5088,7.572390
async,train_loss,5120,7.537350
async,train_loss,5152,7.435200
async,train_loss,5184,7.227500
async,train_loss,5216,7.730640
async,train_loss,5248,7.718970
async,train_loss,5280,7.237010
async,train_loss,5312,7.075000
async,train_loss,5344,7.042090
async,train_loss,5376,6.894810
async,train_loss,5408,7.510860
async,train_loss,5440,8.908560
async,train_loss,5472,8.146670
async,train_loss,5504,7.706760
async,train_loss,5536,7.481800
async,train_loss,5568,7.191970
async,train_loss,5600,7.012920
async,train_loss,5632,6.964150
async,train_loss,5664,6.784930
async,train_loss,5696,6.732960
async,train_loss,5728,8.462020
async,train_loss,5760,7.911110
async,train_loss,5792,7.442420
async,train_loss,5824,7.463550
async,train_loss,5856,7.122840
async,train_loss,5888,6.874190
async,train_loss,5920,8.325740
async,train_loss,5952,8.515350
async,train_loss,5984,7.919780
async,train_loss,6016,7.729900
async,train_loss,6048,7.580860
async,train_loss,6080,7.341030
async,train_loss,6112,7.754240
async,train_loss,6144,8.058180
async,train_loss,6176,7.445260
async,train_loss,6208,7.498770
async,train_loss,6240,7.825900
async,train_loss,6272,7.324500
async,train_loss,6304,7.386310
async,train_loss,6336,8.868780
async,train_loss,6368,8.216590
async,train_loss,6400,7.785960
async,eval_loss,321,7.567850
async,eval_loss,642,7.051600
async,eval_loss,963,6.792080
async,eval_loss,1284,6.649610
async,eval_loss,1605,10.165230
async,eval_loss,1926,7.579160
async,eval_loss,2247,7.130660
async,eval_loss,2568,7.042210
async,eval_loss,2889,6.855570
async,eval_loss,3210,8.047370
async,eval_loss,3531,7.215130
async,eval_loss,3852,6.994130
async,eval_loss,4173,7.666060
async,eval_loss,4494,6.904090
async,eval_loss,4815,7.922700
async,eval_loss,5136,7.413990
async,eval_loss,5457,8.070830
async,eval_loss,5778,7.423680
async,eval_loss,6099,7.169120
async,grad_norm,32,0.449400
async,grad_norm,64,0.460000
async,grad_norm,96,0.755300
async,grad_norm,128,11.461200
async,grad_norm,160,1.285600
async,grad_norm,192,0.558900
async,grad_norm,224,0.495900
async,grad_norm,256,0.389700
async,grad_norm,288,0.381000
async,grad_norm,320,1.700500
async,grad_norm,352,1.359400
async,grad_norm,384,0.409000
async,grad_norm,416,4.687000
async,grad_norm,448,0.635400
async,grad_norm,480,0.428300
async,grad_norm,512,0.867500
async,grad_norm,544,1.221800
async,grad_norm,576,0.539800
async,grad_norm,608,1.399500
async,grad_norm,640,1.501000
async,grad_norm,672,0.906600
async,grad_norm,704,2.154600
async,grad_norm,736,1.489100
async,grad_norm,768,0.584400
async,grad_norm,800,0.373700
async,grad_norm,832,5.039200
async,grad_norm,864,1.024500
async,grad_norm,896,0.388200
async,grad_norm,928,1.755900
async,grad_norm,960,0.776600
async,grad_norm,992,0.642500
async,grad_norm,1024,2.528100
async,grad_norm,1056,1.037600
async,grad_norm,1088,0.783400
async,grad_norm,1120,4.672600
async,grad_norm,1152,1.203700
async,grad_norm,1184,0.440700
async,grad_norm,1216,2.393700
async,grad_norm,1248,1.010700
async,grad_norm,1280,0.462600
async,grad_norm,1312,2.682400
async,grad_norm,1344,1.671600
async,grad_norm,1376,0.770100
async,grad_norm,1408,1.071700
async,grad_norm,1440,1.105200
async,grad_norm,1472,0.602600
async,grad_norm,1504,0.856500
async,grad_norm,1536,1.084700
async,grad_norm,1568,0.601100
async,grad_norm,1600,0.351900
async,grad_norm,1632,1.886600
async,grad_norm,1664,0.449600
async,grad_norm,1696,0.375100
async,grad_norm,1728,1.243400
async,grad_norm,1760,0.764000
async,grad_norm,1792,0.449100
async,grad_norm,1824,0.583400
async,grad_norm,1856,0.359100
async,grad_norm,1888,0.307400
async,grad_norm,1920,1.889500
async,grad_norm,1952,1.025700
async,grad_norm,1984,0.566900
async,grad_norm,2016,0.730900
async,grad_norm,2048,0.671600
async,grad_norm,2080,0.424100
async,grad_norm,2112,0.472300
async,grad_norm,2144,0.502300
async,grad_norm,2176,0.372800
async,grad_norm,2208,0.475800
async,grad_norm,2240,0.688600
async,grad_norm,2272,0.499200
async,grad_norm,2304,0.903800
async,grad_norm,2336,1.611000
async,grad_norm,2368,0.522400
async,grad_norm,2400,0.271200
async,grad_norm,2432,0.864600
async,grad_norm,2464,0.481600
async,grad_norm,2496,0.290400
async,grad_norm,2528,1.209600
async,grad_norm,2560,0.985900
async,grad_norm,2592,0.768000
async,grad_norm,2624,0.709500
async,grad_norm,2656,0.330000
async,grad_norm,2688,0.278600
async,grad_norm,2720,2.332900
async,grad_norm,2752,1.353400
async,grad_norm,2784,0.638300
async,grad_norm,2816,0.991700
async,grad_norm,2848,1.084400
async,grad_norm,2880,0.705800
async,grad_norm,2912,1.026800
async,grad_norm,2944,1.318400
async,grad_norm,2976,0.974100
async,grad_norm,3008,1.098500
async,grad_norm,3040,1.280500
async,grad_norm,3072,0.618900
async,grad_norm,3104,0.875000
async,grad_norm,3136,1.738900
async,grad_norm,3168,0.969500
async,grad_norm,3200,0.552400
async,grad_norm,3232,1.341400
async,grad_norm,3264,1.046800
async,grad_norm,3296,0.824000
async,grad_norm,3328,1.299900
async,grad_norm,3360,1.087900
async,grad_norm,3392,0.848600
async,grad_norm,3424,2.386300
async,grad_norm,3456,1.584100
async,grad_norm,3488,1.048900
async,grad_norm,3520,1.654100
async,grad_norm,3552,1.517800
async,grad_norm,3584,1.052300
async,grad_norm,3616,1.217100
async,grad_norm,3648,1.381500
async,grad_norm,3680,1.161000
async,grad_norm,3712,1.580800
async,grad_norm,3744,1.987300
async,grad_norm,3776,1.631800
async,grad_norm,3808,1.244500
async,grad_norm,3840,0.737300
async,grad_norm,3872,0.564100
async,grad_norm,3904,1.132900
async,grad_norm,3936,2.573200
async,grad_norm,3968,1.861300
async,grad_norm,4000,1.456500
async,grad_norm,4032,1.176200
async,grad_norm,4064,0.838900
async,grad_norm,4096,0.657800
async,grad_norm,4128,1.475000
async,grad_norm,4160,1.444200
async,grad_norm,4192,1.261400
async,grad_norm,4224,1.738400
async,grad_norm,4256,1.593800
async,grad_norm,4288,1.344600
async,grad_norm,4320,1.424000
async,grad_norm,4352,1.046400
async,grad_norm,4384,0.706700
async,grad_norm,4416,1.643200
async,grad_norm,4448,1.790600
async,grad_norm,4480,1.366500
async,grad_norm,4512,1.013500
async,grad_norm,4544,0.625900
async,grad_norm,4576,0.457700
async,grad_norm,4608,1.262400
async,grad_norm,4640,2.228000
async,grad_norm,4672,1.887600
async,grad_norm,4704,1.577500
async,grad_norm,4736,0.942500
async,grad_norm,4768,0.672200
async,grad_norm,4800,0.532300
async,grad_norm,4832,2.460500
async,grad_norm,4864,1.703800
async,grad_norm,4896,1.245300
async,grad_norm,4928,1.360900
async,grad_norm,4960,0.859900
async,grad_norm,4992,0.567800
async,grad_norm,5024,2.112200
async,grad_norm,5056,2.035600
async,grad_norm,5088,1.715100
async,grad_norm,5120,1.214500
async,grad_norm,5152,0.799300
async,grad_norm,5184,0.665700
async,grad_norm,5216,2.584400
async,grad_norm,5248,2.832600
async,grad_norm,5280,2.017200
async,grad_norm,5312,1.396800
async,grad_norm,5344,0.810100
async,grad_norm,5376,0.552800
async,grad_norm,5408,2.281600
async,grad_norm,5440,3.670100
async,grad_norm,5472,2.707400
async,grad_norm,5504,2.077200
async,grad_norm,5536,1.238900
async,grad_norm,5568,0.968500
async,grad_norm,5600,0.848600
async,grad_norm,5632,0.627200
async,grad_norm,5664,0.437800
async,grad_norm,5696,0.363200
async,grad_norm,5728,2.295100
async,grad_norm,5760,2.010400
async,grad_norm,5792,1.651900
async,grad_norm,5824,1.502400
async,grad_norm,5856,0.943100
async,grad_norm,5888,0.668100
async,grad_norm,5920,3.207900
async,grad_norm,5952,3.246400
async,grad_norm,5984,2.590500
async,grad_norm,6016,2.266700
async,grad_norm,6048,1.783700
async,grad_norm,6080,1.454400
async,grad_norm,6112,3.125500
async,grad_norm,6144,3.952100
async,grad_norm,6176,2.790300
async,grad_norm,6208,3.009700
async,grad_norm,6240,3.409200
async,grad_norm,6272,1.946300
async,grad_norm,6304,1.899800
async,grad_norm,6336,3.528600
async,grad_norm,6368,2.807800
async,grad_norm,6400,2.351200
async_dn,train_loss,32,9.460700
async_dn,train_loss,64,9.406930
async_dn,train_loss,96,9.187260
async_dn,train_loss,128,8.568260
async_dn,train_loss,160,7.836820
async_dn,train_loss,192,7.472710
async_dn,train_loss,224,7.400180
async_dn,train_loss,256,7.200290
async_dn,train_loss,288,7.012760
async_dn,train_loss,320,7.118140
async_dn,train_loss,352,7.025260
async_dn,train_loss,384,6.921210
async_dn,train_loss,416,6.871310
async_dn,train_loss,448,6.721160
async_dn,train_loss,480,6.619350
async_dn,train_loss,512,6.709890
async_dn,train_loss,544,6.630270
async_dn,train_loss,576,6.460210
async_dn,train_loss,608,6.365440
async_dn,train_loss,640,6.279070
async_dn,train_loss,672,6.186850
async_dn,train_loss,704,6.123210
async_dn,train_loss,736,6.246290
async_dn,train_loss,768,6.029980
async_dn,train_loss,800,5.934990
async_dn,train_loss,832,5.820720
async_dn,train_loss,864,5.768750
async_dn,train_loss,896,5.633680
async_dn,train_loss,928,5.838490
async_dn,train_loss,960,5.597450
async_dn,train_loss,992,5.502940
async_dn,train_loss,1024,5.440170
async_dn,train_loss,1056,5.417490
async_dn,train_loss,1088,5.388710
async_dn,train_loss,1120,5.426290
async_dn,train_loss,1152,5.342370
async_dn,train_loss,1184,5.276490
async_dn,train_loss,1216,5.206480
async_dn,train_loss,1248,5.194050
async_dn,train_loss,1280,5.188880
async_dn,train_loss,1312,5.123920
async_dn,train_loss,1344,5.090290
async_dn,train_loss,1376,5.086030
async_dn,train_loss,1408,5.071950
async_dn,train_loss,1440,5.001830
async_dn,train_loss,1472,4.927470
async_dn,train_loss,1504,4.942380
async_dn,train_loss,1536,4.885280
async_dn,train_loss,1568,4.878650
async_dn,train_loss,1600,4.851450
async_dn,train_loss,1632,4.819880
async_dn,train_loss,1664,4.760130
async_dn,train_loss,1696,4.726830
async_dn,train_loss,1728,4.718700
async_dn,train_loss,1760,4.692310
async_dn,train_loss,1792,4.687650
async_dn,train_loss,1824,4.700150
async_dn,train_loss,1856,4.610020
async_dn,train_loss,1888,4.595780
async_dn,train_loss,1920,4.561550
async_dn,train_loss,1952,4.514130
async_dn,train_loss,1984,4.559930
async_dn,train_loss,2016,4.482600
async_dn,train_loss,2048,4.484380
async_dn,train_loss,2080,4.430170
async_dn,train_loss,2112,4.449580
async_dn,train_loss,2144,4.400330
async_dn,train_loss,2176,4.394220
async_dn,train_loss,2208,4.408650
async_dn,train_loss,2240,4.352560
async_dn,train_loss,2272,4.330200
async_dn,train_loss,2304,4.347370
async_dn,train_loss,2336,4.307280
async_dn,train_loss,2368,4.268020
async_dn,train_loss,2400,4.272490
async_dn,train_loss,2432,4.285660
async_dn,train_loss,2464,4.226840
async_dn,train_loss,2496,4.195230
async_dn,train_loss,2528,4.244530
async_dn,train_loss,2560,4.234690
async_dn,train_loss,2592,4.182370
async_dn,train_loss,2624,4.207950
async_dn,train_loss,2656,4.160370
async_dn,train_loss,2688,4.132830
async_dn,train_loss,2720,4.156080
async_dn,train_loss,2752,4.128760
async_dn,train_loss,2784,4.102410
async_dn,train_loss,2816,4.125210
async_dn,train_loss,2848,4.113320
async_dn,train_loss,2880,4.140580
async_dn,train_loss,2912,4.097970
async_dn,train_loss,2944,4.061930
async_dn,train_loss,2976,4.047080
async_dn,train_loss,3008,4.075410
async_dn,train_loss,3040,4.036380
async_dn,train_loss,3072,4.042530
async_dn,train_loss,3104,4.014260
async_dn,train_loss,3136,4.036290
async_dn,train_loss,3168,4.021930
async_dn,train_loss,3200,3.974590
async_dn,train_loss,3232,4.126570
async_dn,train_loss,3264,4.000840
async_dn,train_loss,3296,4.006930
async_dn,train_loss,3328,3.968280
async_dn,train_loss,3360,3.962000
async_dn,train_loss,3392,3.948310
async_dn,train_loss,3424,4.045890
async_dn,train_loss,3456,3.939020
async_dn,train_loss,3488,3.929870
async_dn,train_loss,3520,3.895160
async_dn,train_loss,3552,3.907760
async_dn,train_loss,3584,3.867790
async_dn,train_loss,3616,4.014730
async_dn,train_loss,3648,3.909590
async_dn,train_loss,3680,3.863380
async_dn,train_loss,3712,3.843710
async_dn,train_loss,3744,3.823000
async_dn,train_loss,3776,3.860810
async_dn,train_loss,3808,3.860870
async_dn,train_loss,3840,3.877120
async_dn,train_loss,3872,3.802410
async_dn,train_loss,3904,3.800290
async_dn,train_loss,3936,3.778580
async_dn,train_loss,3968,3.766630
async_dn,train_loss,4000,3.727500
async_dn,train_loss,4032,3.891520
async_dn,train_loss,4064,3.752530
async_dn,train_loss,4096,3.746830
async_dn,train_loss,4128,3.765230
async_dn,train_loss,4160,3.704560
async_dn,train_loss,4192,3.726200
async_dn,train_loss,4224,3.831510
async_dn,train_loss,4256,3.729530
async_dn,train_loss,4288,3.761090
async_dn,train_loss,4320,3.653740
async_dn,train_loss,4352,3.694960
async_dn,train_loss,4384,3.664950
async_dn,train_loss,4416,3.741690
async_dn,train_loss,4448,3.681690
async_dn,train_loss,4480,3.673110
async_dn,train_loss,4512,3.614260
async_dn,train_loss,4544,3.629470
async_dn,train_loss,4576,3.592690
async_dn,train_loss,4608,3.683640
async_dn,train_loss,4640,3.649410
async_dn,train_loss,4672,3.645650
async_dn,train_loss,4704,3.624120
async_dn,train_loss,4736,3.633240
async_dn,train_loss,4768,3.556040
async_dn,train_loss,4800,3.601220
async_dn,train_loss,4832,3.693960
async_dn,train_loss,4864,3.570040
async_dn,train_loss,4896,3.639310
async_dn,train_loss,4928,3.529850
async_dn,train_loss,4960,3.522620
async_dn,train_loss,4992,3.539080
async_dn,train_loss,5024,3.543380
async_dn,train_loss,5056,3.537850
async_dn,train_loss,5088,3.510080
async_dn,train_loss,5120,3.582200
async_dn,train_loss,5152,3.536890
async_dn,train_loss,5184,3.493440
async_dn,train_loss,5216,3.555290
async_dn,train_loss,5248,3.484680
async_dn,train_loss,5280,3.524310
async_dn,train_loss,5312,3.500430
async_dn,train_loss,5344,3.514700
async_dn,train_loss,5376,3.527720
async_dn,train_loss,5408,3.507960
async_dn,train_loss,5440,3.471220
async_dn,train_loss,5472,3.448470
async_dn,train_loss,5504,3.465390
async_dn,train_loss,5536,3.532110
async_dn,train_loss,5568,3.436780
async_dn,train_loss,5600,3.470680
async_dn,train_loss,5632,3.475890
async_dn,train_loss,5664,3.425540
async_dn,train_loss,5696,3.439500
async_dn,train_loss,5728,3.463550
async_dn,train_loss,5760,3.431910
async_dn,train_loss,5792,3.440870
async_dn,train_loss,5824,3.442640
async_dn,train_loss,5856,3.407470
async_dn,train_loss,5888,3.403880
async_dn,train_loss,5920,3.422950
async_dn,train_loss,5952,3.431840
async_dn,train_loss,5984,3.460210
async_dn,train_loss,6016,3.406460
async_dn,train_loss,6048,3.379120
async_dn,train_loss,6080,3.354790
async_dn,train_loss,6112,3.419740
async_dn,train_loss,6144,3.414940
async_dn,train_loss,6176,3.404000
async_dn,train_loss,6208,3.398190
async_dn,train_loss,6240,3.418910
async_dn,train_loss,6272,3.405690
async_dn,train_loss,6304,3.431660
async_dn,train_loss,6336,3.439450
async_dn,train_loss,6368,3.350160
async_dn,train_loss,6400,3.367650
async_dn,train_loss,6432,3.404750
async_dn,train_loss,6464,3.362530
async_dn,train_loss,6496,3.453320
async_dn,train_loss,6528,3.392350
async_dn,train_loss,6560,3.307620
async_dn,train_loss,6592,3.330160
async_dn,train_loss,6624,3.367490
async_dn,train_loss,6656,3.365370
async_dn,train_loss,6688,3.312850
async_dn,train_loss,6720,3.340390
async_dn,train_loss,6752,3.320070
async_dn,train_loss,6784,3.324490
async_dn,train_loss,6816,3.348610
async_dn,train_loss,6848,3.363700
async_dn,train_loss,6880,3.322600
async_dn,train_loss,6912,3.359980
async_dn,train_loss,6944,3.340470
async_dn,train_loss,6976,3.366770
async_dn,train_loss,7008,3.391830
async_dn,train_loss,7040,3.320670
async_dn,train_loss,7072,3.296580
async_dn,train_loss,7104,3.318510
async_dn,train_loss,7136,3.369160
async_dn,train_loss,7168,3.281230
async_dn,train_loss,7200,3.267650
async_dn,train_loss,7232,3.263470
async_dn,train_loss,7264,3.285700
async_dn,train_loss,7296,3.328190
async_dn,train_loss,7328,3.382260
async_dn,train_loss,7360,3.301060
async_dn,train_loss,7392,3.280330
async_dn,train_loss,7424,3.303420
async_dn,train_loss,7456,3.290050
async_dn,train_loss,7488,3.262080
async_dn,train_loss,7520,3.333940
async_dn,train_loss,7552,3.297760
async_dn,train_loss,7584,3.284440
async_dn,train_loss,7616,3.240970
async_dn,train_loss,7648,3.232710
async_dn,train_loss,7680,3.276330
async_dn,train_loss,7712,3.337860
async_dn,train_loss,7744,3.267430
async_dn,train_loss,7776,3.266670
async_dn,train_loss,7808,3.220800
async_dn,train_loss,7840,3.234190
async_dn,train_loss,7872,3.261590
async_dn,train_loss,7904,3.238700
async_dn,train_loss,7936,3.323230
async_dn,train_loss,7968,3.247310
async_dn,train_loss,8000,3.237460
async_dn,train_loss,8032,3.254220
async_dn,train_loss,8064,3.251970
async_dn,train_loss,8096,3.223180
async_dn,train_loss,8128,3.300920
async_dn,train_loss,8160,3.272190
async_dn,train_loss,8192,3.263710
async_dn,train_loss,8224,3.234110
async_dn,train_loss,8256,3.268930
async_dn,train_loss,8288,3.270530
async_dn,train_loss,8320,3.316270
async_dn,train_loss,8352,3.218260
async_dn,train_loss,8384,3.227810
async_dn,train_loss,8416,3.209730
async_dn,train_loss,8448,3.201710
async_dn,train_loss,8480,3.193690
async_dn,train_loss,8512,3.312850
async_dn,train_loss,8544,3.293880
async_dn,train_loss,8576,3.220980
async_dn,train_loss,8608,3.207990
async_dn,train_loss,8640,3.208310
async_dn,train_loss,8672,3.242990
async_dn,train_loss,8704,3.204710
async_dn,train_loss,8736,3.298720
async_dn,train_loss,8768,3.221120
async_dn,train_loss,8800,3.161000
async_dn,train_loss,8832,3.201880
async_dn,train_loss,8864,3.203390
async_dn,train_loss,8896,3.186940
async_dn,train_loss,8928,3.325190
async_dn,train_loss,8960,3.239130
async_dn,train_loss,8992,3.172120
async_dn,train_loss,9024,3.127600
async_dn,train_loss,9056,3.210430
async_dn,train_loss,9088,3.165030
async_dn,train_loss,9120,3.257570
async_dn,train_loss,9152,3.228540
async_dn,train_loss,9184,3.158210
async_dn,train_loss,9216,3.182090
async_dn,train_loss,9248,3.221460
async_dn,train_loss,9280,3.149520
async_dn,train_loss,9312,3.161930
async_dn,train_loss,9344,3.171670
async_dn,train_loss,9376,3.122600
async_dn,train_loss,9408,3.170400
async_dn,train_loss,9440,3.126220
async_dn,train_loss,9472,3.141460
async_dn,train_loss,9504,3.148590
async_dn,train_loss,9536,3.123740
async_dn,train_loss,9568,3.200120
async_dn,train_loss,9600,3.170140
async_dn,train_loss,9632,3.173160
async_dn,train_loss,9664,3.146100
async_dn,train_loss,9696,3.120500
async_dn,train_loss,9728,3.164010
async_dn,train_loss,9760,3.131320
async_dn,train_loss,9792,3.130460
async_dn,train_loss,9824,3.153660
async_dn,train_loss,9856,3.142830
async_dn,train_loss,9888,3.099030
async_dn,train_loss,9920,3.106430
async_dn,train_loss,9952,3.113700
async_dn,train_loss,9984,3.103280
async_dn,train_loss,10016,3.144760
async_dn,train_loss,10048,3.149170
async_dn,train_loss,10080,3.147540
async_dn,train_loss,10112,3.148310
async_dn,train_loss,10144,3.146800
async_dn,train_loss,10176,3.092250
async_dn,train_loss,10208,3.110060
async_dn,train_loss,10240,3.159100
async_dn,train_loss,10272,3.144460
async_dn,train_loss,10304,3.175460
async_dn,train_loss,10336,3.069530
async_dn,train_loss,10368,3.101020
async_dn,train_loss,10400,3.131640
async_dn,train_loss,10432,3.162330
async_dn,train_loss,10464,3.137580
async_dn,train_loss,10496,3.130280
async_dn,train_loss,10528,3.167290
async_dn,train_loss,10560,3.075590
async_dn,train_loss,10592,3.084760
async_dn,train_loss,10624,3.133060
async_dn,train_loss,10656,3.151840
async_dn,train_loss,10688,3.112170
async_dn,train_loss,10720,3.196260
async_dn,train_loss,10752,3.077960
async_dn,train_loss,10784,3.052220
async_dn,train_loss,10816,3.106980
async_dn,train_loss,10848,3.116880
async_dn,train_loss,10880,3.115610
async_dn,train_loss,10912,3.151230
async_dn,train_loss,10944,3.110510
async_dn,train_loss,10976,3.107340
async_dn,train_loss,11008,3.064950
async_dn,train_loss,11040,3.117090
async_dn,train_loss,11072,3.065940
async_dn,train_loss,11104,3.128600
async_dn,train_loss,11136,3.108060
async_dn,train_loss,11168,3.079300
async_dn,train_loss,11200,3.042290
async_dn,train_loss,11232,3.107120
async_dn,train_loss,11264,3.103180
async_dn,train_loss,11296,3.069710
async_dn,train_loss,11328,3.127300
async_dn,train_loss,11360,3.065360
async_dn,train_loss,11392,3.092730
async_dn,train_loss,11424,3.081810
async_dn,train_loss,11456,3.093180
async_dn,train_loss,11488,3.067650
async_dn,train_loss,11520,3.082530
async_dn,train_loss,11552,3.087430
async_dn,train_loss,11584,3.019970
async_dn,train_loss,11616,3.072160
async_dn,train_loss,11648,3.045700
async_dn,train_loss,11680,3.051490
async_dn,train_loss,11712,3.028570
async_dn,train_loss,11744,3.125870
async_dn,train_loss,11776,3.095170
async_dn,train_loss,11808,3.033920
async_dn,train_loss,11840,3.120910
async_dn,train_loss,11872,3.086230
async_dn,train_loss,11904,3.030330
async_dn,train_loss,11936,3.087350
async_dn,train_loss,11968,3.051880
async_dn,train_loss,12000,3.085030
async_dn,train_loss,12032,3.084380
async_dn,train_loss,12064,3.034730
async_dn,train_loss,12096,3.058610
async_dn,train_loss,12128,3.062930
async_dn,train_loss,12160,3.004060
async_dn,train_loss,12192,3.063710
async_dn,train_loss,12224,3.128180
async_dn,train_loss,12256,3.058380
async_dn,train_loss,12288,3.031390
async_dn,train_loss,12320,3.059310
async_dn,train_loss,12352,3.029850
async_dn,train_loss,12384,3.062520
async_dn,train_loss,12416,3.149970
async_dn,train_loss,12448,3.102240
async_dn,train_loss,12480,3.085440
async_dn,train_loss,12512,3.072650
async_dn,train_loss,12544,3.030080
async_dn,train_loss,12576,3.083880
async_dn,train_loss,12608,3.107630
async_dn,train_loss,12640,3.093250
async_dn,train_loss,12672,3.047410
async_dn,train_loss,12704,3.069230
async_dn,train_loss,12736,2.996430
async_dn,train_loss,12768,3.013240
async_dn,train_loss,12800,3.001250
async_dn,train_loss,12832,3.140310
async_dn,train_loss,12864,3.069290
async_dn,train_loss,12896,3.018680
async_dn,train_loss,12928,2.986330
async_dn,train_loss,12960,3.072290
async_dn,train_loss,12992,2.991080
async_dn,train_loss,13024,3.107450
async_dn,train_loss,13056,3.061260
async_dn,train_loss,13088,3.018550
async_dn,train_loss,13120,2.989380
async_dn,train_loss,13152,3.015190
async_dn,train_loss,13184,2.979480
async_dn,train_loss,13216,3.085480
async_dn,train_loss,13248,3.069410
async_dn,train_loss,13280,3.056990
async_dn,train_loss,13312,3.011530
async_dn,train_loss,13344,3.041520
async_dn,train_loss,13376,3.050580
async_dn,train_loss,13408,3.067250
async_dn,train_loss,13440,3.058410
async_dn,train_loss,13472,3.032620
async_dn,train_loss,13504,3.064030
async_dn,train_loss,13536,3.007520
async_dn,train_loss,13568,3.048550
async_dn,train_loss,13600,3.072780
async_dn,train_loss,13632,3.117450
async_dn,train_loss,13664,3.073690
async_dn,train_loss,13696,3.021030
async_dn,train_loss,13728,3.035480
async_dn,train_loss,13760,3.009720
async_dn,train_loss,13792,3.002440
async_dn,train_loss,13824,3.101020
async_dn,train_loss,13856,3.028210
async_dn,train_loss,13888,3.034800
async_dn,train_loss,13920,3.015330
async_dn,train_loss,13952,3.013150
async_dn,train_loss,13984,3.049830
async_dn,train_loss,14016,3.102430
async_dn,train_loss,14048,3.071970
async_dn,train_loss,14080,3.033180
async_dn,train_loss,14112,3.080100
async_dn,train_loss,14144,3.052380
async_dn,train_loss,14176,3.019140
async_dn,train_loss,14208,3.089100
async_dn,train_loss,14240,3.076950
async_dn,train_loss,14272,3.075450
async_dn,train_loss,14304,3.009940
async_dn,train_loss,14336,3.056470
async_dn,train_loss,14368,3.032340
async_dn,train_loss,14400,3.041950
async_dn,train_loss,14432,3.093200
async_dn,train_loss,14464,3.079490
async_dn,train_loss,14496,3.091570
async_dn,train_loss,14528,3.040110
async_dn,train_loss,14560,3.042850
async_dn,train_loss,14592,3.029260
async_dn,train_loss,14624,3.097520
async_dn,train_loss,14656,3.059440
async_dn,train_loss,14688,3.039070
async_dn,train_loss,14720,3.029400
async_dn,train_loss,14752,3.026920
async_dn,train_loss,14784,3.006220
async_dn,train_loss,14816,3.072850
async_dn,train_loss,14848,3.106190
async_dn,train_loss,14880,3.036610
async_dn,train_loss,14912,3.073480
async_dn,train_loss,14944,2.973680
async_dn,train_loss,14976,3.020000
async_dn,train_loss,15008,3.037370
async_dn,train_loss,15040,3.004090
async_dn,train_loss,15072,2.972750
async_dn,train_loss,15104,3.045830
async_dn,train_loss,15136,3.036370
async_dn,train_loss,15168,3.016510
async_dn,train_loss,15200,2.975710
async_dn,train_loss,15232,2.952830
async_dn,train_loss,15264,2.995350
async_dn,train_loss,15296,2.991580
async_dn,train_loss,15328,3.063220
async_dn,train_loss,15360,3.010430
async_dn,train_loss,15392,3.048480
async_dn,train_loss,15424,3.040190
async_dn,train_loss,15456,3.063370
async_dn,train_loss,15488,3.029240
async_dn,train_loss,15520,3.027850
async_dn,train_loss,15552,2.982360
async_dn,train_loss,15584,3.038420
async_dn,train_loss,15616,3.017440
async_dn,train_loss,15648,3.007330
async_dn,train_loss,15680,3.006810
async_dn,train_loss,15712,3.036280
async_dn,train_loss,15744,3.022250
async_dn,train_loss,15776,3.031290
async_dn,train_loss,15808,2.977560
async_dn,train_loss,15840,2.981160
async_dn,train_loss,15872,3.006790
async_dn,train_loss,15904,2.993850
async_dn,train_loss,15936,2.977480
async_dn,train_loss,15968,2.980670
async_dn,train_loss,16000,3.047980
async_dn,train_loss,16032,3.043000
async_dn,eval_loss,321,7.063710
async_dn,eval_loss,642,6.192980
async_dn,eval_loss,963,5.551700
async_dn,eval_loss,1284,5.149080
async_dn,eval_loss,1605,4.880960
async_dn,eval_loss,1926,4.554530
async_dn,eval_loss,2247,4.349620
async_dn,eval_loss,2568,4.211280
async_dn,eval_loss,2889,4.094170
async_dn,eval_loss,3210,4.170000
async_dn,eval_loss,3531,3.906050
async_dn,eval_loss,3852,3.840240
async_dn,eval_loss,4173,3.734800
async_dn,eval_loss,4494,3.660380
async_dn,eval_loss,4815,3.693740
async_dn,eval_loss,5136,3.549830
async_dn,eval_loss,5457,3.494960
async_dn,eval_loss,5778,3.452690
async_dn,eval_loss,6099,3.409730
async_dn,eval_loss,6420,3.387490
async_dn,eval_loss,6741,3.350550
async_dn,eval_loss,7062,3.313440
async_dn,eval_loss,7383,3.294950
async_dn,eval_loss,7704,3.457860
async_dn,eval_loss,8025,3.242930
async_dn,eval_loss,8346,3.244390
async_dn,eval_loss,8667,3.207950
async_dn,eval_loss,8988,3.195030
async_dn,eval_loss,9309,3.165720
async_dn,eval_loss,9630,3.165930
async_dn,eval_loss,9951,3.141960
async_dn,eval_loss,10272,3.134640
async_dn,eval_loss,10593,3.115720
async_dn,eval_loss,10914,3.125520
async_dn,eval_loss,11235,3.112800
async_dn,eval_loss,11556,3.090080
async_dn,eval_loss,11877,3.083130
async_dn,eval_loss,12198,3.071610
async_dn,eval_loss,12519,3.065570
async_dn,eval_loss,12840,3.083740
async_dn,eval_loss,13161,3.046760
async_dn,eval_loss,13482,3.053490
async_dn,eval_loss,13803,3.230110
async_dn,eval_loss,14124,3.033740
async_dn,eval_loss,14445,3.044070
async_dn,eval_loss,14766,3.014260
async_dn,eval_loss,15087,3.008480
async_dn,eval_loss,15408,3.014190
async_dn,eval_loss,15729,3.012190
async_dn,eval_loss,16050,2.994600
async_dn,grad_norm,32,0.443900
async_dn,grad_norm,64,0.452900
async_dn,grad_norm,96,0.746800
async_dn,grad_norm,128,1.350800
async_dn,grad_norm,160,0.810600
async_dn,grad_norm,192,0.558800
async_dn,grad_norm,224,0.616400
async_dn,grad_norm,256,0.499300
async_dn,grad_norm,288,0.442400
async_dn,grad_norm,320,1.793300
async_dn,grad_norm,352,0.541700
async_dn,grad_norm,384,0.378300
async_dn,grad_norm,416,0.903200
async_dn,grad_norm,448,0.394000
async_dn,grad_norm,480,0.361400
async_dn,grad_norm,512,1.006300
async_dn,grad_norm,544,0.548200
async_dn,grad_norm,576,0.403700
async_dn,grad_norm,608,0.581600
async_dn,grad_norm,640,0.507400
async_dn,grad_norm,672,0.429100
async_dn,grad_norm,704,0.671800
async_dn,grad_norm,736,0.547600
async_dn,grad_norm,768,0.419600
async_dn,grad_norm,800,0.451100
async_dn,grad_norm,832,0.537100
async_dn,grad_norm,864,0.467300
async_dn,grad_norm,896,0.508400
async_dn,grad_norm,928,0.768600
async_dn,grad_norm,960,0.437500
async_dn,grad_norm,992,0.414200
async_dn,grad_norm,1024,0.432300
async_dn,grad_norm,1056,0.404900
async_dn,grad_norm,1088,0.425400
async_dn,grad_norm,1120,0.642800
async_dn,grad_norm,1152,0.423300
async_dn,grad_norm,1184,0.399500
async_dn,grad_norm,1216,0.462800
async_dn,grad_norm,1248,0.425000
async_dn,grad_norm,1280,0.407000
async_dn,grad_norm,1312,0.465200
async_dn,grad_norm,1344,0.435000
async_dn,grad_norm,1376,0.432600
async_dn,grad_norm,1408,0.623000
async_dn,grad_norm,1440,0.450500
async_dn,grad_norm,1472,0.500400
async_dn,grad_norm,1504,0.438300
async_dn,grad_norm,1536,0.448600
async_dn,grad_norm,1568,0.475800
async_dn,grad_norm,1600,0.420200
async_dn,grad_norm,1632,0.458400
async_dn,grad_norm,1664,0.410900
async_dn,grad_norm,1696,0.416600
async_dn,grad_norm,1728,0.435000
async_dn,grad_norm,1760,0.405000
async_dn,grad_norm,1792,0.431000
async_dn,grad_norm,1824,0.575500
async_dn,grad_norm,1856,0.433800
async_dn,grad_norm,1888,0.415900
async_dn,grad_norm,1920,0.432000
async_dn,grad_norm,1952,0.422200
async_dn,grad_norm,1984,0.430500
async_dn,grad_norm,2016,0.465800
async_dn,grad_norm,2048,0.428900
async_dn,grad_norm,2080,0.424000
async_dn,grad_norm,2112,0.430100
async_dn,grad_norm,2144,0.412300
async_dn,grad_norm,2176,0.407100
async_dn,grad_norm,2208,0.489700
async_dn,grad_norm,2240,0.455800
async_dn,grad_norm,2272,0.441000
async_dn,grad_norm,2304,0.451400
async_dn,grad_norm,2336,0.442800
async_dn,grad_norm,2368,0.592100
async_dn,grad_norm,2400,0.415600
async_dn,grad_norm,2432,0.460900
async_dn,grad_norm,2464,0.410400
async_dn,grad_norm,2496,0.425200
async_dn,grad_norm,2528,0.433000
async_dn,grad_norm,2560,0.413300
async_dn,grad_norm,2592,0.399800
async_dn,grad_norm,2624,0.449600
async_dn,grad_norm,2656,0.420300
async_dn,grad_norm,2688,0.402800
async_dn,grad_norm,2720,0.437600
async_dn,grad_norm,2752,0.422800
async_dn,grad_norm,2784,0.409300
async_dn,grad_norm,2816,0.448900
async_dn,grad_norm,2848,0.456600
async_dn,grad_norm,2880,0.437000
async_dn,grad_norm,2912,0.434200
async_dn,grad_norm,2944,0.417300
async_dn,grad_norm,2976,0.393800
async_dn,grad_norm,3008,0.436400
async_dn,grad_norm,3040,0.416300
async_dn,grad_norm,3072,0.392600
async_dn,grad_norm,3104,0.389800
async_dn,grad_norm,3136,0.399500
async_dn,grad_norm,3168,0.396500
async_dn,grad_norm,3200,0.399600
async_dn,grad_norm,3232,0.471600
async_dn,grad_norm,3264,0.392700
async_dn,grad_norm,3296,0.384900
async_dn,grad_norm,3328,0.390900
async_dn,grad_norm,3360,0.412700
async_dn,grad_norm,3392,0.408300
async_dn,grad_norm,3424,0.462400
async_dn,grad_norm,3456,0.395400
async_dn,grad_norm,3488,0.409800
async_dn,grad_norm,3520,0.384000
async_dn,grad_norm,3552,0.391000
async_dn,grad_norm,3584,0.379200
async_dn,grad_norm,3616,0.520400
async_dn,grad_norm,3648,0.406900
async_dn,grad_norm,3680,0.364900
async_dn,grad_norm,3712,0.376200
async_dn,grad_norm,3744,0.369000
async_dn,grad_norm,3776,0.387400
async_dn,grad_norm,3808,0.464200
async_dn,grad_norm,3840,0.423700
async_dn,grad_norm,3872,0.385000
async_dn,grad_norm,3904,0.366500
async_dn,grad_norm,3936,0.403500
async_dn,grad_norm,3968,0.388200
async_dn,grad_norm,4000,0.387100
async_dn,grad_norm,4032,0.444600
async_dn,grad_norm,4064,0.386600
async_dn,grad_norm,4096,0.371800
async_dn,grad_norm,4128,0.366800
async_dn,grad_norm,4160,0.379300
async_dn,grad_norm,4192,0.390100
async_dn,grad_norm,4224,0.463600
async_dn,grad_norm,4256,0.373600
async_dn,grad_norm,4288,0.374400
async_dn,grad_norm,4320,0.364800
async_dn,grad_norm,4352,0.372200
async_dn,grad_norm,4384,0.374000
async_dn,grad_norm,4416,0.431900
async_dn,grad_norm,4448,0.401700
async_dn,grad_norm,4480,0.355700
async_dn,grad_norm,4512,0.362100
async_dn,grad_norm,4544,0.374900
async_dn,grad_norm,4576,0.357600
async_dn,grad_norm,4608,0.410500
async_dn,grad_norm,4640,0.395100
async_dn,grad_norm,4672,0.365700
async_dn,grad_norm,4704,0.356400
async_dn,grad_norm,4736,0.355400
async_dn,grad_norm,4768,0.355600
async_dn,grad_norm,4800,0.362000
async_dn,grad_norm,4832,0.430200
async_dn,grad_norm,4864,0.350100
async_dn,grad_norm,4896,0.344300
async_dn,grad_norm,4928,0.351500
async_dn,grad_norm,4960,0.351900
async_dn,grad_norm,4992,0.353300
async_dn,grad_norm,5024,0.354900
async_dn,grad_norm,5056,0.365600
async_dn,grad_norm,5088,0.350700
async_dn,grad_norm,5120,0.358400
async_dn,grad_norm,5152,0.361100
async_dn,grad_norm,5184,0.340500
async_dn,grad_norm,5216,0.353400
async_dn,grad_norm,5248,0.339100
async_dn,grad_norm,5280,0.351400
async_dn,grad_norm,5312,0.353500
async_dn,grad_norm,5344,0.364300
async_dn,grad_norm,5376,0.349900
async_dn,grad_norm,5408,0.344900
async_dn,grad_norm,5440,0.345800
async_dn,grad_norm,5472,0.340700
async_dn,grad_norm,5504,0.354900
async_dn,grad_norm,5536,0.369200
async_dn,grad_norm,5568,0.339800
async_dn,grad_norm,5600,0.345300
async_dn,grad_norm,5632,0.342600
async_dn,grad_norm,5664,0.341000
async_dn,grad_norm,5696,0.332400
async_dn,grad_norm,5728,0.351000
async_dn,grad_norm,5760,0.340200
async_dn,grad_norm,5792,0.344700
async_dn,grad_norm,5824,0.339900
async_dn,grad_norm,5856,0.333400
async_dn,grad_norm,5888,0.334300
async_dn,grad_norm,5920,0.354400
async_dn,grad_norm,5952,0.339200
async_dn,grad_norm,5984,0.329500
async_dn,grad_norm,6016,0.340300
async_dn,grad_norm,6048,0.342800
async_dn,grad_norm,6080,0.336900
async_dn,grad_norm,6112,0.343800
async_dn,grad_norm,6144,0.351300
async_dn,grad_norm,6176,0.330700
async_dn,grad_norm,6208,0.342900
async_dn,grad_norm,6240,0.334800
async_dn,grad_norm,6272,0.331600
async_dn,grad_norm,6304,0.353400
async_dn,grad_norm,6336,0.355100
async_dn,grad_norm,6368,0.339500
async_dn,grad_norm,6400,0.337300
async_dn,grad_norm,6432,0.353900
async_dn,grad_norm,6464,0.331800
async_dn,grad_norm,6496,0.331600
async_dn,grad_norm,6528,0.352800
async_dn,grad_norm,6560,0.346700
async_dn,grad_norm,6592,0.324900
async_dn,grad_norm,6624,0.341600
async_dn,grad_norm,6656,0.316100
async_dn,grad_norm,6688,0.346400
async_dn,grad_norm,6720,0.356600
async_dn,grad_norm,6752,0.341100
async_dn,grad_norm,6784,0.335500
async_dn,grad_norm,6816,0.347100
async_dn,grad_norm,6848,0.321900
async_dn,grad_norm,6880,0.325800
async_dn,grad_norm,6912,0.340800
async_dn,grad_norm,6944,0.338100
async_dn,grad_norm,6976,0.323500
async_dn,grad_norm,7008,0.334500
async_dn,grad_norm,7040,0.328600
async_dn,grad_norm,7072,0.324500
async_dn,grad_norm,7104,0.358900
async_dn,grad_norm,7136,0.373800
async_dn,grad_norm,7168,0.323000
async_dn,grad_norm,7200,0.319900
async_dn,grad_norm,7232,0.317000
async_dn,grad_norm,7264,0.323900
async_dn,grad_norm,7296,0.324500
async_dn,grad_norm,7328,0.389500
async_dn,grad_norm,7360,0.322600
async_dn,grad_norm,7392,0.323000
async_dn,grad_norm,7424,0.318100
async_dn,grad_norm,7456,0.315200
async_dn,grad_norm,7488,0.312200
async_dn,grad_norm,7520,0.389700
async_dn,grad_norm,7552,0.326200
async_dn,grad_norm,7584,0.315400
async_dn,grad_norm,7616,0.320200
async_dn,grad_norm,7648,0.326200
async_dn,grad_norm,7680,0.307300
async_dn,grad_norm,7712,0.372600
async_dn,grad_norm,7744,0.339800
async_dn,grad_norm,7776,0.309800
async_dn,grad_norm,7808,0.321400
async_dn,grad_norm,7840,0.324200
async_dn,grad_norm,7872,0.312100
async_dn,grad_norm,7904,0.346400
async_dn,grad_norm,7936,0.372100
async_dn,grad_norm,7968,0.316000
async_dn,grad_norm,8000,0.319000
async_dn,grad_norm,8032,0.312600
async_dn,grad_norm,8064,0.314900
async_dn,grad_norm,8096,0.323400
async_dn,grad_norm,8128,0.385800
async_dn,grad_norm,8160,0.327400
async_dn,grad_norm,8192,0.311800
async_dn,grad_norm,8224,0.320700
async_dn,grad_norm,8256,0.307900
async_dn,grad_norm,8288,0.312700
async_dn,grad_norm,8320,0.387800
async_dn,grad_norm,8352,0.327700
async_dn,grad_norm,8384,0.315900
async_dn,grad_norm,8416,0.322400
async_dn,grad_norm,8448,0.308800
async_dn,grad_norm,8480,0.314600
async_dn,grad_norm,8512,0.385200
async_dn,grad_norm,8544,0.332700
async_dn,grad_norm,8576,0.308400
async_dn,grad_norm,8608,0.311000
async_dn,grad_norm,8640,0.327200
async_dn,grad_norm,8672,0.321600
async_dn,grad_norm,8704,0.337300
async_dn,grad_norm,8736,0.365200
async_dn,grad_norm,8768,0.311600
async_dn,grad_norm,8800,0.313900
async_dn,grad_norm,8832,0.313700
async_dn,grad_norm,8864,0.313600
async_dn,grad_norm,8896,0.313400
async_dn,grad_norm,8928,0.371800
async_dn,grad_norm,8960,0.316600
async_dn,grad_norm,8992,0.315100
async_dn,grad_norm,9024,0.351500
async_dn,grad_norm,9056,0.322500
async_dn,grad_norm,9088,0.309700
async_dn,grad_norm,9120,0.364500
async_dn,grad_norm,9152,0.323400
async_dn,grad_norm,9184,0.316900
async_dn,grad_norm,9216,0.365300
async_dn,grad_norm,9248,0.325100
async_dn,grad_norm,9280,0.309900
async_dn,grad_norm,9312,0.307500
async_dn,grad_norm,9344,0.315600
async_dn,grad_norm,9376,0.311200
async_dn,grad_norm,9408,0.322700
async_dn,grad_norm,9440,0.338500
async_dn,grad_norm,9472,0.327200
async_dn,grad_norm,9504,0.314700
async_dn,grad_norm,9536,0.325300
async_dn,grad_norm,9568,0.314700
async_dn,grad_norm,9600,0.319100
async_dn,grad_norm,9632,0.330000
async_dn,grad_norm,9664,0.314600
async_dn,grad_norm,9696,0.324700
async_dn,grad_norm,9728,0.311300
async_dn,grad_norm,9760,0.309500
async_dn,grad_norm,9792,0.305900
async_dn,grad_norm,9824,0.320700
async_dn,grad_norm,9856,0.318400
async_dn,grad_norm,9888,0.313100
async_dn,grad_norm,9920,0.320800
async_dn,grad_norm,9952,0.309000
async_dn,grad_norm,9984,0.314100
async_dn,grad_norm,10016,0.338000
async_dn,grad_norm,10048,0.326700
async_dn,grad_norm,10080,0.314300
async_dn,grad_norm,10112,0.325900
async_dn,grad_norm,10144,0.315500
async_dn,grad_norm,10176,0.310200
async_dn,grad_norm,10208,0.326800
async_dn,grad_norm,10240,0.331600
async_dn,grad_norm,10272,0.311200
async_dn,grad_norm,10304,0.311600
async_dn,grad_norm,10336,0.321400
async_dn,grad_norm,10368,0.319500
async_dn,grad_norm,10400,0.316300
async_dn,grad_norm,10432,0.329300
async_dn,grad_norm,10464,0.304600
async_dn,grad_norm,10496,0.307100
async_dn,grad_norm,10528,0.323900
async_dn,grad_norm,10560,0.313400
async_dn,grad_norm,10592,0.306300
async_dn,grad_norm,10624,0.326900
async_dn,grad_norm,10656,0.318100
async_dn,grad_norm,10688,0.314600
async_dn,grad_norm,10720,0.336700
async_dn,grad_norm,10752,0.302800
async_dn,grad_norm,10784,0.309400
async_dn,grad_norm,10816,0.327600
async_dn,grad_norm,10848,0.317000
async_dn,grad_norm,10880,0.321900
async_dn,grad_norm,10912,0.327200
async_dn,grad_norm,10944,0.313500
async_dn,grad_norm,10976,0.324700
async_dn,grad_norm,11008,0.366900
async_dn,grad_norm,11040,0.319600
async_dn,grad_norm,11072,0.311100
async_dn,grad_norm,11104,0.318600
async_dn,grad_norm,11136,0.320800
async_dn,grad_norm,11168,0.318400
async_dn,grad_norm,11200,0.312200
async_dn,grad_norm,11232,0.344400
async_dn,grad_norm,11264,0.313200
async_dn,grad_norm,11296,0.309600
async_dn,grad_norm,11328,0.319300
async_dn,grad_norm,11360,0.318300
async_dn,grad_norm,11392,0.321600
async_dn,grad_norm,11424,0.346900
async_dn,grad_norm,11456,0.317000
async_dn,grad_norm,11488,0.312000
async_dn,grad_norm,11520,0.324200
async_dn,grad_norm,11552,0.322400
async_dn,grad_norm,11584,0.306600
async_dn,grad_norm,11616,0.335000
async_dn,grad_norm,11648,0.322300
async_dn,grad_norm,11680,0.309800
async_dn,grad_norm,11712,0.322000
async_dn,grad_norm,11744,0.323000
async_dn,grad_norm,11776,0.316700
async_dn,grad_norm,11808,0.339500
async_dn,grad_norm,11840,0.319900
async_dn,grad_norm,11872,0.315300
async_dn,grad_norm,11904,0.322700
async_dn,grad_norm,11936,0.309900
async_dn,grad_norm,11968,0.310700
async_dn,grad_norm,12000,0.305800
async_dn,grad_norm,12032,0.345400
async_dn,grad_norm,12064,0.304400
async_dn,grad_norm,12096,0.313100
async_dn,grad_norm,12128,0.320600
async_dn,grad_norm,12160,0.306800
async_dn,grad_norm,12192,0.327000
async_dn,grad_norm,12224,0.336300
async_dn,grad_norm,12256,0.322700
async_dn,grad_norm,12288,0.308300
async_dn,grad_norm,12320,0.306900
async_dn,grad_norm,12352,0.314000
async_dn,grad_norm,12384,0.325400
async_dn,grad_norm,12416,0.394200
async_dn,grad_norm,12448,0.338400
async_dn,grad_norm,12480,0.313800
async_dn,grad_norm,12512,0.310300
async_dn,grad_norm,12544,0.317800
async_dn,grad_norm,12576,0.320500
async_dn,grad_norm,12608,0.355600
async_dn,grad_norm,12640,0.352400
async_dn,grad_norm,12672,0.313300
async_dn,grad_norm,12704,0.313400
async_dn,grad_norm,12736,0.303400
async_dn,grad_norm,12768,0.306400
async_dn,grad_norm,12800,0.308700
async_dn,grad_norm,12832,0.380800
async_dn,grad_norm,12864,0.315200
async_dn,grad_norm,12896,0.302000
async_dn,grad_norm,12928,0.307300
async_dn,grad_norm,12960,0.309600
async_dn,grad_norm,12992,0.315200
async_dn,grad_norm,13024,0.375700
async_dn,grad_norm,13056,0.319200
async_dn,grad_norm,13088,0.302500
async_dn,grad_norm,13120,0.304100
async_dn,grad_norm,13152,0.312700
async_dn,grad_norm,13184,0.302600
async_dn,grad_norm,13216,0.386100
async_dn,grad_norm,13248,0.320700
async_dn,grad_norm,13280,0.329700
async_dn,grad_norm,13312,0.314600
async_dn,grad_norm,13344,0.309200
async_dn,grad_norm,13376,0.322400
async_dn,grad_norm,13408,0.359900
async_dn,grad_norm,13440,0.329800
async_dn,grad_norm,13472,0.309200
async_dn,grad_norm,13504,0.326600
async_dn,grad_norm,13536,0.308900
async_dn,grad_norm,13568,0.300500
async_dn,grad_norm,13600,0.312000
async_dn,grad_norm,13632,0.395400
async_dn,grad_norm,13664,0.305500
async_dn,grad_norm,13696,0.309600
async_dn,grad_norm,13728,0.305600
async_dn,grad_norm,13760,0.310600
async_dn,grad_norm,13792,0.316300
async_dn,grad_norm,13824,0.375500
async_dn,grad_norm,13856,0.312200
async_dn,grad_norm,13888,0.302600
async_dn,grad_norm,13920,0.302000
async_dn,grad_norm,13952,0.304700
async_dn,grad_norm,13984,0.319600
async_dn,grad_norm,14016,0.383700
async_dn,grad_norm,14048,0.318700
async_dn,grad_norm,14080,0.313300
async_dn,grad_norm,14112,0.308100
async_dn,grad_norm,14144,0.317500
async_dn,grad_norm,14176,0.303500
async_dn,grad_norm,14208,0.354500
async_dn,grad_norm,14240,0.336000
async_dn,grad_norm,14272,0.298900
async_dn,grad_norm,14304,0.295300
async_dn,grad_norm,14336,0.300800
async_dn,grad_norm,14368,0.298900
async_dn,grad_norm,14400,0.309700
async_dn,grad_norm,14432,0.379800
async_dn,grad_norm,14464,0.309600
async_dn,grad_norm,14496,0.307100
async_dn,grad_norm,14528,0.307900
async_dn,grad_norm,14560,0.302700
async_dn,grad_norm,14592,0.310100
async_dn,grad_norm,14624,0.372500
async_dn,grad_norm,14656,0.306300
async_dn,grad_norm,14688,0.309000
async_dn,grad_norm,14720,0.309100
async_dn,grad_norm,14752,0.308600
async_dn,grad_norm,14784,0.308400
async_dn,grad_norm,14816,0.358600
async_dn,grad_norm,14848,0.318800
async_dn,grad_norm,14880,0.304600
async_dn,grad_norm,14912,0.309700
async_dn,grad_norm,14944,0.304900
async_dn,grad_norm,14976,0.299100
async_dn,grad_norm,15008,0.297600
async_dn,grad_norm,15040,0.308000
async_dn,grad_norm,15072,0.313700
async_dn,grad_norm,15104,0.319100
async_dn,grad_norm,15136,0.331700
async_dn,grad_norm,15168,0.296700
async_dn,grad_norm,15200,0.296400
async_dn,grad_norm,15232,0.300300
async_dn,grad_norm,15264,0.298200
async_dn,grad_norm,15296,0.300800
async_dn,grad_norm,15328,0.307500
async_dn,grad_norm,15360,0.312200
async_dn,grad_norm,15392,0.308600
async_dn,grad_norm,15424,0.300700
async_dn,grad_norm,15456,0.304500
async_dn,grad_norm,15488,0.302700
async_dn,grad_norm,15520,0.331200
async_dn,grad_norm,15552,0.307800
async_dn,grad_norm,15584,0.313200
async_dn,grad_norm,15616,0.305500
async_dn,grad_norm,15648,0.300100
async_dn,grad_norm,15680,0.299500
async_dn,grad_norm,15712,0.305600
async_dn,grad_norm,15744,0.306300
async_dn,grad_norm,15776,0.305600
async_dn,grad_norm,15808,0.314500
async_dn,grad_norm,15840,0.311100
async_dn,grad_norm,15872,0.311800
async_dn,grad_norm,15904,0.319400
async_dn,grad_norm,15936,0.316900
async_dn,grad_norm,15968,0.311000
async_dn,grad_norm,16000,0.314200
async_dn,grad_norm,16032,0.316500
async_dn_dylu,train_loss,32,9.460710
async_dn_dylu,train_loss,64,9.406920
async_dn_dylu,train_loss,96,9.187270
async_dn_dylu,train_loss,128,8.568250
async_dn_dylu,train_loss,160,7.836800
async_dn_dylu,train_loss,192,7.472710
async_dn_dylu,train_loss,224,7.508160
async_dn_dylu,train_loss,256,7.222590
async_dn_dylu,train_loss,288,7.042350
async_dn_dylu,train_loss,320,7.063900
async_dn_dylu,train_loss,352,7.169010
async_dn_dylu,train_loss,384,7.130230
async_dn_dylu,train_loss,416,6.857180
async_dn_dylu,train_loss,448,6.716150
async_dn_dylu,train_loss,480,6.809500
async_dn_dylu,train_loss,512,6.624350
async_dn_dylu,train_loss,544,6.562460
async_dn_dylu,train_loss,576,6.639570
async_dn_dylu,train_loss,608,6.477150
async_dn_dylu,train_loss,640,6.358500
async_dn_dylu,train_loss,672,6.535220
async_dn_dylu,train_loss,704,6.334290
async_dn_dylu,train_loss,736,6.256500
async_dn_dylu,train_loss,768,6.344600
async_dn_dylu,train_loss,800,6.270950
async_dn_dylu,train_loss,832,6.136550
async_dn_dylu,train_loss,864,6.215300
async_dn_dylu,train_loss,896,6.147970
async_dn_dylu,train_loss,928,6.090790
async_dn_dylu,train_loss,960,6.073890
async_dn_dylu,train_loss,992,6.118590
async_dn_dylu,train_loss,1024,5.978880
async_dn_dylu,train_loss,1056,6.046760
async_dn_dylu,train_loss,1088,6.011400
async_dn_dylu,train_loss,1120,5.895670
async_dn_dylu,train_loss,1152,5.956930
async_dn_dylu,train_loss,1184,5.986250
async_dn_dylu,train_loss,1216,5.813240
async_dn_dylu,train_loss,1248,5.801320
async_dn_dylu,train_loss,1280,5.936180
async_dn_dylu,train_loss,1312,5.756750
async_dn_dylu,train_loss,1344,5.754120
async_dn_dylu,train_loss,1376,5.823730
async_dn_dylu,train_loss,1408,5.689060
async_dn_dylu,train_loss,1440,5.636740
async_dn_dylu,train_loss,1472,5.770250
async_dn_dylu,train_loss,1504,5.600340
async_dn_dylu,train_loss,1536,5.569750
async_dn_dylu,train_loss,1568,5.700600
async_dn_dylu,train_loss,1600,5.540170
async_dn_dylu,train_loss,1632,5.482990
async_dn_dylu,train_loss,1664,5.598970
async_dn_dylu,train_loss,1696,5.431850
async_dn_dylu,train_loss,1728,5.398390
async_dn_dylu,train_loss,1760,5.542030
async_dn_dylu,train_loss,1792,5.395310
async_dn_dylu,train_loss,1824,5.369960
async_dn_dylu,train_loss,1856,5.444060
async_dn_dylu,train_loss,1888,5.312830
async_dn_dylu,train_loss,1920,5.265420
async_dn_dylu,train_loss,1952,5.363620
async_dn_dylu,train_loss,1984,5.311440
async_dn_dylu,train_loss,2016,5.182760
async_dn_dylu,train_loss,2048,5.301390
async_dn_dylu,train_loss,2080,5.192960
async_dn_dylu,train_loss,2112,5.159580
async_dn_dylu,train_loss,2144,5.251830
async_dn_dylu,train_loss,2176,5.126240
async_dn_dylu,train_loss,2208,5.122890
async_dn_dylu,train_loss,2240,5.178650
async_dn_dylu,train_loss,2272,5.087600
async_dn_dylu,train_loss,2304,5.136170
async_dn_dylu,train_loss,2336,5.082900
async_dn_dylu,train_loss,2368,5.007860
async_dn_dylu,train_loss,2400,5.033300
async_dn_dylu,train_loss,2432,5.043120
async_dn_dylu,train_loss,2464,4.959470
async_dn_dylu,train_loss,2496,4.950870
async_dn_dylu,train_loss,2528,5.046380
async_dn_dylu,train_loss,2560,4.979740
async_dn_dylu,train_loss,2592,4.962070
async_dn_dylu,train_loss,2624,4.973370
async_dn_dylu,train_loss,2656,4.880270
async_dn_dylu,train_loss,2688,4.888120
async_dn_dylu,train_loss,2720,4.955260
async_dn_dylu,train_loss,2752,4.843940
async_dn_dylu,train_loss,2784,4.810570
async_dn_dylu,train_loss,2816,4.925970
async_dn_dylu,train_loss,2848,4.828970
async_dn_dylu,train_loss,2880,4.837830
async_dn_dylu,train_loss,2912,4.894540
async_dn_dylu,train_loss,2944,4.785280
async_dn_dylu,train_loss,2976,4.817010
async_dn_dylu,train_loss,3008,4.815580
async_dn_dylu,train_loss,3040,4.724940
async_dn_dylu,train_loss,3072,4.759480
async_dn_dylu,train_loss,3104,4.786650
async_dn_dylu,train_loss,3136,4.740410
async_dn_dylu,train_loss,3168,4.704400
async_dn_dylu,train_loss,3200,4.777920
async_dn_dylu,train_loss,3232,4.672540
async_dn_dylu,train_loss,3264,4.688350
async_dn_dylu,train_loss,3296,4.735620
async_dn_dylu,train_loss,3328,4.640690
async_dn_dylu,train_loss,3360,4.636160
async_dn_dylu,train_loss,3392,4.720440
async_dn_dylu,train_loss,3424,4.606970
async_dn_dylu,train_loss,3456,4.579930
async_dn_dylu,train_loss,3488,4.699540
async_dn_dylu,train_loss,3520,4.586580
async_dn_dylu,train_loss,3552,4.578180
async_dn_dylu,train_loss,3584,4.643400
async_dn_dylu,train_loss,3616,4.608550
async_dn_dylu,train_loss,3648,4.509610
async_dn_dylu,train_loss,3680,4.592730
async_dn_dylu,train_loss,3712,4.533700
async_dn_dylu,train_loss,3744,4.496010
async_dn_dylu,train_loss,3776,4.616190
async_dn_dylu,train_loss,3808,4.516350
async_dn_dylu,train_loss,3840,4.457260
async_dn_dylu,train_loss,3872,4.491790
async_dn_dylu,train_loss,3904,4.475840
async_dn_dylu,train_loss,3936,4.429590
async_dn_dylu,train_loss,3968,4.469550
async_dn_dylu,train_loss,4000,4.434510
async_dn_dylu,train_loss,4032,4.415820
async_dn_dylu,train_loss,4064,4.403850
async_dn_dylu,train_loss,4096,4.442040
async_dn_dylu,train_loss,4128,4.415410
async_dn_dylu,train_loss,4160,4.367430
async_dn_dylu,train_loss,4192,4.475640
async_dn_dylu,train_loss,4224,4.435770
async_dn_dylu,train_loss,4256,4.379150
async_dn_dylu,train_loss,4288,4.420090
async_dn_dylu,train_loss,4320,4.448240
async_dn_dylu,train_loss,4352,4.482920
async_dn_dylu,train_loss,4384,4.365050
async_dn_dylu,train_loss,4416,4.359380
async_dn_dylu,train_loss,4448,4.378140
async_dn_dylu,train_loss,4480,4.344230
async_dn_dylu,train_loss,4512,4.321490
async_dn_dylu,train_loss,4544,4.484420
async_dn_dylu,train_loss,4576,4.314040
async_dn_dylu,train_loss,4608,4.305940
async_dn_dylu,train_loss,4640,4.340980
async_dn_dylu,train_loss,4672,4.306270
async_dn_dylu,train_loss,4704,4.282420
async_dn_dylu,train_loss,4736,4.452390
async_dn_dylu,train_loss,4768,4.265020
async_dn_dylu,train_loss,4800,4.273960
async_dn_dylu,train_loss,4832,4.329610
async_dn_dylu,train_loss,4864,4.243870
async_dn_dylu,train_loss,4896,4.295510
async_dn_dylu,train_loss,4928,4.344310
async_dn_dylu,train_loss,4960,4.214780
async_dn_dylu,train_loss,4992,4.214060
async_dn_dylu,train_loss,5024,4.287550
async_dn_dylu,train_loss,5056,4.237540
async_dn_dylu,train_loss,5088,4.178720
async_dn_dylu,train_loss,5120,4.323750
async_dn_dylu,train_loss,5152,4.246370
async_dn_dylu,train_loss,5184,4.154050
async_dn_dylu,train_loss,5216,4.277900
async_dn_dylu,train_loss,5248,4.183560
async_dn_dylu,train_loss,5280,4.186980
async_dn_dylu,train_loss,5312,4.258930
async_dn_dylu,train_loss,5344,4.206320
async_dn_dylu,train_loss,5376,4.188550
async_dn_dylu,train_loss,5408,4.226890
async_dn_dylu,train_loss,5440,4.170380
async_dn_dylu,train_loss,5472,4.113970
async_dn_dylu,train_loss,5504,4.168530
async_dn_dylu,train_loss,5536,4.182320
async_dn_dylu,train_loss,5568,4.095150
async_dn_dylu,train_loss,5600,4.183520
async_dn_dylu,train_loss,5632,4.167950
async_dn_dylu,train_loss,5664,4.106780
async_dn_dylu,train_loss,5696,4.145000
async_dn_dylu,train_loss,5728,4.182930
async_dn_dylu,train_loss,5760,4.105450
async_dn_dylu,train_loss,5792,4.171210
async_dn_dylu,train_loss,5824,4.167910
async_dn_dylu,train_loss,5856,4.067280
async_dn_dylu,train_loss,5888,4.110250
async_dn_dylu,train_loss,5920,4.159310
async_dn_dylu,train_loss,5952,4.088070
async_dn_dylu,train_loss,5984,4.108970
async_dn_dylu,train_loss,6016,4.162720
async_dn_dylu,train_loss,6048,4.048940
async_dn_dylu,train_loss,6080,4.025830
async_dn_dylu,train_loss,6112,4.158510
async_dn_dylu,train_loss,6144,4.059230
async_dn_dylu,train_loss,6176,4.033700
async_dn_dylu,train_loss,6208,4.152690
async_dn_dylu,train_loss,6240,4.064920
async_dn_dylu,train_loss,6272,4.057500
async_dn_dylu,train_loss,6304,4.171900
async_dn_dylu,train_loss,6336,4.060570
async_dn_dylu,train_loss,6368,4.004870
async_dn_dylu,train_loss,6400,4.114440
async_dn_dylu,train_loss,6432,4.047580
async_dn_dylu,train_loss,6464,3.998680
async_dn_dylu,train_loss,6496,4.204010
async_dn_dylu,train_loss,6528,4.010610
async_dn_dylu,train_loss,6560,3.981630
async_dn_dylu,train_loss,6592,4.067330
async_dn_dylu,train_loss,6624,4.012240
async_dn_dylu,train_loss,6656,3.989430
async_dn_dylu,train_loss,6688,4.088500
async_dn_dylu,train_loss,6720,3.969360
async_dn_dylu,train_loss,6752,3.974630
async_dn_dylu,train_loss,6784,4.069470
async_dn_dylu,train_loss,6816,4.003370
async_dn_dylu,train_loss,6848,3.990290
async_dn_dylu,train_loss,6880,4.067590
async_dn_dylu,train_loss,6912,3.985430
async_dn_dylu,train_loss,6944,3.958280
async_dn_dylu,train_loss,6976,4.072810
async_dn_dylu,train_loss,7008,4.028330
async_dn_dylu,train_loss,7040,3.951910
async_dn_dylu,train_loss,7072,4.020590
async_dn_dylu,train_loss,7104,3.964300
async_dn_dylu,train_loss,7136,3.902800
async_dn_dylu,train_loss,7168,3.985890
async_dn_dylu,train_loss,7200,3.905770
async_dn_dylu,train_loss,7232,3.877040
async_dn_dylu,train_loss,7264,4.022030
async_dn_dylu,train_loss,7296,3.960750
async_dn_dylu,train_loss,7328,3.888980
async_dn_dylu,train_loss,7360,3.981950
async_dn_dylu,train_loss,7392,3.929080
async_dn_dylu,train_loss,7424,3.922150
async_dn_dylu,train_loss,7456,3.987290
async_dn_dylu,train_loss,7488,3.882040
async_dn_dylu,train_loss,7520,3.846940
async_dn_dylu,train_loss,7552,3.972360
async_dn_dylu,train_loss,7584,3.886990
async_dn_dylu,train_loss,7616,3.864530
async_dn_dylu,train_loss,7648,3.969170
async_dn_dylu,train_loss,7680,3.895740
async_dn_dylu,train_loss,7712,3.899090
async_dn_dylu,train_loss,7744,3.901840
async_dn_dylu,train_loss,7776,3.883560
async_dn_dylu,train_loss,7808,3.844990
async_dn_dylu,train_loss,7840,3.917870
async_dn_dylu,train_loss,7872,3.884430
async_dn_dylu,train_loss,7904,3.817900
async_dn_dylu,train_loss,7936,3.893200
async_dn_dylu,train_loss,7968,3.849300
async_dn_dylu,train_loss,8000,3.822360
async_dn_dylu,train_loss,8032,3.887640
async_dn_dylu,train_loss,8064,3.891980
async_dn_dylu,train_loss,8096,3.824320
async_dn_dylu,train_loss,8128,3.838420
async_dn_dylu,train_loss,8160,3.872200
async_dn_dylu,train_loss,8192,3.849650
async_dn_dylu,train_loss,8224,3.907570
async_dn_dylu,train_loss,8256,3.881190
async_dn_dylu,train_loss,8288,3.872190
async_dn_dylu,train_loss,8320,3.856540
async_dn_dylu,train_loss,8352,3.822560
async_dn_dylu,train_loss,8384,3.819670
async_dn_dylu,train_loss,8416,3.868550
async_dn_dylu,train_loss,8448,3.814540
async_dn_dylu,train_loss,8480,3.769340
async_dn_dylu,train_loss,8512,3.883790
async_dn_dylu,train_loss,8544,3.828080
async_dn_dylu,train_loss,8576,3.807900
async_dn_dylu,train_loss,8608,3.825370
async_dn_dylu,train_loss,8640,3.782740
async_dn_dylu,train_loss,8672,3.854910
async_dn_dylu,train_loss,8704,3.797640
async_dn_dylu,train_loss,8736,3.798040
async_dn_dylu,train_loss,8768,3.843030
async_dn_dylu,train_loss,8800,3.759110
async_dn_dylu,train_loss,8832,3.783050
async_dn_dylu,train_loss,8864,3.837340
async_dn_dylu,train_loss,8896,3.779050
async_dn_dylu,train_loss,8928,3.780900
async_dn_dylu,train_loss,8960,3.842570
async_dn_dylu,train_loss,8992,3.772030
async_dn_dylu,train_loss,9024,3.713420
async_dn_dylu,train_loss,9056,3.836850
async_dn_dylu,train_loss,9088,3.753170
async_dn_dylu,train_loss,9120,3.729590
async_dn_dylu,train_loss,9152,3.840400
async_dn_dylu,train_loss,9184,3.727140
async_dn_dylu,train_loss,9216,3.739140
async_dn_dylu,train_loss,9248,3.838090
async_dn_dylu,train_loss,9280,3.732490
async_dn_dylu,train_loss,9312,3.748570
async_dn_dylu,train_loss,9344,3.830750
async_dn_dylu,train_loss,9376,3.706400
async_dn_dylu,train_loss,9408,3.723820
async_dn_dylu,train_loss,9440,3.740900
async_dn_dylu,train_loss,9472,3.710400
async_dn_dylu,train_loss,9504,3.737850
async_dn_dylu,train_loss,9536,3.735580
async_dn_dylu,train_loss,9568,3.776730
async_dn_dylu,train_loss,9600,3.753290
async_dn_dylu,train_loss,9632,3.761150
async_dn_dylu,train_loss,9664,3.698190
async_dn_dylu,train_loss,9696,3.731040
async_dn_dylu,train_loss,9728,3.755610
async_dn_dylu,train_loss,9760,3.681430
async_dn_dylu,train_loss,9792,3.698980
async_dn_dylu,train_loss,9824,3.724640
async_dn_dylu,train_loss,9856,3.703790
async_dn_dylu,train_loss,9888,3.665990
async_dn_dylu,train_loss,9920,3.708810
async_dn_dylu,train_loss,9952,3.672710
async_dn_dylu,train_loss,9984,3.657770
async_dn_dylu,train_loss,10016,3.731530
async_dn_dylu,train_loss,10048,3.685470
async_dn_dylu,train_loss,10080,3.693950
async_dn_dylu,train_loss,10112,3.738790
async_dn_dylu,train_loss,10144,3.701430
async_dn_dylu,train_loss,10176,3.637110
async_dn_dylu,train_loss,10208,3.696950
async_dn_dylu,train_loss,10240,3.683920
async_dn_dylu,train_loss,10272,3.663310
async_dn_dylu,train_loss,10304,3.735530
async_dn_dylu,train_loss,10336,3.604790
async_dn_dylu,train_loss,10368,3.654430
async_dn_dylu,train_loss,10400,3.655410
async_dn_dylu,train_loss,10432,3.654480
async_dn_dylu,train_loss,10464,3.632250
async_dn_dylu,train_loss,10496,3.659330
async_dn_dylu,train_loss,10528,3.682080
async_dn_dylu,train_loss,10560,3.602390
async_dn_dylu,train_loss,10592,3.614580
async_dn_dylu,train_loss,10624,3.630250
async_dn_dylu,train_loss,10656,3.677050
async_dn_dylu,train_loss,10688,3.625100
async_dn_dylu,train_loss,10720,3.699090
async_dn_dylu,train_loss,10752,3.587470
async_dn_dylu,train_loss,10784,3.588210
async_dn_dylu,train_loss,10816,3.595330
async_dn_dylu,train_loss,10848,3.617620
async_dn_dylu,train_loss,10880,3.636620
async_dn_dylu,train_loss,10912,3.664070
async_dn_dylu,train_loss,10944,3.602420
async_dn_dylu,train_loss,10976,3.648160
async_dn_dylu,train_loss,11008,3.547860
async_dn_dylu,train_loss,11040,3.590900
async_dn_dylu,train_loss,11072,3.575590
async_dn_dylu,train_loss,11104,3.637950
async_dn_dylu,train_loss,11136,3.580690
async_dn_dylu,train_loss,11168,3.597820
async_dn_dylu,train_loss,11200,3.560980
async_dn_dylu,train_loss,11232,3.562130
async_dn_dylu,train_loss,11264,3.605990
async_dn_dylu,train_loss,11296,3.577250
async_dn_dylu,train_loss,11328,3.597830
async_dn_dylu,train_loss,11360,3.562710
async_dn_dylu,train_loss,11392,3.618550
async_dn_dylu,train_loss,11424,3.542180
async_dn_dylu,train_loss,11456,3.549820
async_dn_dylu,train_loss,11488,3.589760
async_dn_dylu,train_loss,11520,3.553120
async_dn_dylu,train_loss,11552,3.589810
async_dn_dylu,train_loss,11584,3.552560
async_dn_dylu,train_loss,11616,3.520650
async_dn_dylu,train_loss,11648,3.501440
async_dn_dylu,train_loss,11680,3.562130
async_dn_dylu,train_loss,11712,3.497160
async_dn_dylu,train_loss,11744,3.589570
async_dn_dylu,train_loss,11776,3.578780
async_dn_dylu,train_loss,11808,3.504940
async_dn_dylu,train_loss,11840,3.553120
async_dn_dylu,train_loss,11872,3.542380
async_dn_dylu,train_loss,11904,3.500900
async_dn_dylu,train_loss,11936,3.530650
async_dn_dylu,train_loss,11968,3.497940
async_dn_dylu,train_loss,12000,3.529790
async_dn_dylu,train_loss,12032,3.491520
async_dn_dylu,train_loss,12064,3.464310
async_dn_dylu,train_loss,12096,3.499820
async_dn_dylu,train_loss,12128,3.498760
async_dn_dylu,train_loss,12160,3.452260
async_dn_dylu,train_loss,12192,3.495170
async_dn_dylu,train_loss,12224,3.540270
async_dn_dylu,train_loss,12256,3.489110
async_dn_dylu,train_loss,12288,3.474420
async_dn_dylu,train_loss,12320,3.483380
async_dn_dylu,train_loss,12352,3.450400
async_dn_dylu,train_loss,12384,3.489690
async_dn_dylu,train_loss,12416,3.497570
async_dn_dylu,train_loss,12448,3.463410
async_dn_dylu,train_loss,12480,3.495320
async_dn_dylu,train_loss,12512,3.507700
async_dn_dylu,train_loss,12544,3.441800
async_dn_dylu,train_loss,12576,3.523630
async_dn_dylu,train_loss,12608,3.490940
async_dn_dylu,train_loss,12640,3.432320
async_dn_dylu,train_loss,12672,3.455810
async_dn_dylu,train_loss,12704,3.463650
async_dn_dylu,train_loss,12736,3.389760
async_dn_dylu,train_loss,12768,3.424260
async_dn_dylu,train_loss,12800,3.416320
async_dn_dylu,train_loss,12832,3.424090
async_dn_dylu,train_loss,12864,3.444900
async_dn_dylu,train_loss,12896,3.419370
async_dn_dylu,train_loss,12928,3.369740
async_dn_dylu,train_loss,12960,3.435230
async_dn_dylu,train_loss,12992,3.406580
async_dn_dylu,train_loss,13024,3.395290
async_dn_dylu,train_loss,13056,3.398610
async_dn_dylu,train_loss,13088,3.416150
async_dn_dylu,train_loss,13120,3.357370
async_dn_dylu,train_loss,13152,3.378700
async_dn_dylu,train_loss,13184,3.375470
async_dn_dylu,train_loss,13216,3.379970
async_dn_dylu,train_loss,13248,3.377620
async_dn_dylu,train_loss,13280,3.394260
async_dn_dylu,train_loss,13312,3.364600
async_dn_dylu,train_loss,13344,3.383550
async_dn_dylu,train_loss,13376,3.429010
async_dn_dylu,train_loss,13408,3.371390
async_dn_dylu,train_loss,13440,3.329780
async_dn_dylu,train_loss,13472,3.366300
async_dn_dylu,train_loss,13504,3.401140
async_dn_dylu,train_loss,13536,3.354570
async_dn_dylu,train_loss,13568,3.397580
async_dn_dylu,train_loss,13600,3.401860
async_dn_dylu,train_loss,13632,3.348170
async_dn_dylu,train_loss,13664,3.389430
async_dn_dylu,train_loss,13696,3.333040
async_dn_dylu,train_loss,13728,3.359740
async_dn_dylu,train_loss,13760,3.350760
async_dn_dylu,train_loss,13792,3.350420
async_dn_dylu,train_loss,13824,3.332860
async_dn_dylu,train_loss,13856,3.323170
async_dn_dylu,train_loss,13888,3.341080
async_dn_dylu,train_loss,13920,3.320590
async_dn_dylu,train_loss,13952,3.333540
async_dn_dylu,train_loss,13984,3.378050
async_dn_dylu,train_loss,14016,3.327780
async_dn_dylu,train_loss,14048,3.327760
async_dn_dylu,train_loss,14080,3.337320
async_dn_dylu,train_loss,14112,3.368680
async_dn_dylu,train_loss,14144,3.350660
async_dn_dylu,train_loss,14176,3.344380
async_dn_dylu,train_loss,14208,3.342950
async_dn_dylu,train_loss,14240,3.306140
async_dn_dylu,train_loss,14272,3.370210
async_dn_dylu,train_loss,14304,3.293300
async_dn_dylu,train_loss,14336,3.339340
async_dn_dylu,train_loss,14368,3.346400
async_dn_dylu,train_loss,14400,3.337960
async_dn_dylu,train_loss,14432,3.273860
async_dn_dylu,train_loss,14464,3.361810
async_dn_dylu,train_loss,14496,3.370310
async_dn_dylu,train_loss,14528,3.315060
async_dn_dylu,train_loss,14560,3.343910
async_dn_dylu,train_loss,14592,3.320040
async_dn_dylu,train_loss,14624,3.281750
async_dn_dylu,train_loss,14656,3.315520
async_dn_dylu,train_loss,14688,3.318660
async_dn_dylu,train_loss,14720,3.296130
async_dn_dylu,train_loss,14752,3.314850
async_dn_dylu,train_loss,14784,3.297950
async_dn_dylu,train_loss,14816,3.265730
async_dn_dylu,train_loss,14848,3.332130
async_dn_dylu,train_loss,14880,3.318230
async_dn_dylu,train_loss,14912,3.335000
async_dn_dylu,train_loss,14944,3.227240
async_dn_dylu,train_loss,14976,3.314910
async_dn_dylu,train_loss,15008,3.302000
async_dn_dylu,train_loss,15040,3.262850
async_dn_dylu,train_loss,15072,3.269110
async_dn_dylu,train_loss,15104,3.301130
async_dn_dylu,train_loss,15136,3.280350
async_dn_dylu,train_loss,15168,3.292800
async_dn_dylu,train_loss,15200,3.233830
async_dn_dylu,train_loss,15232,3.201740
async_dn_dylu,train_loss,15264,3.294920
async_dn_dylu,train_loss,15296,3.248370
async_dn_dylu,train_loss,15328,3.290200
async_dn_dylu,train_loss,15360,3.292280
async_dn_dylu,train_loss,15392,3.295500
async_dn_dylu,train_loss,15424,3.277910
async_dn_dylu,train_loss,15456,3.345590
async_dn_dylu,train_loss,15488,3.276630
async_dn_dylu,train_loss,15520,3.259510
async_dn_dylu,train_loss,15552,3.245410
async_dn_dylu,train_loss,15584,3.272350
async_dn_dylu,train_loss,15616,3.249350
async_dn_dylu,train_loss,15648,3.280190
async_dn_dylu,train_loss,15680,3.247320
async_dn_dylu,train_loss,15712,3.280890
async_dn_dylu,train_loss,15744,3.262300
async_dn_dylu,train_loss,15776,3.258870
async_dn_dylu,train_loss,15808,3.254450
async_dn_dylu,train_loss,15840,3.219180
async_dn_dylu,train_loss,15872,3.236630
async_dn_dylu,train_loss,15904,3.260320
async_dn_dylu,train_loss,15936,3.188960
async_dn_dylu,train_loss,15968,3.200520
async_dn_dylu,train_loss,16000,3.317160
async_dn_dylu,train_loss,16032,3.267350
async_dn_dylu,eval_loss,321,6.988860
async_dn_dylu,eval_loss,642,6.300710
async_dn_dylu,eval_loss,963,6.268600
async_dn_dylu,eval_loss,1284,5.779410
async_dn_dylu,eval_loss,1605,5.495120
async_dn_dylu,eval_loss,1926,5.253010
async_dn_dylu,eval_loss,2247,5.100490
async_dn_dylu,eval_loss,2568,4.917390
async_dn_dylu,eval_loss,2889,4.970630
async_dn_dylu,eval_loss,3210,4.681510
async_dn_dylu,eval_loss,3531,4.561960
async_dn_dylu,eval_loss,3852,4.467140
async_dn_dylu,eval_loss,4173,4.467540
async_dn_dylu,eval_loss,4494,4.311080
async_dn_dylu,eval_loss,4815,4.391510
async_dn_dylu,eval_loss,5136,4.233590
async_dn_dylu,eval_loss,5457,4.147230
async_dn_dylu,eval_loss,5778,4.099300
async_dn_dylu,eval_loss,6099,4.151130
async_dn_dylu,eval_loss,6420,4.031380
async_dn_dylu,eval_loss,6741,3.970830
async_dn_dylu,eval_loss,7062,4.056530
async_dn_dylu,eval_loss,7383,3.918890
async_dn_dylu,eval_loss,7704,3.871600
async_dn_dylu,eval_loss,8025,4.032090
async_dn_dylu,eval_loss,8346,3.833740
async_dn_dylu,eval_loss,8667,3.892740
async_dn_dylu,eval_loss,8988,3.767850
async_dn_dylu,eval_loss,9309,3.733100
async_dn_dylu,eval_loss,9630,3.727710
async_dn_dylu,eval_loss,9951,3.686970
async_dn_dylu,eval_loss,10272,3.661510
async_dn_dylu,eval_loss,10593,3.645300
async_dn_dylu,eval_loss,10914,3.616880
async_dn_dylu,eval_loss,11235,3.583830
async_dn_dylu,eval_loss,11556,3.556140
async_dn_dylu,eval_loss,11877,3.524610
async_dn_dylu,eval_loss,12198,3.522970
async_dn_dylu,eval_loss,12519,3.472560
async_dn_dylu,eval_loss,12840,3.437680
async_dn_dylu,eval_loss,13161,3.465930
async_dn_dylu,eval_loss,13482,3.387160
async_dn_dylu,eval_loss,13803,3.361810
async_dn_dylu,eval_loss,14124,3.326750
async_dn_dylu,eval_loss,14445,3.384750
async_dn_dylu,eval_loss,14766,3.306260
async_dn_dylu,eval_loss,15087,3.271770
async_dn_dylu,eval_loss,15408,3.250860
async_dn_dylu,eval_loss,15729,3.258650
async_dn_dylu,eval_loss,16050,3.225450
async_dn_dylu,grad_norm,32,0.443900
async_dn_dylu,grad_norm,64,0.452900
async_dn_dylu,grad_norm,96,0.746800
async_dn_dylu,grad_norm,128,1.350800
async_dn_dylu,grad_norm,160,0.810600
async_dn_dylu,grad_norm,192,0.558800
async_dn_dylu,grad_norm,224,3.582800
async_dn_dylu,grad_norm,256,0.624100
async_dn_dylu,grad_norm,288,0.408600
async_dn_dylu,grad_norm,320,0.820400
async_dn_dylu,grad_norm,352,1.791100
async_dn_dylu,grad_norm,384,0.691400
async_dn_dylu,grad_norm,416,0.380400
async_dn_dylu,grad_norm,448,0.329100
async_dn_dylu,grad_norm,480,1.355700
async_dn_dylu,grad_norm,512,0.422000
async_dn_dylu,grad_norm,544,0.374500
async_dn_dylu,grad_norm,576,0.660500
async_dn_dylu,grad_norm,608,0.492300
async_dn_dylu,grad_norm,640,0.484600
async_dn_dylu,grad_norm,672,1.113200
async_dn_dylu,grad_norm,704,0.421600
async_dn_dylu,grad_norm,736,0.374200
async_dn_dylu,grad_norm,768,0.653900
async_dn_dylu,grad_norm,800,0.419400
async_dn_dylu,grad_norm,832,0.351400
async_dn_dylu,grad_norm,864,0.583800
async_dn_dylu,grad_norm,896,0.521200
async_dn_dylu,grad_norm,928,0.340000
async_dn_dylu,grad_norm,960,0.425600
async_dn_dylu,grad_norm,992,0.452200
async_dn_dylu,grad_norm,1024,0.348500
async_dn_dylu,grad_norm,1056,0.542600
async_dn_dylu,grad_norm,1088,0.448600
async_dn_dylu,grad_norm,1120,0.348000
async_dn_dylu,grad_norm,1152,0.455100
async_dn_dylu,grad_norm,1184,0.474500
async_dn_dylu,grad_norm,1216,0.378100
async_dn_dylu,grad_norm,1248,0.347100
async_dn_dylu,grad_norm,1280,0.582400
async_dn_dylu,grad_norm,1312,0.343500
async_dn_dylu,grad_norm,1344,0.411300
async_dn_dylu,grad_norm,1376,0.439900
async_dn_dylu,grad_norm,1408,0.365000
async_dn_dylu,grad_norm,1440,0.329200
async_dn_dylu,grad_norm,1472,0.675300
async_dn_dylu,grad_norm,1504,0.320200
async_dn_dylu,grad_norm,1536,0.365000
async_dn_dylu,grad_norm,1568,0.496300
async_dn_dylu,grad_norm,1600,0.336500
async_dn_dylu,grad_norm,1632,0.327000
async_dn_dylu,grad_norm,1664,0.498700
async_dn_dylu,grad_norm,1696,0.330300
async_dn_dylu,grad_norm,1728,0.316500
async_dn_dylu,grad_norm,1760,0.461800
async_dn_dylu,grad_norm,1792,0.327100
async_dn_dylu,grad_norm,1824,0.383100
async_dn_dylu,grad_norm,1856,0.502200
async_dn_dylu,grad_norm,1888,0.319900
async_dn_dylu,grad_norm,1920,0.317300
async_dn_dylu,grad_norm,1952,0.398300
async_dn_dylu,grad_norm,1984,0.327300
async_dn_dylu,grad_norm,2016,0.351400
async_dn_dylu,grad_norm,2048,0.400900
async_dn_dylu,grad_norm,2080,0.322700
async_dn_dylu,grad_norm,2112,0.286300
async_dn_dylu,grad_norm,2144,0.374500
async_dn_dylu,grad_norm,2176,0.298400
async_dn_dylu,grad_norm,2208,0.316800
async_dn_dylu,grad_norm,2240,0.425800
async_dn_dylu,grad_norm,2272,0.309300
async_dn_dylu,grad_norm,2304,0.363800
async_dn_dylu,grad_norm,2336,0.312000
async_dn_dylu,grad_norm,2368,0.409500
async_dn_dylu,grad_norm,2400,0.319400
async_dn_dylu,grad_norm,2432,0.321000
async_dn_dylu,grad_norm,2464,0.274300
async_dn_dylu,grad_norm,2496,0.293700
async_dn_dylu,grad_norm,2528,0.317000
async_dn_dylu,grad_norm,2560,0.274600
async_dn_dylu,grad_norm,2592,0.341500
async_dn_dylu,grad_norm,2624,0.311600
async_dn_dylu,grad_norm,2656,0.261400
async_dn_dylu,grad_norm,2688,0.293000
async_dn_dylu,grad_norm,2720,0.338400
async_dn_dylu,grad_norm,2752,0.277700
async_dn_dylu,grad_norm,2784,0.266300
async_dn_dylu,grad_norm,2816,0.334100
async_dn_dylu,grad_norm,2848,0.279900
async_dn_dylu,grad_norm,2880,0.283300
async_dn_dylu,grad_norm,2912,0.305600
async_dn_dylu,grad_norm,2944,0.265000
async_dn_dylu,grad_norm,2976,0.327100
async_dn_dylu,grad_norm,3008,0.292300
async_dn_dylu,grad_norm,3040,0.257600
async_dn_dylu,grad_norm,3072,0.277700
async_dn_dylu,grad_norm,3104,0.285500
async_dn_dylu,grad_norm,3136,0.254800
async_dn_dylu,grad_norm,3168,0.252000
async_dn_dylu,grad_norm,3200,0.317900
async_dn_dylu,grad_norm,3232,0.261200
async_dn_dylu,grad_norm,3264,0.278200
async_dn_dylu,grad_norm,3296,0.281200
async_dn_dylu,grad_norm,3328,0.247100
async_dn_dylu,grad_norm,3360,0.275000
async_dn_dylu,grad_norm,3392,0.316300
async_dn_dylu,grad_norm,3424,0.244800
async_dn_dylu,grad_norm,3456,0.260200
async_dn_dylu,grad_norm,3488,0.309500
async_dn_dylu,grad_norm,3520,0.254500
async_dn_dylu,grad_norm,3552,0.250300
async_dn_dylu,grad_norm,3584,0.308900
async_dn_dylu,grad_norm,3616,0.263200
async_dn_dylu,grad_norm,3648,0.254500
async_dn_dylu,grad_norm,3680,0.281300
async_dn_dylu,grad_norm,3712,0.250000
async_dn_dylu,grad_norm,3744,0.243100
async_dn_dylu,grad_norm,3776,0.326300
async_dn_dylu,grad_norm,3808,0.275500
async_dn_dylu,grad_norm,3840,0.246400
async_dn_dylu,grad_norm,3872,0.283300
async_dn_dylu,grad_norm,3904,0.253500
async_dn_dylu,grad_norm,3936,0.264700
async_dn_dylu,grad_norm,3968,0.287900
async_dn_dylu,grad_norm,4000,0.269500
async_dn_dylu,grad_norm,4032,0.245400
async_dn_dylu,grad_norm,4064,0.269300
async_dn_dylu,grad_norm,4096,0.266900
async_dn_dylu,grad_norm,4128,0.241500
async_dn_dylu,grad_norm,4160,0.271700
async_dn_dylu,grad_norm,4192,0.301800
async_dn_dylu,grad_norm,4224,0.291500
async_dn_dylu,grad_norm,4256,0.251400
async_dn_dylu,grad_norm,4288,0.250000
async_dn_dylu,grad_norm,4320,0.311300
async_dn_dylu,grad_norm,4352,0.265200
async_dn_dylu,grad_norm,4384,0.247000
async_dn_dylu,grad_norm,4416,0.257200
async_dn_dylu,grad_norm,4448,0.280800
async_dn_dylu,grad_norm,4480,0.240900
async_dn_dylu,grad_norm,4512,0.279700
async_dn_dylu,grad_norm,4544,0.319400
async_dn_dylu,grad_norm,4576,0.239900
async_dn_dylu,grad_norm,4608,0.242700
async_dn_dylu,grad_norm,4640,0.285200
async_dn_dylu,grad_norm,4672,0.247700
async_dn_dylu,grad_norm,4704,0.237800
async_dn_dylu,grad_norm,4736,0.296400
async_dn_dylu,grad_norm,4768,0.238500
async_dn_dylu,grad_norm,4800,0.242900
async_dn_dylu,grad_norm,4832,0.268000
async_dn_dylu,grad_norm,4864,0.247000
async_dn_dylu,grad_norm,4896,0.240100
async_dn_dylu,grad_norm,4928,0.322000
async_dn_dylu,grad_norm,4960,0.240200
async_dn_dylu,grad_norm,4992,0.239300
async_dn_dylu,grad_norm,5024,0.278200
async_dn_dylu,grad_norm,5056,0.242000
async_dn_dylu,grad_norm,5088,0.235800
async_dn_dylu,grad_norm,5120,0.281900
async_dn_dylu,grad_norm,5152,0.247100
async_dn_dylu,grad_norm,5184,0.232100
async_dn_dylu,grad_norm,5216,0.273200
async_dn_dylu,grad_norm,5248,0.238400
async_dn_dylu,grad_norm,5280,0.240500
async_dn_dylu,grad_norm,5312,0.293400
async_dn_dylu,grad_norm,5344,0.243200
async_dn_dylu,grad_norm,5376,0.233700
async_dn_dylu,grad_norm,5408,0.275700
async_dn_dylu,grad_norm,5440,0.245300
async_dn_dylu,grad_norm,5472,0.231200
async_dn_dylu,grad_norm,5504,0.268900
async_dn_dylu,grad_norm,5536,0.241200
async_dn_dylu,grad_norm,5568,0.237800
async_dn_dylu,grad_norm,5600,0.263800
async_dn_dylu,grad_norm,5632,0.242200
async_dn_dylu,grad_norm,5664,0.239700
async_dn_dylu,grad_norm,5696,0.296000
async_dn_dylu,grad_norm,5728,0.259800
async_dn_dylu,grad_norm,5760,0.233000
async_dn_dylu,grad_norm,5792,0.287900
async_dn_dylu,grad_norm,5824,0.256000
async_dn_dylu,grad_norm,5856,0.233800
async_dn_dylu,grad_norm,5888,0.271500
async_dn_dylu,grad_norm,5920,0.267900
async_dn_dylu,grad_norm,5952,0.230400
async_dn_dylu,grad_norm,5984,0.256300
async_dn_dylu,grad_norm,6016,0.270100
async_dn_dylu,grad_norm,6048,0.239800
async_dn_dylu,grad_norm,6080,0.233200
async_dn_dylu,grad_norm,6112,0.312600
async_dn_dylu,grad_norm,6144,0.235400
async_dn_dylu,grad_norm,6176,0.226900
async_dn_dylu,grad_norm,6208,0.289700
async_dn_dylu,grad_norm,6240,0.232900
async_dn_dylu,grad_norm,6272,0.230400
async_dn_dylu,grad_norm,6304,0.280500
async_dn_dylu,grad_norm,6336,0.229800
async_dn_dylu,grad_norm,6368,0.227500
async_dn_dylu,grad_norm,6400,0.273600
async_dn_dylu,grad_norm,6432,0.238300
async_dn_dylu,grad_norm,6464,0.229900
async_dn_dylu,grad_norm,6496,0.277600
async_dn_dylu,grad_norm,6528,0.232400
async_dn_dylu,grad_norm,6560,0.241200
async_dn_dylu,grad_norm,6592,0.288900
async_dn_dylu,grad_norm,6624,0.231400
async_dn_dylu,grad_norm,6656,0.228100
async_dn_dylu,grad_norm,6688,0.278000
async_dn_dylu,grad_norm,6720,0.231100
async_dn_dylu,grad_norm,6752,0.245200
async_dn_dylu,grad_norm,6784,0.269800
async_dn_dylu,grad_norm,6816,0.240100
async_dn_dylu,grad_norm,6848,0.224100
async_dn_dylu,grad_norm,6880,0.293000
async_dn_dylu,grad_norm,6912,0.226600
async_dn_dylu,grad_norm,6944,0.226000
async_dn_dylu,grad_norm,6976,0.292200
async_dn_dylu,grad_norm,7008,0.231500
async_dn_dylu,grad_norm,7040,0.222300
async_dn_dylu,grad_norm,7072,0.260500
async_dn_dylu,grad_norm,7104,0.236800
async_dn_dylu,grad_norm,7136,0.233700
async_dn_dylu,grad_norm,7168,0.279900
async_dn_dylu,grad_norm,7200,0.229000
async_dn_dylu,grad_norm,7232,0.232900
async_dn_dylu,grad_norm,7264,0.281400
async_dn_dylu,grad_norm,7296,0.226900
async_dn_dylu,grad_norm,7328,0.226600
async_dn_dylu,grad_norm,7360,0.276800
async_dn_dylu,grad_norm,7392,0.238200
async_dn_dylu,grad_norm,7424,0.228000
async_dn_dylu,grad_norm,7456,0.274900
async_dn_dylu,grad_norm,7488,0.233900
async_dn_dylu,grad_norm,7520,0.227700
async_dn_dylu,grad_norm,7552,0.268300
async_dn_dylu,grad_norm,7584,0.226600
async_dn_dylu,grad_norm,7616,0.236800
async_dn_dylu,grad_norm,7648,0.281500
async_dn_dylu,grad_norm,7680,0.224600
async_dn_dylu,grad_norm,7712,0.228800
async_dn_dylu,grad_norm,7744,0.269800
async_dn_dylu,grad_norm,7776,0.231800
async_dn_dylu,grad_norm,7808,0.241300
async_dn_dylu,grad_norm,7840,0.269700
async_dn_dylu,grad_norm,7872,0.226600
async_dn_dylu,grad_norm,7904,0.226800
async_dn_dylu,grad_norm,7936,0.264000
async_dn_dylu,grad_norm,7968,0.232300
async_dn_dylu,grad_norm,8000,0.230500
async_dn_dylu,grad_norm,8032,0.262700
async_dn_dylu,grad_norm,8064,0.239700
async_dn_dylu,grad_norm,8096,0.232600
async_dn_dylu,grad_norm,8128,0.261000
async_dn_dylu,grad_norm,8160,0.236100
async_dn_dylu,grad_norm,8192,0.235000
async_dn_dylu,grad_norm,8224,0.278900
async_dn_dylu,grad_norm,8256,0.225300
async_dn_dylu,grad_norm,8288,0.227000
async_dn_dylu,grad_norm,8320,0.249000
async_dn_dylu,grad_norm,8352,0.242300
async_dn_dylu,grad_norm,8384,0.240100
async_dn_dylu,grad_norm,8416,0.272000
async_dn_dylu,grad_norm,8448,0.230000
async_dn_dylu,grad_norm,8480,0.226700
async_dn_dylu,grad_norm,8512,0.251700
async_dn_dylu,grad_norm,8544,0.228200
async_dn_dylu,grad_norm,8576,0.245600
async_dn_dylu,grad_norm,8608,0.240900
async_dn_dylu,grad_norm,8640,0.229100
async_dn_dylu,grad_norm,8672,0.246300
async_dn_dylu,grad_norm,8704,0.243500
async_dn_dylu,grad_norm,8736,0.236800
async_dn_dylu,grad_norm,8768,0.265200
async_dn_dylu,grad_norm,8800,0.236400
async_dn_dylu,grad_norm,8832,0.224800
async_dn_dylu,grad_norm,8864,0.260300
async_dn_dylu,grad_norm,8896,0.231800
async_dn_dylu,grad_norm,8928,0.226200
async_dn_dylu,grad_norm,8960,0.256900
async_dn_dylu,grad_norm,8992,0.232500
async_dn_dylu,grad_norm,9024,0.244900
async_dn_dylu,grad_norm,9056,0.245300
async_dn_dylu,grad_norm,9088,0.226800
async_dn_dylu,grad_norm,9120,0.233800
async_dn_dylu,grad_norm,9152,0.265700
async_dn_dylu,grad_norm,9184,0.235200
async_dn_dylu,grad_norm,9216,0.251500
async_dn_dylu,grad_norm,9248,0.262300
async_dn_dylu,grad_norm,9280,0.240900
async_dn_dylu,grad_norm,9312,0.235800
async_dn_dylu,grad_norm,9344,0.270400
async_dn_dylu,grad_norm,9376,0.238700
async_dn_dylu,grad_norm,9408,0.232200
async_dn_dylu,grad_norm,9440,0.256400
async_dn_dylu,grad_norm,9472,0.231500
async_dn_dylu,grad_norm,9504,0.256500
async_dn_dylu,grad_norm,9536,0.244000
async_dn_dylu,grad_norm,9568,0.230900
async_dn_dylu,grad_norm,9600,0.248900
async_dn_dylu,grad_norm,9632,0.242000
async_dn_dylu,grad_norm,9664,0.231100
async_dn_dylu,grad_norm,9696,0.268000
async_dn_dylu,grad_norm,9728,0.245700
async_dn_dylu,grad_norm,9760,0.228900
async_dn_dylu,grad_norm,9792,0.241100
async_dn_dylu,grad_norm,9824,0.236700
async_dn_dylu,grad_norm,9856,0.231200
async_dn_dylu,grad_norm,9888,0.244600
async_dn_dylu,grad_norm,9920,0.253700
async_dn_dylu,grad_norm,9952,0.233200
async_dn_dylu,grad_norm,9984,0.233200
async_dn_dylu,grad_norm,10016,0.245200
async_dn_dylu,grad_norm,10048,0.225700
async_dn_dylu,grad_norm,10080,0.240400
async_dn_dylu,grad_norm,10112,0.252900
async_dn_dylu,grad_norm,10144,0.231900
async_dn_dylu,grad_norm,10176,0.230300
async_dn_dylu,grad_norm,10208,0.254100
async_dn_dylu,grad_norm,10240,0.231700
async_dn_dylu,grad_norm,10272,0.229400
async_dn_dylu,grad_norm,10304,0.242000
async_dn_dylu,grad_norm,10336,0.233600
async_dn_dylu,grad_norm,10368,0.240500
async_dn_dylu,grad_norm,10400,0.234800
async_dn_dylu,grad_norm,10432,0.229400
async_dn_dylu,grad_norm,10464,0.222400
async_dn_dylu,grad_norm,10496,0.232100
async_dn_dylu,grad_norm,10528,0.229300
async_dn_dylu,grad_norm,10560,0.238400
async_dn_dylu,grad_norm,10592,0.233000
async_dn_dylu,grad_norm,10624,0.232900
async_dn_dylu,grad_norm,10656,0.235700
async_dn_dylu,grad_norm,10688,0.234600
async_dn_dylu,grad_norm,10720,0.238000
async_dn_dylu,grad_norm,10752,0.231900
async_dn_dylu,grad_norm,10784,0.247100
async_dn_dylu,grad_norm,10816,0.240700
async_dn_dylu,grad_norm,10848,0.236600
async_dn_dylu,grad_norm,10880,0.240800
async_dn_dylu,grad_norm,10912,0.236200
async_dn_dylu,grad_norm,10944,0.229800
async_dn_dylu,grad_norm,10976,0.242800
async_dn_dylu,grad_norm,11008,0.235900
async_dn_dylu,grad_norm,11040,0.229800
async_dn_dylu,grad_norm,11072,0.233200
async_dn_dylu,grad_norm,11104,0.240600
async_dn_dylu,grad_norm,11136,0.224900
async_dn_dylu,grad_norm,11168,0.243500
async_dn_dylu,grad_norm,11200,0.240500
async_dn_dylu,grad_norm,11232,0.234500
async_dn_dylu,grad_norm,11264,0.242200
async_dn_dylu,grad_norm,11296,0.239300
async_dn_dylu,grad_norm,11328,0.233400
async_dn_dylu,grad_norm,11360,0.237100
async_dn_dylu,grad_norm,11392,0.248400
async_dn_dylu,grad_norm,11424,0.242000
async_dn_dylu,grad_norm,11456,0.235000
async_dn_dylu,grad_norm,11488,0.252200
async_dn_dylu,grad_norm,11520,0.251400
async_dn_dylu,grad_norm,11552,0.242300
async_dn_dylu,grad_norm,11584,0.257800
async_dn_dylu,grad_norm,11616,0.242100
async_dn_dylu,grad_norm,11648,0.235100
async_dn_dylu,grad_norm,11680,0.257200
async_dn_dylu,grad_norm,11712,0.238000
async_dn_dylu,grad_norm,11744,0.239600
async_dn_dylu,grad_norm,11776,0.251800
async_dn_dylu,grad_norm,11808,0.237200
async_dn_dylu,grad_norm,11840,0.236400
async_dn_dylu,grad_norm,11872,0.233500
async_dn_dylu,grad_norm,11904,0.244700
async_dn_dylu,grad_norm,11936,0.234700
async_dn_dylu,grad_norm,11968,0.226600
async_dn_dylu,grad_norm,12000,0.235500
async_dn_dylu,grad_norm,12032,0.235100
async_dn_dylu,grad_norm,12064,0.234800
async_dn_dylu,grad_norm,12096,0.238800
async_dn_dylu,grad_norm,12128,0.240200
async_dn_dylu,grad_norm,12160,0.229500
async_dn_dylu,grad_norm,12192,0.233900
async_dn_dylu,grad_norm,12224,0.242600
async_dn_dylu,grad_norm,12256,0.232000
async_dn_dylu,grad_norm,12288,0.242100
async_dn_dylu,grad_norm,12320,0.231700
async_dn_dylu,grad_norm,12352,0.227000
async_dn_dylu,grad_norm,12384,0.233500
async_dn_dylu,grad_norm,12416,0.230300
async_dn_dylu,grad_norm,12448,0.224100
async_dn_dylu,grad_norm,12480,0.237400
async_dn_dylu,grad_norm,12512,0.239700
async_dn_dylu,grad_norm,12544,0.221300
async_dn_dylu,grad_norm,12576,0.246200
async_dn_dylu,grad_norm,12608,0.236000
async_dn_dylu,grad_norm,12640,0.228600
async_dn_dylu,grad_norm,12672,0.235200
async_dn_dylu,grad_norm,12704,0.222300
async_dn_dylu,grad_norm,12736,0.222900
async_dn_dylu,grad_norm,12768,0.230300
async_dn_dylu,grad_norm,12800,0.226900
async_dn_dylu,grad_norm,12832,0.215900
async_dn_dylu,grad_norm,12864,0.233300
async_dn_dylu,grad_norm,12896,0.228700
async_dn_dylu,grad_norm,12928,0.214100
async_dn_dylu,grad_norm,12960,0.220200
async_dn_dylu,grad_norm,12992,0.228800
async_dn_dylu,grad_norm,13024,0.215900
async_dn_dylu,grad_norm,13056,0.213900
async_dn_dylu,grad_norm,13088,0.235800
async_dn_dylu,grad_norm,13120,0.211200
async_dn_dylu,grad_norm,13152,0.205600
async_dn_dylu,grad_norm,13184,0.224000
async_dn_dylu,grad_norm,13216,0.211200
async_dn_dylu,grad_norm,13248,0.206500
async_dn_dylu,grad_norm,13280,0.207300
async_dn_dylu,grad_norm,13312,0.205200
async_dn_dylu,grad_norm,13344,0.201000
async_dn_dylu,grad_norm,13376,0.214000
async_dn_dylu,grad_norm,13408,0.201700
async_dn_dylu,grad_norm,13440,0.198300
async_dn_dylu,grad_norm,13472,0.205400
async_dn_dylu,grad_norm,13504,0.202500
async_dn_dylu,grad_norm,13536,0.204900
async_dn_dylu,grad_norm,13568,0.204400
async_dn_dylu,grad_norm,13600,0.201200
async_dn_dylu,grad_norm,13632,0.202800
async_dn_dylu,grad_norm,13664,0.205100
async_dn_dylu,grad_norm,13696,0.198200
async_dn_dylu,grad_norm,13728,0.199400
async_dn_dylu,grad_norm,13760,0.208200
async_dn_dylu,grad_norm,13792,0.220900
async_dn_dylu,grad_norm,13824,0.201400
async_dn_dylu,grad_norm,13856,0.205400
async_dn_dylu,grad_norm,13888,0.200300
async_dn_dylu,grad_norm,13920,0.190800
async_dn_dylu,grad_norm,13952,0.205900
async_dn_dylu,grad_norm,13984,0.239900
async_dn_dylu,grad_norm,14016,0.201400
async_dn_dylu,grad_norm,14048,0.201700
async_dn_dylu,grad_norm,14080,0.201400
async_dn_dylu,grad_norm,14112,0.191700
async_dn_dylu,grad_norm,14144,0.198600
async_dn_dylu,grad_norm,14176,0.219000
async_dn_dylu,grad_norm,14208,0.206100
async_dn_dylu,grad_norm,14240,0.195800
async_dn_dylu,grad_norm,14272,0.209400
async_dn_dylu,grad_norm,14304,0.186100
async_dn_dylu,grad_norm,14336,0.187100
async_dn_dylu,grad_norm,14368,0.206900
async_dn_dylu,grad_norm,14400,0.190600
async_dn_dylu,grad_norm,14432,0.192400
async_dn_dylu,grad_norm,14464,0.215400
async_dn_dylu,grad_norm,14496,0.191900
async_dn_dylu,grad_norm,14528,0.184800
async_dn_dylu,grad_norm,14560,0.206900
async_dn_dylu,grad_norm,14592,0.193800
async_dn_dylu,grad_norm,14624,0.186300
async_dn_dylu,grad_norm,14656,0.204200
async_dn_dylu,grad_norm,14688,0.197800
async_dn_dylu,grad_norm,14720,0.185100
async_dn_dylu,grad_norm,14752,0.202500
async_dn_dylu,grad_norm,14784,0.205100
async_dn_dylu,grad_norm,14816,0.186000
async_dn_dylu,grad_norm,14848,0.213000
async_dn_dylu,grad_norm,14880,0.204700
async_dn_dylu,grad_norm,14912,0.186900
async_dn_dylu,grad_norm,14944,0.179600
async_dn_dylu,grad_norm,14976,0.210500
async_dn_dylu,grad_norm,15008,0.180500
async_dn_dylu,grad_norm,15040,0.180700
async_dn_dylu,grad_norm,15072,0.211200
async_dn_dylu,grad_norm,15104,0.182000
async_dn_dylu,grad_norm,15136,0.195500
async_dn_dylu,grad_norm,15168,0.188800
async_dn_dylu,grad_norm,15200,0.178000
async_dn_dylu,grad_norm,15232,0.175600
async_dn_dylu,grad_norm,15264,0.220400
async_dn_dylu,grad_norm,15296,0.179300
async_dn_dylu,grad_norm,15328,0.178700
async_dn_dylu,grad_norm,15360,0.201600
async_dn_dylu,grad_norm,15392,0.176900
async_dn_dylu,grad_norm,15424,0.172700
async_dn_dylu,grad_norm,15456,0.212700
async_dn_dylu,grad_norm,15488,0.181400
async_dn_dylu,grad_norm,15520,0.190400
async_dn_dylu,grad_norm,15552,0.197100
async_dn_dylu,grad_norm,15584,0.177100
async_dn_dylu,grad_norm,15616,0.204800
async_dn_dylu,grad_norm,15648,0.209300
async_dn_dylu,grad_norm,15680,0.180600
async_dn_dylu,grad_norm,15712,0.197300
async_dn_dylu,grad_norm,15744,0.188100
async_dn_dylu,grad_norm,15776,0.173800
async_dn_dylu,grad_norm,15808,0.216600
async_dn_dylu,grad_norm,15840,0.177000
async_dn_dylu,grad_norm,15872,0.172000
async_dn_dylu,grad_norm,15904,0.198700
async_dn_dylu,grad_norm,15936,0.174000
async_dn_dylu,grad_norm,15968,0.174900
async_dn_dylu,grad_norm,16000,0.218400
async_dn_dylu,grad_norm,16032,0.180400
async_dn_b2,train_loss,32,9.460710
async_dn_b2,train_loss,64,9.406930
async_dn_b2,train_loss,96,9.187260
async_dn_b2,train_loss,128,8.568250
async_dn_b2,train_loss,160,7.836820
async_dn_b2,train_loss,192,7.472710
async_dn_b2,train_loss,224,7.526550
async_dn_b2,train_loss,256,7.229130
async_dn_b2,train_loss,288,7.047360
async_dn_b2,train_loss,320,7.081200
async_dn_b2,train_loss,352,6.964650
async_dn_b2,train_loss,384,6.866220
async_dn_b2,train_loss,416,7.359280
async_dn_b2,train_loss,448,6.886430
async_dn_b2,train_loss,480,6.747180
async_dn_b2,train_loss,512,6.827440
async_dn_b2,train_loss,544,6.698670
async_dn_b2,train_loss,576,6.608790
async_dn_b2,train_loss,608,6.606980
async_dn_b2,train_loss,640,6.572130
async_dn_b2,train_loss,672,6.450380
async_dn_b2,train_loss,704,6.448940
async_dn_b2,train_loss,736,6.494730
async_dn_b2,train_loss,768,6.327820
async_dn_b2,train_loss,800,6.298220
async_dn_b2,train_loss,832,6.421660
async_dn_b2,train_loss,864,6.264320
async_dn_b2,train_loss,896,6.185730
async_dn_b2,train_loss,928,6.330780
async_dn_b2,train_loss,960,6.179600
async_dn_b2,train_loss,992,6.133340
async_dn_b2,train_loss,1024,6.226380
async_dn_b2,train_loss,1056,6.127610
async_dn_b2,train_loss,1088,6.077230
async_dn_b2,train_loss,1120,6.131030
async_dn_b2,train_loss,1152,6.095000
async_dn_b2,train_loss,1184,6.036860
async_dn_b2,train_loss,1216,6.203970
async_dn_b2,train_loss,1248,6.078100
async_dn_b2,train_loss,1280,5.997300
async_dn_b2,train_loss,1312,6.066910
async_dn_b2,train_loss,1344,5.959000
async_dn_b2,train_loss,1376,5.934690
async_dn_b2,train_loss,1408,6.062510
async_dn_b2,train_loss,1440,5.996420
async_dn_b2,train_loss,1472,5.857080
async_dn_b2,train_loss,1504,5.877900
async_dn_b2,train_loss,1536,5.917830
async_dn_b2,train_loss,1568,5.791860
async_dn_b2,train_loss,1600,5.778980
async_dn_b2,train_loss,1632,5.966400
async_dn_b2,train_loss,1664,5.742440
async_dn_b2,train_loss,1696,5.691110
async_dn_b2,train_loss,1728,5.823510
async_dn_b2,train_loss,1760,5.667140
async_dn_b2,train_loss,1792,5.647540
async_dn_b2,train_loss,1824,5.887530
async_dn_b2,train_loss,1856,5.617690
async_dn_b2,train_loss,1888,5.572780
async_dn_b2,train_loss,1920,5.684830
async_dn_b2,train_loss,1952,5.558570
async_dn_b2,train_loss,1984,5.547030
async_dn_b2,train_loss,2016,5.637810
async_dn_b2,train_loss,2048,5.528950
async_dn_b2,train_loss,2080,5.438130
async_dn_b2,train_loss,2112,5.544580
async_dn_b2,train_loss,2144,5.450020
async_dn_b2,train_loss,2176,5.389880
async_dn_b2,train_loss,2208,5.509520
async_dn_b2,train_loss,2240,5.441510
async_dn_b2,train_loss,2272,5.351040
async_dn_b2,train_loss,2304,5.370420
async_dn_b2,train_loss,2336,5.404770
async_dn_b2,train_loss,2368,5.289230
async_dn_b2,train_loss,2400,5.248850
async_dn_b2,train_loss,2432,5.408200
async_dn_b2,train_loss,2464,5.228780
async_dn_b2,train_loss,2496,5.196690
async_dn_b2,train_loss,2528,5.224260
async_dn_b2,train_loss,2560,5.243240
async_dn_b2,train_loss,2592,5.175740
async_dn_b2,train_loss,2624,5.272500
async_dn_b2,train_loss,2656,5.155460
async_dn_b2,train_loss,2688,5.132460
async_dn_b2,train_loss,2720,5.149250
async_dn_b2,train_loss,2752,5.101510
async_dn_b2,train_loss,2784,5.078020
async_dn_b2,train_loss,2816,5.150500
async_dn_b2,train_loss,2848,5.103270
async_dn_b2,train_loss,2880,5.096550
async_dn_b2,train_loss,2912,5.075850
async_dn_b2,train_loss,2944,5.033880
async_dn_b2,train_loss,2976,5.015490
async_dn_b2,train_loss,3008,5.047150
async_dn_b2,train_loss,3040,5.023810
async_dn_b2,train_loss,3072,4.985580
async_dn_b2,train_loss,3104,4.980630
async_dn_b2,train_loss,3136,5.013320
async_dn_b2,train_loss,3168,4.955480
async_dn_b2,train_loss,3200,4.897430
async_dn_b2,train_loss,3232,4.993510
async_dn_b2,train_loss,3264,4.910430
async_dn_b2,train_loss,3296,4.911620
async_dn_b2,train_loss,3328,4.919450
async_dn_b2,train_loss,3360,4.875630
async_dn_b2,train_loss,3392,4.852040
async_dn_b2,train_loss,3424,4.911050
async_dn_b2,train_loss,3456,4.835500
async_dn_b2,train_loss,3488,4.847740
async_dn_b2,train_loss,3520,4.857120
async_dn_b2,train_loss,3552,4.827590
async_dn_b2,train_loss,3584,4.776220
async_dn_b2,train_loss,3616,4.898390
async_dn_b2,train_loss,3648,4.775570
async_dn_b2,train_loss,3680,4.751930
async_dn_b2,train_loss,3712,4.783800
async_dn_b2,train_loss,3744,4.752710
async_dn_b2,train_loss,3776,4.757070
async_dn_b2,train_loss,3808,4.736980
async_dn_b2,train_loss,3840,4.720810
async_dn_b2,train_loss,3872,4.696460
async_dn_b2,train_loss,3904,4.763320
async_dn_b2,train_loss,3936,4.861940
async_dn_b2,train_loss,3968,4.718560
async_dn_b2,train_loss,4000,4.649040
async_dn_b2,train_loss,4032,4.738850
async_dn_b2,train_loss,4064,4.641610
async_dn_b2,train_loss,4096,4.644470
async_dn_b2,train_loss,4128,4.877290
async_dn_b2,train_loss,4160,4.665250
async_dn_b2,train_loss,4192,4.652380
async_dn_b2,train_loss,4224,4.705400
async_dn_b2,train_loss,4256,4.624150
async_dn_b2,train_loss,4288,4.670580
async_dn_b2,train_loss,4320,4.738740
async_dn_b2,train_loss,4352,4.659110
async_dn_b2,train_loss,4384,4.598840
async_dn_b2,train_loss,4416,4.636460
async_dn_b2,train_loss,4448,4.602000
async_dn_b2,train_loss,4480,4.586310
async_dn_b2,train_loss,4512,4.646920
async_dn_b2,train_loss,4544,4.632100
async_dn_b2,train_loss,4576,4.541550
async_dn_b2,train_loss,4608,4.582990
async_dn_b2,train_loss,4640,4.554870
async_dn_b2,train_loss,4672,4.538280
async_dn_b2,train_loss,4704,4.561390
async_dn_b2,train_loss,4736,4.666460
async_dn_b2,train_loss,4768,4.489130
async_dn_b2,train_loss,4800,4.510410
async_dn_b2,train_loss,4832,4.586720
async_dn_b2,train_loss,4864,4.471640
async_dn_b2,train_loss,4896,4.524720
async_dn_b2,train_loss,4928,4.594400
async_dn_b2,train_loss,4960,4.457510
async_dn_b2,train_loss,4992,4.456240
async_dn_b2,train_loss,5024,4.529800
async_dn_b2,train_loss,5056,4.469260
async_dn_b2,train_loss,5088,4.415870
async_dn_b2,train_loss,5120,4.457270
async_dn_b2,train_loss,5152,4.432960
async_dn_b2,train_loss,5184,4.381270
async_dn_b2,train_loss,5216,4.434330
async_dn_b2,train_loss,5248,4.377340
async_dn_b2,train_loss,5280,4.400620
async_dn_b2,train_loss,5312,4.385130
async_dn_b2,train_loss,5344,4.383670
async_dn_b2,train_loss,5376,4.401140
async_dn_b2,train_loss,5408,4.392260
async_dn_b2,train_loss,5440,4.357630
async_dn_b2,train_loss,5472,4.332040
async_dn_b2,train_loss,5504,4.339260
async_dn_b2,train_loss,5536,4.388380
async_dn_b2,train_loss,5568,4.318650
async_dn_b2,train_loss,5600,4.357240
async_dn_b2,train_loss,5632,4.353490
async_dn_b2,train_loss,5664,4.316410
async_dn_b2,train_loss,5696,4.305070
async_dn_b2,train_loss,5728,4.324160
async_dn_b2,train_loss,5760,4.301580
async_dn_b2,train_loss,5792,4.315140
async_dn_b2,train_loss,5824,4.325580
async_dn_b2,train_loss,5856,4.269690
async_dn_b2,train_loss,5888,4.273200
async_dn_b2,train_loss,5920,4.289900
async_dn_b2,train_loss,5952,4.283440
async_dn_b2,train_loss,5984,4.301290
async_dn_b2,train_loss,6016,4.283200
async_dn_b2,train_loss,6048,4.251030
async_dn_b2,train_loss,6080,4.228750
async_dn_b2,train_loss,6112,4.259570
async_dn_b2,train_loss,6144,4.248340
async_dn_b2,train_loss,6176,4.230440
async_dn_b2,train_loss,6208,4.257120
async_dn_b2,train_loss,6240,4.274500
async_dn_b2,train_loss,6272,4.254300
async_dn_b2,train_loss,6304,4.261630
async_dn_b2,train_loss,6336,4.258480
async_dn_b2,train_loss,6368,4.200600
async_dn_b2,train_loss,6400,4.212390
async_dn_b2,train_loss,6432,4.257400
async_dn_b2,train_loss,6464,4.190660
async_dn_b2,train_loss,6496,4.273090
async_dn_b2,train_loss,6528,4.220320
async_dn_b2,train_loss,6560,4.179110
async_dn_b2,train_loss,6592,4.157670
async_dn_b2,train_loss,6624,4.220870
async_dn_b2,train_loss,6656,4.188880
async_dn_b2,train_loss,6688,4.174400
async_dn_b2,train_loss,6720,4.251170
async_dn_b2,train_loss,6752,4.204440
async_dn_b2,train_loss,6784,4.177390
async_dn_b2,train_loss,6816,4.236550
async_dn_b2,train_loss,6848,4.209290
async_dn_b2,train_loss,6880,4.154340
async_dn_b2,train_loss,6912,4.235260
async_dn_b2,train_loss,6944,4.219710
async_dn_b2,train_loss,6976,4.177160
async_dn_b2,train_loss,7008,4.226780
async_dn_b2,train_loss,7040,4.189360
async_dn_b2,train_loss,7072,4.128080
async_dn_b2,train_loss,7104,4.148010
async_dn_b2,train_loss,7136,4.190050
async_dn_b2,train_loss,7168,4.091030
async_dn_b2,train_loss,7200,4.080990
async_dn_b2,train_loss,7232,4.147780
async_dn_b2,train_loss,7264,4.126860
async_dn_b2,train_loss,7296,4.121810
async_dn_b2,train_loss,7328,4.188640
async_dn_b2,train_loss,7360,4.104270
async_dn_b2,train_loss,7392,4.091180
async_dn_b2,train_loss,7424,4.182640
async_dn_b2,train_loss,7456,4.091390
async_dn_b2,train_loss,7488,4.056080
async_dn_b2,train_loss,7520,4.129900
async_dn_b2,train_loss,7552,4.098830
async_dn_b2,train_loss,7584,4.056980
async_dn_b2,train_loss,7616,4.113890
async_dn_b2,train_loss,7648,4.105700
async_dn_b2,train_loss,7680,4.063790
async_dn_b2,train_loss,7712,4.148740
async_dn_b2,train_loss,7744,4.089210
async_dn_b2,train_loss,7776,4.059200
async_dn_b2,train_loss,7808,4.082230
async_dn_b2,train_loss,7840,4.102770
async_dn_b2,train_loss,7872,4.051040
async_dn_b2,train_loss,7904,4.035510
async_dn_b2,train_loss,7936,4.134390
async_dn_b2,train_loss,7968,4.019900
async_dn_b2,train_loss,8000,4.005960
async_dn_b2,train_loss,8032,4.046260
async_dn_b2,train_loss,8064,4.017250
async_dn_b2,train_loss,8096,3.995180
async_dn_b2,train_loss,8128,4.037960
async_dn_b2,train_loss,8160,4.042810
async_dn_b2,train_loss,8192,4.030090
async_dn_b2,train_loss,8224,4.060930
async_dn_b2,train_loss,8256,4.029470
async_dn_b2,train_loss,8288,4.046830
async_dn_b2,train_loss,8320,4.056580
async_dn_b2,train_loss,8352,3.981620
async_dn_b2,train_loss,8384,3.995120
async_dn_b2,train_loss,8416,4.001180
async_dn_b2,train_loss,8448,3.987080
async_dn_b2,train_loss,8480,3.939270
async_dn_b2,train_loss,8512,4.047100
async_dn_b2,train_loss,8544,4.028050
async_dn_b2,train_loss,8576,3.956740
async_dn_b2,train_loss,8608,3.974920
async_dn_b2,train_loss,8640,3.984760
async_dn_b2,train_loss,8672,4.003450
async_dn_b2,train_loss,8704,3.961960
async_dn_b2,train_loss,8736,4.021440
async_dn_b2,train_loss,8768,3.949500
async_dn_b2,train_loss,8800,3.928070
async_dn_b2,train_loss,8832,4.002180
async_dn_b2,train_loss,8864,3.959640
async_dn_b2,train_loss,8896,3.948080
async_dn_b2,train_loss,8928,4.024010
async_dn_b2,train_loss,8960,3.967100
async_dn_b2,train_loss,8992,3.934320
async_dn_b2,train_loss,9024,3.938160
async_dn_b2,train_loss,9056,3.968080
async_dn_b2,train_loss,9088,3.928130
async_dn_b2,train_loss,9120,3.960980
async_dn_b2,train_loss,9152,3.974320
async_dn_b2,train_loss,9184,3.898090
async_dn_b2,train_loss,9216,3.954200
async_dn_b2,train_loss,9248,3.985290
async_dn_b2,train_loss,9280,3.904600
async_dn_b2,train_loss,9312,3.963090
async_dn_b2,train_loss,9344,3.978680
async_dn_b2,train_loss,9376,3.875320
async_dn_b2,train_loss,9408,3.916220
async_dn_b2,train_loss,9440,3.903360
async_dn_b2,train_loss,9472,3.890050
async_dn_b2,train_loss,9504,3.901130
async_dn_b2,train_loss,9536,3.926630
async_dn_b2,train_loss,9568,3.957570
async_dn_b2,train_loss,9600,3.915760
async_dn_b2,train_loss,9632,3.953940
async_dn_b2,train_loss,9664,3.883170
async_dn_b2,train_loss,9696,3.876270
async_dn_b2,train_loss,9728,3.959230
async_dn_b2,train_loss,9760,3.869440
async_dn_b2,train_loss,9792,3.858620
async_dn_b2,train_loss,9824,3.925920
async_dn_b2,train_loss,9856,3.896120
async_dn_b2,train_loss,9888,3.851340
async_dn_b2,train_loss,9920,3.943340
async_dn_b2,train_loss,9952,3.907200
async_dn_b2,train_loss,9984,3.846690
async_dn_b2,train_loss,10016,3.933360
async_dn_b2,train_loss,10048,3.904770
async_dn_b2,train_loss,10080,3.890470
async_dn_b2,train_loss,10112,3.936160
async_dn_b2,train_loss,10144,3.950620
async_dn_b2,train_loss,10176,3.848170
async_dn_b2,train_loss,10208,3.874870
async_dn_b2,train_loss,10240,3.916480
async_dn_b2,train_loss,10272,3.862650
async_dn_b2,train_loss,10304,3.920710
async_dn_b2,train_loss,10336,3.884230
async_dn_b2,train_loss,10368,3.873080
async_dn_b2,train_loss,10400,3.850560
async_dn_b2,train_loss,10432,3.946270
async_dn_b2,train_loss,10464,3.849220
async_dn_b2,train_loss,10496,3.854120
async_dn_b2,train_loss,10528,3.979010
async_dn_b2,train_loss,10560,3.834520
async_dn_b2,train_loss,10592,3.815280
async_dn_b2,train_loss,10624,3.906910
async_dn_b2,train_loss,10656,3.902130
async_dn_b2,train_loss,10688,3.818450
async_dn_b2,train_loss,10720,3.974490
async_dn_b2,train_loss,10752,3.831950
async_dn_b2,train_loss,10784,3.799160
async_dn_b2,train_loss,10816,3.859100
async_dn_b2,train_loss,10848,3.864530
async_dn_b2,train_loss,10880,3.844400
async_dn_b2,train_loss,10912,3.914150
async_dn_b2,train_loss,10944,3.863180
async_dn_b2,train_loss,10976,3.852660
async_dn_b2,train_loss,11008,3.785830
async_dn_b2,train_loss,11040,3.865000
async_dn_b2,train_loss,11072,3.777840
async_dn_b2,train_loss,11104,3.865870
async_dn_b2,train_loss,11136,3.876780
async_dn_b2,train_loss,11168,3.816310
async_dn_b2,train_loss,11200,3.771200
async_dn_b2,train_loss,11232,3.882670
async_dn_b2,train_loss,11264,3.828870
async_dn_b2,train_loss,11296,3.775050
async_dn_b2,train_loss,11328,3.912040
async_dn_b2,train_loss,11360,3.806890
async_dn_b2,train_loss,11392,3.820650
async_dn_b2,train_loss,11424,3.861850
async_dn_b2,train_loss,11456,3.803010
async_dn_b2,train_loss,11488,3.779520
async_dn_b2,train_loss,11520,3.862660
async_dn_b2,train_loss,11552,3.858420
async_dn_b2,train_loss,11584,3.769350
async_dn_b2,train_loss,11616,3.817080
async_dn_b2,train_loss,11648,3.780910
async_dn_b2,train_loss,11680,3.760100
async_dn_b2,train_loss,11712,3.779180
async_dn_b2,train_loss,11744,3.875490
async_dn_b2,train_loss,11776,3.786730
async_dn_b2,train_loss,11808,3.730310
async_dn_b2,train_loss,11840,3.788590
async_dn_b2,train_loss,11872,3.783550
async_dn_b2,train_loss,11904,3.739530
async_dn_b2,train_loss,11936,3.779960
async_dn_b2,train_loss,11968,3.745190
async_dn_b2,train_loss,12000,3.767470
async_dn_b2,train_loss,12032,3.730710
async_dn_b2,train_loss,12064,3.711080
async_dn_b2,train_loss,12096,3.731530
async_dn_b2,train_loss,12128,3.739780
async_dn_b2,train_loss,12160,3.708410
async_dn_b2,train_loss,12192,3.733990
async_dn_b2,train_loss,12224,3.787240
async_dn_b2,train_loss,12256,3.748850
async_dn_b2,train_loss,12288,3.720610
async_dn_b2,train_loss,12320,3.731450
async_dn_b2,train_loss,12352,3.710570
async_dn_b2,train_loss,12384,3.730230
async_dn_b2,train_loss,12416,3.750390
async_dn_b2,train_loss,12448,3.720450
async_dn_b2,train_loss,12480,3.746270
async_dn_b2,train_loss,12512,3.776950
async_dn_b2,train_loss,12544,3.725550
async_dn_b2,train_loss,12576,3.785060
async_dn_b2,train_loss,12608,3.781590
async_dn_b2,train_loss,12640,3.727570
async_dn_b2,train_loss,12672,3.706420
async_dn_b2,train_loss,12704,3.718140
async_dn_b2,train_loss,12736,3.687020
async_dn_b2,train_loss,12768,3.693000
async_dn_b2,train_loss,12800,3.687800
async_dn_b2,train_loss,12832,3.737830
async_dn_b2,train_loss,12864,3.714200
async_dn_b2,train_loss,12896,3.679780
async_dn_b2,train_loss,12928,3.688580
async_dn_b2,train_loss,12960,3.706720
async_dn_b2,train_loss,12992,3.663210
async_dn_b2,train_loss,13024,3.708610
async_dn_b2,train_loss,13056,3.688830
async_dn_b2,train_loss,13088,3.664820
async_dn_b2,train_loss,13120,3.665860
async_dn_b2,train_loss,13152,3.681020
async_dn_b2,train_loss,13184,3.641450
async_dn_b2,train_loss,13216,3.693360
async_dn_b2,train_loss,13248,3.694120
async_dn_b2,train_loss,13280,3.685610
async_dn_b2,train_loss,13312,3.696970
async_dn_b2,train_loss,13344,3.699800
async_dn_b2,train_loss,13376,3.738190
async_dn_b2,train_loss,13408,3.701720
async_dn_b2,train_loss,13440,3.665050
async_dn_b2,train_loss,13472,3.670200
async_dn_b2,train_loss,13504,3.711750
async_dn_b2,train_loss,13536,3.710260
async_dn_b2,train_loss,13568,3.700000
async_dn_b2,train_loss,13600,3.697420
async_dn_b2,train_loss,13632,3.719830
async_dn_b2,train_loss,13664,3.697750
async_dn_b2,train_loss,13696,3.645830
async_dn_b2,train_loss,13728,3.720500
async_dn_b2,train_loss,13760,3.673710
async_dn_b2,train_loss,13792,3.677530
async_dn_b2,train_loss,13824,3.756920
async_dn_b2,train_loss,13856,3.691510
async_dn_b2,train_loss,13888,3.664330
async_dn_b2,train_loss,13920,3.697010
async_dn_b2,train_loss,13952,3.703670
async_dn_b2,train_loss,13984,3.693170
async_dn_b2,train_loss,14016,3.734640
async_dn_b2,train_loss,14048,3.704320
async_dn_b2,train_loss,14080,3.669520
async_dn_b2,train_loss,14112,3.733730
async_dn_b2,train_loss,14144,3.738850
async_dn_b2,train_loss,14176,3.671130
async_dn_b2,train_loss,14208,3.736270
async_dn_b2,train_loss,14240,3.737400
async_dn_b2,train_loss,14272,3.703310
async_dn_b2,train_loss,14304,3.656620
async_dn_b2,train_loss,14336,3.748650
async_dn_b2,train_loss,14368,3.680630
async_dn_b2,train_loss,14400,3.684930
async_dn_b2,train_loss,14432,3.754990
async_dn_b2,train_loss,14464,3.703490
async_dn_b2,train_loss,14496,3.720710
async_dn_b2,train_loss,14528,3.749220
async_dn_b2,train_loss,14560,3.702640
async_dn_b2,train_loss,14592,3.681060
async_dn_b2,train_loss,14624,3.746020
async_dn_b2,train_loss,14656,3.680790
async_dn_b2,train_loss,14688,3.679030
async_dn_b2,train_loss,14720,3.717130
async_dn_b2,train_loss,14752,3.732640
async_dn_b2,train_loss,14784,3.657410
async_dn_b2,train_loss,14816,3.702150
async_dn_b2,train_loss,14848,3.740530
async_dn_b2,train_loss,14880,3.659100
async_dn_b2,train_loss,14912,3.745660
async_dn_b2,train_loss,14944,3.631380
async_dn_b2,train_loss,14976,3.647750
async_dn_b2,train_loss,15008,3.703550
async_dn_b2,train_loss,15040,3.697420
async_dn_b2,train_loss,15072,3.628740
async_dn_b2,train_loss,15104,3.682430
async_dn_b2,train_loss,15136,3.724680
async_dn_b2,train_loss,15168,3.635960
async_dn_b2,train_loss,15200,3.604000
async_dn_b2,train_loss,15232,3.674600
async_dn_b2,train_loss,15264,3.641900
async_dn_b2,train_loss,15296,3.628850
async_dn_b2,train_loss,15328,3.740010
async_dn_b2,train_loss,15360,3.653880
async_dn_b2,train_loss,15392,3.661740
async_dn_b2,train_loss,15424,3.732290
async_dn_b2,train_loss,15456,3.697350
async_dn_b2,train_loss,15488,3.632630
async_dn_b2,train_loss,15520,3.666740
async_dn_b2,train_loss,15552,3.624040
async_dn_b2,train_loss,15584,3.643320
async_dn_b2,train_loss,15616,3.678570
async_dn_b2,train_loss,15648,3.635420
async_dn_b2,train_loss,15680,3.610310
async_dn_b2,train_loss,15712,3.665600
async_dn_b2,train_loss,15744,3.655570
async_dn_b2,train_loss,15776,3.638510
async_dn_b2,train_loss,15808,3.603050
async_dn_b2,train_loss,15840,3.607250
async_dn_b2,train_loss,15872,3.617650
async_dn_b2,train_loss,15904,3.611630
async_dn_b2,train_loss,15936,3.586580
async_dn_b2,train_loss,15968,3.588050
async_dn_b2,train_loss,16000,3.638180
async_dn_b2,train_loss,16032,3.642610
async_dn_b2,eval_loss,321,7.004920
async_dn_b2,eval_loss,642,6.455310
async_dn_b2,eval_loss,963,6.155150
async_dn_b2,eval_loss,1284,5.965300
async_dn_b2,eval_loss,1605,6.171540
async_dn_b2,eval_loss,1926,5.579880
async_dn_b2,eval_loss,2247,5.347930
async_dn_b2,eval_loss,2568,5.189440
async_dn_b2,eval_loss,2889,5.044680
async_dn_b2,eval_loss,3210,5.015280
async_dn_b2,eval_loss,3531,4.813750
async_dn_b2,eval_loss,3852,4.711000
async_dn_b2,eval_loss,4173,4.644650
async_dn_b2,eval_loss,4494,4.552960
async_dn_b2,eval_loss,4815,4.563850
async_dn_b2,eval_loss,5136,4.427730
async_dn_b2,eval_loss,5457,4.361700
async_dn_b2,eval_loss,5778,4.304610
async_dn_b2,eval_loss,6099,4.246050
async_dn_b2,eval_loss,6420,4.233370
async_dn_b2,eval_loss,6741,4.199450
async_dn_b2,eval_loss,7062,4.131990
async_dn_b2,eval_loss,7383,4.090570
async_dn_b2,eval_loss,7704,4.256860
async_dn_b2,eval_loss,8025,4.027580
async_dn_b2,eval_loss,8346,4.002300
async_dn_b2,eval_loss,8667,3.969640
async_dn_b2,eval_loss,8988,3.938020
async_dn_b2,eval_loss,9309,4.001420
async_dn_b2,eval_loss,9630,3.911350
async_dn_b2,eval_loss,9951,3.896640
async_dn_b2,eval_loss,10272,3.856920
async_dn_b2,eval_loss,10593,3.831130
async_dn_b2,eval_loss,10914,3.918490
async_dn_b2,eval_loss,11235,3.829990
async_dn_b2,eval_loss,11556,3.794980
async_dn_b2,eval_loss,11877,3.759870
async_dn_b2,eval_loss,12198,3.742600
async_dn_b2,eval_loss,12519,3.749390
async_dn_b2,eval_loss,12840,3.721700
async_dn_b2,eval_loss,13161,3.703490
async_dn_b2,eval_loss,13482,3.687450
async_dn_b2,eval_loss,13803,3.870670
async_dn_b2,eval_loss,14124,3.712980
async_dn_b2,eval_loss,14445,3.683730
async_dn_b2,eval_loss,14766,3.657180
async_dn_b2,eval_loss,15087,3.640260
async_dn_b2,eval_loss,15408,3.750940
async_dn_b2,eval_loss,15729,3.661810
async_dn_b2,eval_loss,16050,3.615730
async_dn_b2,grad_norm,32,0.443900
async_dn_b2,grad_norm,64,0.452900
async_dn_b2,grad_norm,96,0.746800
async_dn_b2,grad_norm,128,1.350800
async_dn_b2,grad_norm,160,0.810600
async_dn_b2,grad_norm,192,0.558800
async_dn_b2,grad_norm,224,3.861300
async_dn_b2,grad_norm,256,0.640700
async_dn_b2,grad_norm,288,0.401600
async_dn_b2,grad_norm,320,0.841400
async_dn_b2,grad_norm,352,0.484500
async_dn_b2,grad_norm,384,0.353100
async_dn_b2,grad_norm,416,7.389900
async_dn_b2,grad_norm,448,0.544100
async_dn_b2,grad_norm,480,0.355600
async_dn_b2,grad_norm,512,1.124100
async_dn_b2,grad_norm,544,0.459300
async_dn_b2,grad_norm,576,0.354500
async_dn_b2,grad_norm,608,0.523300
async_dn_b2,grad_norm,640,0.532200
async_dn_b2,grad_norm,672,0.439600
async_dn_b2,grad_norm,704,0.970900
async_dn_b2,grad_norm,736,0.759300
async_dn_b2,grad_norm,768,0.340700
async_dn_b2,grad_norm,800,0.355800
async_dn_b2,grad_norm,832,0.716500
async_dn_b2,grad_norm,864,0.364300
async_dn_b2,grad_norm,896,0.439800
async_dn_b2,grad_norm,928,0.614500
async_dn_b2,grad_norm,960,0.356100
async_dn_b2,grad_norm,992,0.346100
async_dn_b2,grad_norm,1024,0.504800
async_dn_b2,grad_norm,1056,0.329700
async_dn_b2,grad_norm,1088,0.346700
async_dn_b2,grad_norm,1120,0.462000
async_dn_b2,grad_norm,1152,0.348400
async_dn_b2,grad_norm,1184,0.326000
async_dn_b2,grad_norm,1216,0.654700
async_dn_b2,grad_norm,1248,0.395000
async_dn_b2,grad_norm,1280,0.332200
async_dn_b2,grad_norm,1312,0.580400
async_dn_b2,grad_norm,1344,0.383100
async_dn_b2,grad_norm,1376,0.336300
async_dn_b2,grad_norm,1408,0.565300
async_dn_b2,grad_norm,1440,0.440900
async_dn_b2,grad_norm,1472,0.429200
async_dn_b2,grad_norm,1504,0.404800
async_dn_b2,grad_norm,1536,0.417400
async_dn_b2,grad_norm,1568,0.333500
async_dn_b2,grad_norm,1600,0.318600
async_dn_b2,grad_norm,1632,0.541700
async_dn_b2,grad_norm,1664,0.310000
async_dn_b2,grad_norm,1696,0.306000
async_dn_b2,grad_norm,1728,0.511400
async_dn_b2,grad_norm,1760,0.300000
async_dn_b2,grad_norm,1792,0.306800
async_dn_b2,grad_norm,1824,0.559900
async_dn_b2,grad_norm,1856,0.317600
async_dn_b2,grad_norm,1888,0.294100
async_dn_b2,grad_norm,1920,0.465600
async_dn_b2,grad_norm,1952,0.299800
async_dn_b2,grad_norm,1984,0.290500
async_dn_b2,grad_norm,2016,0.494400
async_dn_b2,grad_norm,2048,0.287400
async_dn_b2,grad_norm,2080,0.283900
async_dn_b2,grad_norm,2112,0.412000
async_dn_b2,grad_norm,2144,0.305000
async_dn_b2,grad_norm,2176,0.271200
async_dn_b2,grad_norm,2208,0.407900
async_dn_b2,grad_norm,2240,0.323700
async_dn_b2,grad_norm,2272,0.276300
async_dn_b2,grad_norm,2304,0.356200
async_dn_b2,grad_norm,2336,0.346800
async_dn_b2,grad_norm,2368,0.384800
async_dn_b2,grad_norm,2400,0.251600
async_dn_b2,grad_norm,2432,0.398300
async_dn_b2,grad_norm,2464,0.251500
async_dn_b2,grad_norm,2496,0.253300
async_dn_b2,grad_norm,2528,0.264900
async_dn_b2,grad_norm,2560,0.263400
async_dn_b2,grad_norm,2592,0.249200
async_dn_b2,grad_norm,2624,0.369200
async_dn_b2,grad_norm,2656,0.247500
async_dn_b2,grad_norm,2688,0.247500
async_dn_b2,grad_norm,2720,0.284000
async_dn_b2,grad_norm,2752,0.260100
async_dn_b2,grad_norm,2784,0.251200
async_dn_b2,grad_norm,2816,0.323400
async_dn_b2,grad_norm,2848,0.267000
async_dn_b2,grad_norm,2880,0.253700
async_dn_b2,grad_norm,2912,0.254100
async_dn_b2,grad_norm,2944,0.243900
async_dn_b2,grad_norm,2976,0.235500
async_dn_b2,grad_norm,3008,0.287200
async_dn_b2,grad_norm,3040,0.251400
async_dn_b2,grad_norm,3072,0.223200
async_dn_b2,grad_norm,3104,0.235400
async_dn_b2,grad_norm,3136,0.241100
async_dn_b2,grad_norm,3168,0.225100
async_dn_b2,grad_norm,3200,0.224300
async_dn_b2,grad_norm,3232,0.300000
async_dn_b2,grad_norm,3264,0.223900
async_dn_b2,grad_norm,3296,0.222300
async_dn_b2,grad_norm,3328,0.239700
async_dn_b2,grad_norm,3360,0.229400
async_dn_b2,grad_norm,3392,0.229400
async_dn_b2,grad_norm,3424,0.267100
async_dn_b2,grad_norm,3456,0.224000
async_dn_b2,grad_norm,3488,0.231400
async_dn_b2,grad_norm,3520,0.241500
async_dn_b2,grad_norm,3552,0.215700
async_dn_b2,grad_norm,3584,0.219400
async_dn_b2,grad_norm,3616,0.290700
async_dn_b2,grad_norm,3648,0.230800
async_dn_b2,grad_norm,3680,0.205900
async_dn_b2,grad_norm,3712,0.234700
async_dn_b2,grad_norm,3744,0.214500
async_dn_b2,grad_norm,3776,0.213000
async_dn_b2,grad_norm,3808,0.244200
async_dn_b2,grad_norm,3840,0.223200
async_dn_b2,grad_norm,3872,0.216000
async_dn_b2,grad_norm,3904,0.275200
async_dn_b2,grad_norm,3936,0.299200
async_dn_b2,grad_norm,3968,0.218700
async_dn_b2,grad_norm,4000,0.215500
async_dn_b2,grad_norm,4032,0.241100
async_dn_b2,grad_norm,4064,0.217900
async_dn_b2,grad_norm,4096,0.217900
async_dn_b2,grad_norm,4128,0.314700
async_dn_b2,grad_norm,4160,0.217600
async_dn_b2,grad_norm,4192,0.207100
async_dn_b2,grad_norm,4224,0.238100
async_dn_b2,grad_norm,4256,0.210300
async_dn_b2,grad_norm,4288,0.211300
async_dn_b2,grad_norm,4320,0.286200
async_dn_b2,grad_norm,4352,0.214400
async_dn_b2,grad_norm,4384,0.213700
async_dn_b2,grad_norm,4416,0.230000
async_dn_b2,grad_norm,4448,0.251500
async_dn_b2,grad_norm,4480,0.211300
async_dn_b2,grad_norm,4512,0.289000
async_dn_b2,grad_norm,4544,0.232300
async_dn_b2,grad_norm,4576,0.206700
async_dn_b2,grad_norm,4608,0.231100
async_dn_b2,grad_norm,4640,0.220900
async_dn_b2,grad_norm,4672,0.209600
async_dn_b2,grad_norm,4704,0.243300
async_dn_b2,grad_norm,4736,0.247900
async_dn_b2,grad_norm,4768,0.206900
async_dn_b2,grad_norm,4800,0.207900
async_dn_b2,grad_norm,4832,0.239100
async_dn_b2,grad_norm,4864,0.210300
async_dn_b2,grad_norm,4896,0.206100
async_dn_b2,grad_norm,4928,0.285900
async_dn_b2,grad_norm,4960,0.212500
async_dn_b2,grad_norm,4992,0.207800
async_dn_b2,grad_norm,5024,0.237900
async_dn_b2,grad_norm,5056,0.212200
async_dn_b2,grad_norm,5088,0.209900
async_dn_b2,grad_norm,5120,0.200800
async_dn_b2,grad_norm,5152,0.213300
async_dn_b2,grad_norm,5184,0.204200
async_dn_b2,grad_norm,5216,0.213400
async_dn_b2,grad_norm,5248,0.210300
async_dn_b2,grad_norm,5280,0.212100
async_dn_b2,grad_norm,5312,0.208400
async_dn_b2,grad_norm,5344,0.214300
async_dn_b2,grad_norm,5376,0.210400
async_dn_b2,grad_norm,5408,0.223100
async_dn_b2,grad_norm,5440,0.215800
async_dn_b2,grad_norm,5472,0.209100
async_dn_b2,grad_norm,5504,0.218500
async_dn_b2,grad_norm,5536,0.221700
async_dn_b2,grad_norm,5568,0.213800
async_dn_b2,grad_norm,5600,0.215000
async_dn_b2,grad_norm,5632,0.224600
async_dn_b2,grad_norm,5664,0.219100
async_dn_b2,grad_norm,5696,0.214500
async_dn_b2,grad_norm,5728,0.219600
async_dn_b2,grad_norm,5760,0.213900
async_dn_b2,grad_norm,5792,0.217700
async_dn_b2,grad_norm,5824,0.222400
async_dn_b2,grad_norm,5856,0.216100
async_dn_b2,grad_norm,5888,0.221200
async_dn_b2,grad_norm,5920,0.230400
async_dn_b2,grad_norm,5952,0.219700
async_dn_b2,grad_norm,5984,0.211000
async_dn_b2,grad_norm,6016,0.225800
async_dn_b2,grad_norm,6048,0.221800
async_dn_b2,grad_norm,6080,0.220300
async_dn_b2,grad_norm,6112,0.220800
async_dn_b2,grad_norm,6144,0.218500
async_dn_b2,grad_norm,6176,0.209000
async_dn_b2,grad_norm,6208,0.238100
async_dn_b2,grad_norm,6240,0.222900
async_dn_b2,grad_norm,6272,0.212100
async_dn_b2,grad_norm,6304,0.227500
async_dn_b2,grad_norm,6336,0.218500
async_dn_b2,grad_norm,6368,0.215600
async_dn_b2,grad_norm,6400,0.212900
async_dn_b2,grad_norm,6432,0.233700
async_dn_b2,grad_norm,6464,0.213100
async_dn_b2,grad_norm,6496,0.208200
async_dn_b2,grad_norm,6528,0.228500
async_dn_b2,grad_norm,6560,0.218600
async_dn_b2,grad_norm,6592,0.212900
async_dn_b2,grad_norm,6624,0.230000
async_dn_b2,grad_norm,6656,0.210600
async_dn_b2,grad_norm,6688,0.218900
async_dn_b2,grad_norm,6720,0.263400
async_dn_b2,grad_norm,6752,0.225900
async_dn_b2,grad_norm,6784,0.211900
async_dn_b2,grad_norm,6816,0.243400
async_dn_b2,grad_norm,6848,0.211400
async_dn_b2,grad_norm,6880,0.215300
async_dn_b2,grad_norm,6912,0.245200
async_dn_b2,grad_norm,6944,0.214500
async_dn_b2,grad_norm,6976,0.213600
async_dn_b2,grad_norm,7008,0.230200
async_dn_b2,grad_norm,7040,0.216900
async_dn_b2,grad_norm,7072,0.213300
async_dn_b2,grad_norm,7104,0.235200
async_dn_b2,grad_norm,7136,0.235900
async_dn_b2,grad_norm,7168,0.214100
async_dn_b2,grad_norm,7200,0.208900
async_dn_b2,grad_norm,7232,0.243700
async_dn_b2,grad_norm,7264,0.217300
async_dn_b2,grad_norm,7296,0.211300
async_dn_b2,grad_norm,7328,0.241000
async_dn_b2,grad_norm,7360,0.214400
async_dn_b2,grad_norm,7392,0.226100
async_dn_b2,grad_norm,7424,0.236600
async_dn_b2,grad_norm,7456,0.211400
async_dn_b2,grad_norm,7488,0.214900
async_dn_b2,grad_norm,7520,0.254300
async_dn_b2,grad_norm,7552,0.223900
async_dn_b2,grad_norm,7584,0.211000
async_dn_b2,grad_norm,7616,0.255400
async_dn_b2,grad_norm,7648,0.236800
async_dn_b2,grad_norm,7680,0.213400
async_dn_b2,grad_norm,7712,0.242400
async_dn_b2,grad_norm,7744,0.233000
async_dn_b2,grad_norm,7776,0.215800
async_dn_b2,grad_norm,7808,0.244000
async_dn_b2,grad_norm,7840,0.224400
async_dn_b2,grad_norm,7872,0.206500
async_dn_b2,grad_norm,7904,0.233400
async_dn_b2,grad_norm,7936,0.244700
async_dn_b2,grad_norm,7968,0.210000
async_dn_b2,grad_norm,8000,0.209800
async_dn_b2,grad_norm,8032,0.216000
async_dn_b2,grad_norm,8064,0.207900
async_dn_b2,grad_norm,8096,0.216500
async_dn_b2,grad_norm,8128,0.253000
async_dn_b2,grad_norm,8160,0.217700
async_dn_b2,grad_norm,8192,0.208600
async_dn_b2,grad_norm,8224,0.225000
async_dn_b2,grad_norm,8256,0.212500
async_dn_b2,grad_norm,8288,0.211800
async_dn_b2,grad_norm,8320,0.238800
async_dn_b2,grad_norm,8352,0.222400
async_dn_b2,grad_norm,8384,0.218400
async_dn_b2,grad_norm,8416,0.232500
async_dn_b2,grad_norm,8448,0.218200
async_dn_b2,grad_norm,8480,0.211000
async_dn_b2,grad_norm,8512,0.238000
async_dn_b2,grad_norm,8544,0.220500
async_dn_b2,grad_norm,8576,0.210400
async_dn_b2,grad_norm,8608,0.230400
async_dn_b2,grad_norm,8640,0.226600
async_dn_b2,grad_norm,8672,0.224300
async_dn_b2,grad_norm,8704,0.233800
async_dn_b2,grad_norm,8736,0.235800
async_dn_b2,grad_norm,8768,0.224700
async_dn_b2,grad_norm,8800,0.216900
async_dn_b2,grad_norm,8832,0.230600
async_dn_b2,grad_norm,8864,0.217900
async_dn_b2,grad_norm,8896,0.219700
async_dn_b2,grad_norm,8928,0.244400
async_dn_b2,grad_norm,8960,0.221500
async_dn_b2,grad_norm,8992,0.226800
async_dn_b2,grad_norm,9024,0.245700
async_dn_b2,grad_norm,9056,0.229000
async_dn_b2,grad_norm,9088,0.215000
async_dn_b2,grad_norm,9120,0.241400
async_dn_b2,grad_norm,9152,0.224600
async_dn_b2,grad_norm,9184,0.225400
async_dn_b2,grad_norm,9216,0.242500
async_dn_b2,grad_norm,9248,0.228600
async_dn_b2,grad_norm,9280,0.218800
async_dn_b2,grad_norm,9312,0.246700
async_dn_b2,grad_norm,9344,0.235600
async_dn_b2,grad_norm,9376,0.228900
async_dn_b2,grad_norm,9408,0.235300
async_dn_b2,grad_norm,9440,0.237400
async_dn_b2,grad_norm,9472,0.229200
async_dn_b2,grad_norm,9504,0.239100
async_dn_b2,grad_norm,9536,0.259800
async_dn_b2,grad_norm,9568,0.221300
async_dn_b2,grad_norm,9600,0.224800
async_dn_b2,grad_norm,9632,0.245100
async_dn_b2,grad_norm,9664,0.220100
async_dn_b2,grad_norm,9696,0.231000
async_dn_b2,grad_norm,9728,0.240800
async_dn_b2,grad_norm,9760,0.223900
async_dn_b2,grad_norm,9792,0.228300
async_dn_b2,grad_norm,9824,0.249200
async_dn_b2,grad_norm,9856,0.235500
async_dn_b2,grad_norm,9888,0.223700
async_dn_b2,grad_norm,9920,0.265800
async_dn_b2,grad_norm,9952,0.238400
async_dn_b2,grad_norm,9984,0.222100
async_dn_b2,grad_norm,10016,0.251300
async_dn_b2,grad_norm,10048,0.224600
async_dn_b2,grad_norm,10080,0.223300
async_dn_b2,grad_norm,10112,0.248300
async_dn_b2,grad_norm,10144,0.233200
async_dn_b2,grad_norm,10176,0.228800
async_dn_b2,grad_norm,10208,0.253700
async_dn_b2,grad_norm,10240,0.244800
async_dn_b2,grad_norm,10272,0.237400
async_dn_b2,grad_norm,10304,0.248600
async_dn_b2,grad_norm,10336,0.253800
async_dn_b2,grad_norm,10368,0.233300
async_dn_b2,grad_norm,10400,0.227100
async_dn_b2,grad_norm,10432,0.252100
async_dn_b2,grad_norm,10464,0.218900
async_dn_b2,grad_norm,10496,0.218200
async_dn_b2,grad_norm,10528,0.253800
async_dn_b2,grad_norm,10560,0.229400
async_dn_b2,grad_norm,10592,0.229300
async_dn_b2,grad_norm,10624,0.260600
async_dn_b2,grad_norm,10656,0.244900
async_dn_b2,grad_norm,10688,0.232400
async_dn_b2,grad_norm,10720,0.296500
async_dn_b2,grad_norm,10752,0.232500
async_dn_b2,grad_norm,10784,0.285800
async_dn_b2,grad_norm,10816,0.297300
async_dn_b2,grad_norm,10848,0.235500
async_dn_b2,grad_norm,10880,0.226300
async_dn_b2,grad_norm,10912,0.250200
async_dn_b2,grad_norm,10944,0.232300
async_dn_b2,grad_norm,10976,0.237800
async_dn_b2,grad_norm,11008,0.260500
async_dn_b2,grad_norm,11040,0.236000
async_dn_b2,grad_norm,11072,0.226400
async_dn_b2,grad_norm,11104,0.251600
async_dn_b2,grad_norm,11136,0.251500
async_dn_b2,grad_norm,11168,0.232900
async_dn_b2,grad_norm,11200,0.235800
async_dn_b2,grad_norm,11232,0.261800
async_dn_b2,grad_norm,11264,0.228800
async_dn_b2,grad_norm,11296,0.228900
async_dn_b2,grad_norm,11328,0.252000
async_dn_b2,grad_norm,11360,0.234600
async_dn_b2,grad_norm,11392,0.234700
async_dn_b2,grad_norm,11424,0.270100
async_dn_b2,grad_norm,11456,0.230200
async_dn_b2,grad_norm,11488,0.242800
async_dn_b2,grad_norm,11520,0.274600
async_dn_b2,grad_norm,11552,0.253700
async_dn_b2,grad_norm,11584,0.240600
async_dn_b2,grad_norm,11616,0.257600
async_dn_b2,grad_norm,11648,0.235700
async_dn_b2,grad_norm,11680,0.243200
async_dn_b2,grad_norm,11712,0.295500
async_dn_b2,grad_norm,11744,0.232500
async_dn_b2,grad_norm,11776,0.239400
async_dn_b2,grad_norm,11808,0.233100
async_dn_b2,grad_norm,11840,0.239200
async_dn_b2,grad_norm,11872,0.237700
async_dn_b2,grad_norm,11904,0.237100
async_dn_b2,grad_norm,11936,0.239800
async_dn_b2,grad_norm,11968,0.230600
async_dn_b2,grad_norm,12000,0.230000
async_dn_b2,grad_norm,12032,0.234700
async_dn_b2,grad_norm,12064,0.246200
async_dn_b2,grad_norm,12096,0.236500
async_dn_b2,grad_norm,12128,0.241700
async_dn_b2,grad_norm,12160,0.236000
async_dn_b2,grad_norm,12192,0.242600
async_dn_b2,grad_norm,12224,0.244800
async_dn_b2,grad_norm,12256,0.250400
async_dn_b2,grad_norm,12288,0.237200
async_dn_b2,grad_norm,12320,0.244100
async_dn_b2,grad_norm,12352,0.235000
async_dn_b2,grad_norm,12384,0.242900
async_dn_b2,grad_norm,12416,0.243600
async_dn_b2,grad_norm,12448,0.242300
async_dn_b2,grad_norm,12480,0.244300
async_dn_b2,grad_norm,12512,0.250600
async_dn_b2,grad_norm,12544,0.246500
async_dn_b2,grad_norm,12576,0.251700
async_dn_b2,grad_norm,12608,0.253000
async_dn_b2,grad_norm,12640,0.269600
async_dn_b2,grad_norm,12672,0.245600
async_dn_b2,grad_norm,12704,0.245800
async_dn_b2,grad_norm,12736,0.244700
async_dn_b2,grad_norm,12768,0.237800
async_dn_b2,grad_norm,12800,0.248800
async_dn_b2,grad_norm,12832,0.264300
async_dn_b2,grad_norm,12864,0.252300
async_dn_b2,grad_norm,12896,0.245700
async_dn_b2,grad_norm,12928,0.253100
async_dn_b2,grad_norm,12960,0.255700
async_dn_b2,grad_norm,12992,0.258000
async_dn_b2,grad_norm,13024,0.260600
async_dn_b2,grad_norm,13056,0.244200
async_dn_b2,grad_norm,13088,0.245500
async_dn_b2,grad_norm,13120,0.258000
async_dn_b2,grad_norm,13152,0.248800
async_dn_b2,grad_norm,13184,0.246900
async_dn_b2,grad_norm,13216,0.260700
async_dn_b2,grad_norm,13248,0.255300
async_dn_b2,grad_norm,13280,0.238100
async_dn_b2,grad_norm,13312,0.252300
async_dn_b2,grad_norm,13344,0.243100
async_dn_b2,grad_norm,13376,0.250200
async_dn_b2,grad_norm,13408,0.253000
async_dn_b2,grad_norm,13440,0.286300
async_dn_b2,grad_norm,13472,0.256300
async_dn_b2,grad_norm,13504,0.263600
async_dn_b2,grad_norm,13536,0.259400
async_dn_b2,grad_norm,13568,0.244500
async_dn_b2,grad_norm,13600,0.244000
async_dn_b2,grad_norm,13632,0.261100
async_dn_b2,grad_norm,13664,0.247300
async_dn_b2,grad_norm,13696,0.242400
async_dn_b2,grad_norm,13728,0.257900
async_dn_b2,grad_norm,13760,0.253200
async_dn_b2,grad_norm,13792,0.277100
async_dn_b2,grad_norm,13824,0.282400
async_dn_b2,grad_norm,13856,0.250400
async_dn_b2,grad_norm,13888,0.259500
async_dn_b2,grad_norm,13920,0.271900
async_dn_b2,grad_norm,13952,0.257200
async_dn_b2,grad_norm,13984,0.274400
async_dn_b2,grad_norm,14016,0.286200
async_dn_b2,grad_norm,14048,0.256400
async_dn_b2,grad_norm,14080,0.248500
async_dn_b2,grad_norm,14112,0.260700
async_dn_b2,grad_norm,14144,0.261900
async_dn_b2,grad_norm,14176,0.255800
async_dn_b2,grad_norm,14208,0.280400
async_dn_b2,grad_norm,14240,0.272700
async_dn_b2,grad_norm,14272,0.256900
async_dn_b2,grad_norm,14304,0.268400
async_dn_b2,grad_norm,14336,0.265900
async_dn_b2,grad_norm,14368,0.273800
async_dn_b2,grad_norm,14400,0.250900
async_dn_b2,grad_norm,14432,0.349300
async_dn_b2,grad_norm,14464,0.253600
async_dn_b2,grad_norm,14496,0.274600
async_dn_b2,grad_norm,14528,0.271100
async_dn_b2,grad_norm,14560,0.262100
async_dn_b2,grad_norm,14592,0.252200
async_dn_b2,grad_norm,14624,0.275800
async_dn_b2,grad_norm,14656,0.255600
async_dn_b2,grad_norm,14688,0.260100
async_dn_b2,grad_norm,14720,0.276900
async_dn_b2,grad_norm,14752,0.266700
async_dn_b2,grad_norm,14784,0.274500
async_dn_b2,grad_norm,14816,0.293300
async_dn_b2,grad_norm,14848,0.266500
async_dn_b2,grad_norm,14880,0.252900
async_dn_b2,grad_norm,14912,0.329400
async_dn_b2,grad_norm,14944,0.258300
async_dn_b2,grad_norm,14976,0.255300
async_dn_b2,grad_norm,15008,0.291500
async_dn_b2,grad_norm,15040,0.275200
async_dn_b2,grad_norm,15072,0.271300
async_dn_b2,grad_norm,15104,0.266100
async_dn_b2,grad_norm,15136,0.297800
async_dn_b2,grad_norm,15168,0.263900
async_dn_b2,grad_norm,15200,0.273600
async_dn_b2,grad_norm,15232,0.300900
async_dn_b2,grad_norm,15264,0.266600
async_dn_b2,grad_norm,15296,0.280500
async_dn_b2,grad_norm,15328,0.293400
async_dn_b2,grad_norm,15360,0.282600
async_dn_b2,grad_norm,15392,0.264400
async_dn_b2,grad_norm,15424,0.287400
async_dn_b2,grad_norm,15456,0.259100
async_dn_b2,grad_norm,15488,0.253500
async_dn_b2,grad_norm,15520,0.305600
async_dn_b2,grad_norm,15552,0.271200
async_dn_b2,grad_norm,15584,0.254200
async_dn_b2,grad_norm,15616,0.288500
async_dn_b2,grad_norm,15648,0.268800
async_dn_b2,grad_norm,15680,0.262300
async_dn_b2,grad_norm,15712,0.300700
async_dn_b2,grad_norm,15744,0.271300
async_dn_b2,grad_norm,15776,0.295900
async_dn_b2,grad_norm,15808,0.286200
async_dn_b2,grad_norm,15840,0.276300
async_dn_b2,grad_norm,15872,0.269700
async_dn_b2,grad_norm,15904,0.285600
async_dn_b2,grad_norm,15936,0.269400
async_dn_b2,grad_norm,15968,0.273800
async_dn_b2,grad_norm,16000,0.262500
async_dn_b2,grad_norm,16032,0.267500
async_dn_b8,train_loss,32,9.460700
async_dn_b8,train_loss,64,9.406920
async_dn_b8,train_loss,96,9.187260
async_dn_b8,train_loss,128,8.568250
async_dn_b8,train_loss,160,7.836810
async_dn_b8,train_loss,192,7.472710
async_dn_b8,train_loss,224,7.431280
async_dn_b8,train_loss,256,7.204750
async_dn_b8,train_loss,288,7.028510
async_dn_b8,train_loss,320,6.973910
async_dn_b8,train_loss,352,6.886770
async_dn_b8,train_loss,384,6.815790
async_dn_b8,train_loss,416,6.781200
async_dn_b8,train_loss,448,6.651380
async_dn_b8,train_loss,480,6.529980
async_dn_b8,train_loss,512,6.462190
async_dn_b8,train_loss,544,6.369310
async_dn_b8,train_loss,576,6.257270
async_dn_b8,train_loss,608,6.182760
async_dn_b8,train_loss,640,6.100920
async_dn_b8,train_loss,672,6.009430
async_dn_b8,train_loss,704,5.875800
async_dn_b8,train_loss,736,5.817120
async_dn_b8,train_loss,768,5.721480
async_dn_b8,train_loss,800,5.676260
async_dn_b8,train_loss,832,5.595610
async_dn_b8,train_loss,864,5.557300
async_dn_b8,train_loss,896,5.442540
async_dn_b8,train_loss,928,5.477720
async_dn_b8,train_loss,960,5.376930
async_dn_b8,train_loss,992,5.307130
async_dn_b8,train_loss,1024,5.273710
async_dn_b8,train_loss,1056,5.255300
async_dn_b8,train_loss,1088,5.236280
async_dn_b8,train_loss,1120,5.160100
async_dn_b8,train_loss,1152,5.168540
async_dn_b8,train_loss,1184,5.136690
async_dn_b8,train_loss,1216,5.023900
async_dn_b8,train_loss,1248,4.961310
async_dn_b8,train_loss,1280,4.968320
async_dn_b8,train_loss,1312,4.901270
async_dn_b8,train_loss,1344,4.866150
async_dn_b8,train_loss,1376,4.873800
async_dn_b8,train_loss,1408,4.839240
async_dn_b8,train_loss,1440,4.786740
async_dn_b8,train_loss,1472,4.744590
async_dn_b8,train_loss,1504,4.765150
async_dn_b8,train_loss,1536,4.699620
async_dn_b8,train_loss,1568,4.704950
async_dn_b8,train_loss,1600,4.687720
async_dn_b8,train_loss,1632,4.667590
async_dn_b8,train_loss,1664,4.611820
async_dn_b8,train_loss,1696,4.583300
async_dn_b8,train_loss,1728,4.553370
async_dn_b8,train_loss,1760,4.542200
async_dn_b8,train_loss,1792,4.542840
async_dn_b8,train_loss,1824,4.525730
async_dn_b8,train_loss,1856,4.473520
async_dn_b8,train_loss,1888,4.469590
async_dn_b8,train_loss,1920,4.430890
async_dn_b8,train_loss,1952,4.389950
async_dn_b8,train_loss,1984,4.442950
async_dn_b8,train_loss,2016,4.365450
async_dn_b8,train_loss,2048,4.373490
async_dn_b8,train_loss,2080,4.325440
async_dn_b8,train_loss,2112,4.334890
async_dn_b8,train_loss,2144,4.287700
async_dn_b8,train_loss,2176,4.293530
async_dn_b8,train_loss,2208,4.293280
async_dn_b8,train_loss,2240,4.241800
async_dn_b8,train_loss,2272,4.241400
async_dn_b8,train_loss,2304,4.261490
async_dn_b8,train_loss,2336,4.218190
async_dn_b8,train_loss,2368,4.193470
async_dn_b8,train_loss,2400,4.201060
async_dn_b8,train_loss,2432,4.183640
async_dn_b8,train_loss,2464,4.143580
async_dn_b8,train_loss,2496,4.109610
async_dn_b8,train_loss,2528,4.142660
async_dn_b8,train_loss,2560,4.149570
async_dn_b8,train_loss,2592,4.102540
async_dn_b8,train_loss,2624,4.093800
async_dn_b8,train_loss,2656,4.078370
async_dn_b8,train_loss,2688,4.060320
async_dn_b8,train_loss,2720,4.075430
async_dn_b8,train_loss,2752,4.059740
async_dn_b8,train_loss,2784,4.036480
async_dn_b8,train_loss,2816,4.040880
async_dn_b8,train_loss,2848,4.035550
async_dn_b8,train_loss,2880,4.075550
async_dn_b8,train_loss,2912,4.015200
async_dn_b8,train_loss,2944,3.981800
async_dn_b8,train_loss,2976,3.978110
async_dn_b8,train_loss,3008,3.988120
async_dn_b8,train_loss,3040,3.942240
async_dn_b8,train_loss,3072,3.978130
async_dn_b8,train_loss,3104,3.955750
async_dn_b8,train_loss,3136,3.976960
async_dn_b8,train_loss,3168,3.952150
async_dn_b8,train_loss,3200,3.904870
async_dn_b8,train_loss,3232,3.916200
async_dn_b8,train_loss,3264,3.894440
async_dn_b8,train_loss,3296,3.923190
async_dn_b8,train_loss,3328,3.884550
async_dn_b8,train_loss,3360,3.878310
async_dn_b8,train_loss,3392,3.864150
async_dn_b8,train_loss,3424,3.846260
async_dn_b8,train_loss,3456,3.814290
async_dn_b8,train_loss,3488,3.828230
async_dn_b8,train_loss,3520,3.815750
async_dn_b8,train_loss,3552,3.820130
async_dn_b8,train_loss,3584,3.780540
async_dn_b8,train_loss,3616,3.829680
async_dn_b8,train_loss,3648,3.771430
async_dn_b8,train_loss,3680,3.763290
async_dn_b8,train_loss,3712,3.744160
async_dn_b8,train_loss,3744,3.724340
async_dn_b8,train_loss,3776,3.761440
async_dn_b8,train_loss,3808,3.701530
async_dn_b8,train_loss,3840,3.696010
async_dn_b8,train_loss,3872,3.680120
async_dn_b8,train_loss,3904,3.701970
async_dn_b8,train_loss,3936,3.684450
async_dn_b8,train_loss,3968,3.670330
async_dn_b8,train_loss,4000,3.627720
async_dn_b8,train_loss,4032,3.679950
async_dn_b8,train_loss,4064,3.629880
async_dn_b8,train_loss,4096,3.637340
async_dn_b8,train_loss,4128,3.666730
async_dn_b8,train_loss,4160,3.604140
async_dn_b8,train_loss,4192,3.626120
async_dn_b8,train_loss,4224,3.621400
async_dn_b8,train_loss,4256,3.602610
async_dn_b8,train_loss,4288,3.654770
async_dn_b8,train_loss,4320,3.560100
async_dn_b8,train_loss,4352,3.603840
async_dn_b8,train_loss,4384,3.577800
async_dn_b8,train_loss,4416,3.572980
async_dn_b8,train_loss,4448,3.540790
async_dn_b8,train_loss,4480,3.572100
async_dn_b8,train_loss,4512,3.515610
async_dn_b8,train_loss,4544,3.537470
async_dn_b8,train_loss,4576,3.500450
async_dn_b8,train_loss,4608,3.539340
async_dn_b8,train_loss,4640,3.482250
async_dn_b8,train_loss,4672,3.544800
async_dn_b8,train_loss,4704,3.535070
async_dn_b8,train_loss,4736,3.555360
async_dn_b8,train_loss,4768,3.475240
async_dn_b8,train_loss,4800,3.524010
async_dn_b8,train_loss,4832,3.509910
async_dn_b8,train_loss,4864,3.469220
async_dn_b8,train_loss,4896,3.557050
async_dn_b8,train_loss,4928,3.445890
async_dn_b8,train_loss,4960,3.450550
async_dn_b8,train_loss,4992,3.458090
async_dn_b8,train_loss,5024,3.472140
async_dn_b8,train_loss,5056,3.457750
async_dn_b8,train_loss,5088,3.433150
async_dn_b8,train_loss,5120,3.486240
async_dn_b8,train_loss,5152,3.450530
async_dn_b8,train_loss,5184,3.422260
async_dn_b8,train_loss,5216,3.491670
async_dn_b8,train_loss,5248,3.411140
async_dn_b8,train_loss,5280,3.450130
async_dn_b8,train_loss,5312,3.417100
async_dn_b8,train_loss,5344,3.427300
async_dn_b8,train_loss,5376,3.453800
async_dn_b8,train_loss,5408,3.436870
async_dn_b8,train_loss,5440,3.406240
async_dn_b8,train_loss,5472,3.384730
async_dn_b8,train_loss,5504,3.393640
async_dn_b8,train_loss,5536,3.456050
async_dn_b8,train_loss,5568,3.373940
async_dn_b8,train_loss,5600,3.408200
async_dn_b8,train_loss,5632,3.420420
async_dn_b8,train_loss,5664,3.366270
async_dn_b8,train_loss,5696,3.381780
async_dn_b8,train_loss,5728,3.380350
async_dn_b8,train_loss,5760,3.365790
async_dn_b8,train_loss,5792,3.383400
async_dn_b8,train_loss,5824,3.379890
async_dn_b8,train_loss,5856,3.346340
async_dn_b8,train_loss,5888,3.345580
async_dn_b8,train_loss,5920,3.340550
async_dn_b8,train_loss,5952,3.368240
async_dn_b8,train_loss,5984,3.407010
async_dn_b8,train_loss,6016,3.352860
async_dn_b8,train_loss,6048,3.327970
async_dn_b8,train_loss,6080,3.308640
async_dn_b8,train_loss,6112,3.356680
async_dn_b8,train_loss,6144,3.347940
async_dn_b8,train_loss,6176,3.355700
async_dn_b8,train_loss,6208,3.344980
async_dn_b8,train_loss,6240,3.370400
async_dn_b8,train_loss,6272,3.359610
async_dn_b8,train_loss,6304,3.379010
async_dn_b8,train_loss,6336,3.375610
async_dn_b8,train_loss,6368,3.303190
async_dn_b8,train_loss,6400,3.325800
async_dn_b8,train_loss,6432,3.361500
async_dn_b8,train_loss,6464,3.328210
async_dn_b8,train_loss,6496,3.418180
async_dn_b8,train_loss,6528,3.320930
async_dn_b8,train_loss,6560,3.258030
async_dn_b8,train_loss,6592,3.291690
async_dn_b8,train_loss,6624,3.319140
async_dn_b8,train_loss,6656,3.330050
async_dn_b8,train_loss,6688,3.278680
async_dn_b8,train_loss,6720,3.276960
async_dn_b8,train_loss,6752,3.272860
async_dn_b8,train_loss,6784,3.289760
async_dn_b8,train_loss,6816,3.301190
async_dn_b8,train_loss,6848,3.330010
async_dn_b8,train_loss,6880,3.294000
async_dn_b8,train_loss,6912,3.308700
async_dn_b8,train_loss,6944,3.289780
async_dn_b8,train_loss,6976,3.336530
async_dn_b8,train_loss,7008,3.365450
async_dn_b8,train_loss,7040,3.293640
async_dn_b8,train_loss,7072,3.269460
async_dn_b8,train_loss,7104,3.261020
async_dn_b8,train_loss,7136,3.250070
async_dn_b8,train_loss,7168,3.233280
async_dn_b8,train_loss,7200,3.236370
async_dn_b8,train_loss,7232,3.234320
async_dn_b8,train_loss,7264,3.256250
async_dn_b8,train_loss,7296,3.302110
async_dn_b8,train_loss,7328,3.253950
async_dn_b8,train_loss,7360,3.252460
async_dn_b8,train_loss,7392,3.248950
async_dn_b8,train_loss,7424,3.282850
async_dn_b8,train_loss,7456,3.269860
async_dn_b8,train_loss,7488,3.238010
async_dn_b8,train_loss,7520,3.224860
async_dn_b8,train_loss,7552,3.240240
async_dn_b8,train_loss,7584,3.253860
async_dn_b8,train_loss,7616,3.218010
async_dn_b8,train_loss,7648,3.209820
async_dn_b8,train_loss,7680,3.267260
async_dn_b8,train_loss,7712,3.307830
async_dn_b8,train_loss,7744,3.226030
async_dn_b8,train_loss,7776,3.255650
async_dn_b8,train_loss,7808,3.235580
async_dn_b8,train_loss,7840,3.257650
async_dn_b8,train_loss,7872,3.203000
async_dn_b8,train_loss,7904,3.282210
async_dn_b8,train_loss,7936,3.235560
async_dn_b8,train_loss,7968,3.249620
async_dn_b8,train_loss,8000,3.284050
async_dn_b8,train_loss,8032,3.206770
async_dn_b8,train_loss,8064,3.232400
async_dn_b8,train_loss,8096,3.228880
async_dn_b8,train_loss,8128,3.242670
async_dn_b8,train_loss,8160,3.269650
async_dn_b8,train_loss,8192,3.214790
async_dn_b8,train_loss,8224,3.220210
async_dn_b8,train_loss,8256,3.215600
async_dn_b8,train_loss,8288,3.231630
async_dn_b8,train_loss,8320,3.242930
async_dn_b8,train_loss,8352,3.262870
async_dn_b8,train_loss,8384,3.233300
async_dn_b8,train_loss,8416,3.220820
async_dn_b8,train_loss,8448,3.237340
async_dn_b8,train_loss,8480,3.251230
async_dn_b8,train_loss,8512,3.226930
async_dn_b8,train_loss,8544,3.230660
async_dn_b8,train_loss,8576,3.216410
async_dn_b8,train_loss,8608,3.258930
async_dn_b8,train_loss,8640,3.205920
async_dn_b8,train_loss,8672,3.223320
async_dn_b8,train_loss,8704,3.243110
async_dn_b8,train_loss,8736,3.238860
async_dn_b8,train_loss,8768,3.197320
async_dn_b8,train_loss,8800,3.250530
async_dn_b8,train_loss,8832,3.199530
async_dn_b8,train_loss,8864,3.232630
async_dn_b8,train_loss,8896,3.224650
async_dn_b8,train_loss,8928,3.229250
async_dn_b8,train_loss,8960,3.221040
async_dn_b8,train_loss,8992,3.173250
async_dn_b8,train_loss,9024,3.177420
async_dn_b8,train_loss,9056,3.149170
async_dn_b8,train_loss,9088,3.194590
async_dn_b8,train_loss,9120,3.202620
async_dn_b8,train_loss,9152,3.234270
async_dn_b8,train_loss,9184,3.180920
async_dn_b8,train_loss,9216,3.177200
async_dn_b8,train_loss,9248,3.174920
async_dn_b8,train_loss,9280,3.159960
async_dn_b8,train_loss,9312,3.186510
async_dn_b8,train_loss,9344,3.182640
async_dn_b8,train_loss,9376,3.154070
async_dn_b8,train_loss,9408,3.119920
async_dn_b8,train_loss,9440,3.195350
async_dn_b8,train_loss,9472,3.174900
async_dn_b8,train_loss,9504,3.190490
async_dn_b8,train_loss,9536,3.183130
async_dn_b8,train_loss,9568,3.188090
async_dn_b8,train_loss,9600,3.156750
async_dn_b8,train_loss,9632,3.174240
async_dn_b8,train_loss,9664,3.190980
async_dn_b8,train_loss,9696,3.220110
async_dn_b8,train_loss,9728,3.196250
async_dn_b8,train_loss,9760,3.180510
async_dn_b8,train_loss,9792,3.163360
async_dn_b8,train_loss,9824,3.191620
async_dn_b8,train_loss,9856,3.169960
async_dn_b8,train_loss,9888,3.145800
async_dn_b8,train_loss,9920,3.150260
async_dn_b8,train_loss,9952,3.162190
async_dn_b8,train_loss,9984,3.136050
async_dn_b8,train_loss,10016,3.152660
async_dn_b8,train_loss,10048,3.166700
async_dn_b8,train_loss,10080,3.185130
async_dn_b8,train_loss,10112,3.188650
async_dn_b8,train_loss,10144,3.152050
async_dn_b8,train_loss,10176,3.202830
async_dn_b8,train_loss,10208,3.138700
async_dn_b8,train_loss,10240,3.132350
async_dn_b8,train_loss,10272,3.158100
async_dn_b8,train_loss,10304,3.153660
async_dn_b8,train_loss,10336,3.151120
async_dn_b8,train_loss,10368,3.174970
async_dn_b8,train_loss,10400,3.127820
async_dn_b8,train_loss,10432,3.164640
async_dn_b8,train_loss,10464,3.107330
async_dn_b8,train_loss,10496,3.151740
async_dn_b8,train_loss,10528,3.125360
async_dn_b8,train_loss,10560,3.149720
async_dn_b8,train_loss,10592,3.178030
async_dn_b8,train_loss,10624,3.148110
async_dn_b8,train_loss,10656,3.145050
async_dn_b8,train_loss,10688,3.155330
async_dn_b8,train_loss,10720,3.130080
async_dn_b8,train_loss,10752,3.135570
async_dn_b8,train_loss,10784,3.131960
async_dn_b8,train_loss,10816,3.134210
async_dn_b8,train_loss,10848,3.131950
async_dn_b8,train_loss,10880,3.143290
async_dn_b8,train_loss,10912,3.156530
async_dn_b8,train_loss,10944,3.150120
async_dn_b8,train_loss,10976,3.166580
async_dn_b8,train_loss,11008,3.126660
async_dn_b8,train_loss,11040,3.072030
async_dn_b8,train_loss,11072,3.102460
async_dn_b8,train_loss,11104,3.142320
async_dn_b8,train_loss,11136,3.132160
async_dn_b8,train_loss,11168,3.135280
async_dn_b8,train_loss,11200,3.095970
async_dn_b8,train_loss,11232,3.115700
async_dn_b8,train_loss,11264,3.120970
async_dn_b8,train_loss,11296,3.114690
async_dn_b8,train_loss,11328,3.113330
async_dn_b8,train_loss,11360,3.067180
async_dn_b8,train_loss,11392,3.041130
async_dn_b8,train_loss,11424,3.129590
async_dn_b8,train_loss,11456,3.123000
async_dn_b8,train_loss,11488,3.091560
async_dn_b8,train_loss,11520,3.144650
async_dn_b8,train_loss,11552,3.076910
async_dn_b8,train_loss,11584,3.104550
async_dn_b8,train_loss,11616,3.111750
async_dn_b8,train_loss,11648,3.140980
async_dn_b8,train_loss,11680,3.110190
async_dn_b8,train_loss,11712,3.153610
async_dn_b8,train_loss,11744,3.083310
async_dn_b8,train_loss,11776,3.086190
async_dn_b8,train_loss,11808,3.129830
async_dn_b8,train_loss,11840,3.139080
async_dn_b8,train_loss,11872,3.089710
async_dn_b8,train_loss,11904,3.061390
async_dn_b8,train_loss,11936,3.091020
async_dn_b8,train_loss,11968,3.089180
async_dn_b8,train_loss,12000,3.085050
async_dn_b8,train_loss,12032,3.133080
async_dn_b8,train_loss,12064,3.123030
async_dn_b8,train_loss,12096,3.098210
async_dn_b8,train_loss,12128,3.115370
async_dn_b8,train_loss,12160,3.119300
async_dn_b8,train_loss,12192,3.122590
async_dn_b8,train_loss,12224,3.141360
async_dn_b8,train_loss,12256,3.074950
async_dn_b8,train_loss,12288,3.132640
async_dn_b8,train_loss,12320,3.145410
async_dn_b8,train_loss,12352,3.082930
async_dn_b8,train_loss,12384,3.072970
async_dn_b8,train_loss,12416,3.111210
async_dn_b8,train_loss,12448,3.109060
async_dn_b8,train_loss,12480,3.084180
async_dn_b8,train_loss,12512,3.103010
async_dn_b8,train_loss,12544,3.087310
async_dn_b8,train_loss,12576,3.105400
async_dn_b8,train_loss,12608,3.098340
async_dn_b8,train_loss,12640,3.081770
async_dn_b8,train_loss,12672,3.161230
async_dn_b8,train_loss,12704,3.076130
async_dn_b8,train_loss,12736,3.088180
async_dn_b8,train_loss,12768,3.085690
async_dn_b8,train_loss,12800,3.068200
async_dn_b8,train_loss,12832,3.060550
async_dn_b8,train_loss,12864,3.067450
async_dn_b8,train_loss,12896,3.070070
async_dn_b8,train_loss,12928,3.090090
async_dn_b8,train_loss,12960,3.099490
async_dn_b8,train_loss,12992,3.095850
async_dn_b8,train_loss,13024,3.095560
async_dn_b8,train_loss,13056,3.085730
async_dn_b8,train_loss,13088,3.140770
async_dn_b8,train_loss,13120,3.087600
async_dn_b8,train_loss,13152,3.060890
async_dn_b8,train_loss,13184,3.061120
async_dn_b8,train_loss,13216,3.046020
async_dn_b8,train_loss,13248,3.031270
async_dn_b8,train_loss,13280,3.112490
async_dn_b8,train_loss,13312,3.086140
async_dn_b8,train_loss,13344,3.108960
async_dn_b8,train_loss,13376,3.032360
async_dn_b8,train_loss,13408,3.074200
async_dn_b8,train_loss,13440,3.099750
async_dn_b8,train_loss,13472,3.066840
async_dn_b8,train_loss,13504,3.053200
async_dn_b8,train_loss,13536,3.088550
async_dn_b8,train_loss,13568,3.041020
async_dn_b8,train_loss,13600,3.041790
async_dn_b8,train_loss,13632,3.047100
async_dn_b8,train_loss,13664,3.039530
async_dn_b8,train_loss,13696,3.069580
async_dn_b8,train_loss,13728,3.034480
async_dn_b8,train_loss,13760,3.052670
async_dn_b8,train_loss,13792,3.064900
async_dn_b8,train_loss,13824,3.034680
async_dn_b8,train_loss,13856,3.098710
async_dn_b8,train_loss,13888,3.060980
async_dn_b8,train_loss,13920,3.062310
async_dn_b8,train_loss,13952,3.095760
async_dn_b8,train_loss,13984,3.075380
async_dn_b8,train_loss,14016,3.090720
async_dn_b8,train_loss,14048,3.068820
async_dn_b8,train_loss,14080,3.093470
async_dn_b8,train_loss,14112,3.115840
async_dn_b8,train_loss,14144,3.086430
async_dn_b8,train_loss,14176,3.085020
async_dn_b8,train_loss,14208,3.028530
async_dn_b8,train_loss,14240,3.049760
async_dn_b8,train_loss,14272,3.041370
async_dn_b8,train_loss,14304,3.082980
async_dn_b8,train_loss,14336,3.053110
async_dn_b8,train_loss,14368,3.070650
async_dn_b8,train_loss,14400,3.042750
async_dn_b8,train_loss,14432,3.076870
async_dn_b8,train_loss,14464,3.022300
async_dn_b8,train_loss,14496,3.041580
async_dn_b8,train_loss,14528,3.063560
async_dn_b8,train_loss,14560,3.047740
async_dn_b8,train_loss,14592,3.036140
async_dn_b8,train_loss,14624,3.035730
async_dn_b8,train_loss,14656,3.059290
async_dn_b8,train_loss,14688,3.106630
async_dn_b8,train_loss,14720,3.073880
async_dn_b8,train_loss,14752,3.075850
async_dn_b8,train_loss,14784,3.082800
async_dn_b8,train_loss,14816,3.025300
async_dn_b8,train_loss,14848,3.066050
async_dn_b8,train_loss,14880,3.066410
async_dn_b8,train_loss,14912,3.088120
async_dn_b8,train_loss,14944,3.048160
async_dn_b8,train_loss,14976,3.042820
async_dn_b8,train_loss,15008,2.998460
async_dn_b8,train_loss,15040,3.063760
async_dn_b8,train_loss,15072,3.033090
async_dn_b8,train_loss,15104,3.032620
async_dn_b8,train_loss,15136,3.031860
async_dn_b8,train_loss,15168,3.045600
async_dn_b8,train_loss,15200,3.039230
async_dn_b8,train_loss,15232,3.052400
async_dn_b8,train_loss,15264,3.001310
async_dn_b8,train_loss,15296,3.002540
async_dn_b8,train_loss,15328,3.042960
async_dn_b8,train_loss,15360,3.015700
async_dn_b8,train_loss,15392,2.983660
async_dn_b8,train_loss,15424,3.005250
async_dn_b8,train_loss,15456,3.067720
async_dn_b8,train_loss,15488,3.057320
async_dn_b8,train_loss,15520,2.986920
async_dn_b8,train_loss,15552,3.005920
async_dn_b8,train_loss,15584,3.019850
async_dn_b8,train_loss,15616,3.017280
async_dn_b8,train_loss,15648,3.060780
async_dn_b8,train_loss,15680,3.047180
async_dn_b8,train_loss,15712,3.025850
async_dn_b8,train_loss,15744,3.019880
async_dn_b8,train_loss,15776,3.040030
async_dn_b8,train_loss,15808,3.042220
async_dn_b8,train_loss,15840,3.041580
async_dn_b8,train_loss,15872,2.991950
async_dn_b8,train_loss,15904,3.015250
async_dn_b8,train_loss,15936,3.037330
async_dn_b8,train_loss,15968,3.001180
async_dn_b8,train_loss,16000,3.019910
async_dn_b8,train_loss,16032,2.969970
async_dn_b8,eval_loss,321,6.900100
async_dn_b8,eval_loss,642,6.012770
async_dn_b8,eval_loss,963,5.355250
async_dn_b8,eval_loss,1284,4.941940
async_dn_b8,eval_loss,1605,4.725690
async_dn_b8,eval_loss,1926,4.436250
async_dn_b8,eval_loss,2247,4.258250
async_dn_b8,eval_loss,2568,4.136090
async_dn_b8,eval_loss,2889,4.030840
async_dn_b8,eval_loss,3210,3.940670
async_dn_b8,eval_loss,3531,3.824260
async_dn_b8,eval_loss,3852,3.719620
async_dn_b8,eval_loss,4173,3.638780
async_dn_b8,eval_loss,4494,3.567150
async_dn_b8,eval_loss,4815,3.523950
async_dn_b8,eval_loss,5136,3.468860
async_dn_b8,eval_loss,5457,3.427320
async_dn_b8,eval_loss,5778,3.395190
async_dn_b8,eval_loss,6099,3.363020
async_dn_b8,eval_loss,6420,3.348280
async_dn_b8,eval_loss,6741,3.311660
async_dn_b8,eval_loss,7062,3.285250
async_dn_b8,eval_loss,7383,3.265790
async_dn_b8,eval_loss,7704,3.260400
async_dn_b8,eval_loss,8025,3.228640
async_dn_b8,eval_loss,8346,3.215060
async_dn_b8,eval_loss,8667,3.204060
async_dn_b8,eval_loss,8988,3.187520
async_dn_b8,eval_loss,9309,3.177850
async_dn_b8,eval_loss,9630,3.160600
async_dn_b8,eval_loss,9951,3.149380
async_dn_b8,eval_loss,10272,3.144130
async_dn_b8,eval_loss,10593,3.126890
async_dn_b8,eval_loss,10914,3.126430
async_dn_b8,eval_loss,11235,3.111520
async_dn_b8,eval_loss,11556,3.102250
async_dn_b8,eval_loss,11877,3.093460
async_dn_b8,eval_loss,12198,3.087370
async_dn_b8,eval_loss,12519,3.081280
async_dn_b8,eval_loss,12840,3.073860
async_dn_b8,eval_loss,13161,3.063270
async_dn_b8,eval_loss,13482,3.055810
async_dn_b8,eval_loss,13803,3.053210
async_dn_b8,eval_loss,14124,3.053600
async_dn_b8,eval_loss,14445,3.040390
async_dn_b8,eval_loss,14766,3.036320
async_dn_b8,eval_loss,15087,3.026530
async_dn_b8,eval_loss,15408,3.026330
async_dn_b8,eval_loss,15729,3.021790
async_dn_b8,eval_loss,16050,3.020460
async_dn_b8,grad_norm,32,0.443900
async_dn_b8,grad_norm,64,0.452900
async_dn_b8,grad_norm,96,0.746800
async_dn_b8,grad_norm,128,1.350800
async_dn_b8,grad_norm,160,0.810600
async_dn_b8,grad_norm,192,0.558800
async_dn_b8,grad_norm,224,2.260900
async_dn_b8,grad_norm,256,0.571800
async_dn_b8,grad_norm,288,0.432600
async_dn_b8,grad_norm,320,0.717800
async_dn_b8,grad_norm,352,0.448200
async_dn_b8,grad_norm,384,0.372800
async_dn_b8,grad_norm,416,0.529200
async_dn_b8,grad_norm,448,0.386300
async_dn_b8,grad_norm,480,0.373200
async_dn_b8,grad_norm,512,0.546200
async_dn_b8,grad_norm,544,0.424200
async_dn_b8,grad_norm,576,0.399600
async_dn_b8,grad_norm,608,0.499100
async_dn_b8,grad_norm,640,0.402000
async_dn_b8,grad_norm,672,0.431600
async_dn_b8,grad_norm,704,0.514200
async_dn_b8,grad_norm,736,0.496700
async_dn_b8,grad_norm,768,0.460100
async_dn_b8,grad_norm,800,0.458200
async_dn_b8,grad_norm,832,0.510500
async_dn_b8,grad_norm,864,0.446400
async_dn_b8,grad_norm,896,0.496400
async_dn_b8,grad_norm,928,0.542200
async_dn_b8,grad_norm,960,0.454500
async_dn_b8,grad_norm,992,0.465100
async_dn_b8,grad_norm,1024,0.476800
async_dn_b8,grad_norm,1056,0.427300
async_dn_b8,grad_norm,1088,0.455900
async_dn_b8,grad_norm,1120,0.462400
async_dn_b8,grad_norm,1152,0.452700
async_dn_b8,grad_norm,1184,0.451500
async_dn_b8,grad_norm,1216,0.558700
async_dn_b8,grad_norm,1248,0.490400
async_dn_b8,grad_norm,1280,0.458700
async_dn_b8,grad_norm,1312,0.484300
async_dn_b8,grad_norm,1344,0.483000
async_dn_b8,grad_norm,1376,0.482900
async_dn_b8,grad_norm,1408,0.511300
async_dn_b8,grad_norm,1440,0.454600
async_dn_b8,grad_norm,1472,0.575300
async_dn_b8,grad_norm,1504,0.459000
async_dn_b8,grad_norm,1536,0.519200
async_dn_b8,grad_norm,1568,0.513000
async_dn_b8,grad_norm,1600,0.486600
async_dn_b8,grad_norm,1632,0.539800
async_dn_b8,grad_norm,1664,0.482200
async_dn_b8,grad_norm,1696,0.479200
async_dn_b8,grad_norm,1728,0.462000
async_dn_b8,grad_norm,1760,0.460800
async_dn_b8,grad_norm,1792,0.478600
async_dn_b8,grad_norm,1824,0.519700
async_dn_b8,grad_norm,1856,0.470800
async_dn_b8,grad_norm,1888,0.467300
async_dn_b8,grad_norm,1920,0.470000
async_dn_b8,grad_norm,1952,0.461200
async_dn_b8,grad_norm,1984,0.478500
async_dn_b8,grad_norm,2016,0.520000
async_dn_b8,grad_norm,2048,0.457100
async_dn_b8,grad_norm,2080,0.467100
async_dn_b8,grad_norm,2112,0.471900
async_dn_b8,grad_norm,2144,0.448400
async_dn_b8,grad_norm,2176,0.464500
async_dn_b8,grad_norm,2208,0.491500
async_dn_b8,grad_norm,2240,0.466700
async_dn_b8,grad_norm,2272,0.495900
async_dn_b8,grad_norm,2304,0.510900
async_dn_b8,grad_norm,2336,0.495100
async_dn_b8,grad_norm,2368,0.807900
async_dn_b8,grad_norm,2400,0.467200
async_dn_b8,grad_norm,2432,0.499700
async_dn_b8,grad_norm,2464,0.466300
async_dn_b8,grad_norm,2496,0.460100
async_dn_b8,grad_norm,2528,0.464600
async_dn_b8,grad_norm,2560,0.465400
async_dn_b8,grad_norm,2592,0.456600
async_dn_b8,grad_norm,2624,0.456100
async_dn_b8,grad_norm,2656,0.459900
async_dn_b8,grad_norm,2688,0.453800
async_dn_b8,grad_norm,2720,0.488300
async_dn_b8,grad_norm,2752,0.470200
async_dn_b8,grad_norm,2784,0.463100
async_dn_b8,grad_norm,2816,0.501000
async_dn_b8,grad_norm,2848,0.520100
async_dn_b8,grad_norm,2880,0.507900
async_dn_b8,grad_norm,2912,0.478500
async_dn_b8,grad_norm,2944,0.477100
async_dn_b8,grad_norm,2976,0.456400
async_dn_b8,grad_norm,3008,0.474200
async_dn_b8,grad_norm,3040,0.452900
async_dn_b8,grad_norm,3072,0.448500
async_dn_b8,grad_norm,3104,0.455500
async_dn_b8,grad_norm,3136,0.476300
async_dn_b8,grad_norm,3168,0.453700
async_dn_b8,grad_norm,3200,0.459900
async_dn_b8,grad_norm,3232,0.480000
async_dn_b8,grad_norm,3264,0.467300
async_dn_b8,grad_norm,3296,0.460900
async_dn_b8,grad_norm,3328,0.459500
async_dn_b8,grad_norm,3360,0.470200
async_dn_b8,grad_norm,3392,0.477400
async_dn_b8,grad_norm,3424,0.444500
async_dn_b8,grad_norm,3456,0.452500
async_dn_b8,grad_norm,3488,0.475800
async_dn_b8,grad_norm,3520,0.460000
async_dn_b8,grad_norm,3552,0.457100
async_dn_b8,grad_norm,3584,0.447300
async_dn_b8,grad_norm,3616,0.507700
async_dn_b8,grad_norm,3648,0.464600
async_dn_b8,grad_norm,3680,0.440700
async_dn_b8,grad_norm,3712,0.442200
async_dn_b8,grad_norm,3744,0.435100
async_dn_b8,grad_norm,3776,0.456900
async_dn_b8,grad_norm,3808,0.469300
async_dn_b8,grad_norm,3840,0.459900
async_dn_b8,grad_norm,3872,0.443000
async_dn_b8,grad_norm,3904,0.443500
async_dn_b8,grad_norm,3936,0.469700
async_dn_b8,grad_norm,3968,0.453200
async_dn_b8,grad_norm,4000,0.449300
async_dn_b8,grad_norm,4032,0.463200
async_dn_b8,grad_norm,4064,0.446500
async_dn_b8,grad_norm,4096,0.442000
async_dn_b8,grad_norm,4128,0.439500
async_dn_b8,grad_norm,4160,0.453100
async_dn_b8,grad_norm,4192,0.458400
async_dn_b8,grad_norm,4224,0.463000
async_dn_b8,grad_norm,4256,0.429500
async_dn_b8,grad_norm,4288,0.441900
async_dn_b8,grad_norm,4320,0.435600
async_dn_b8,grad_norm,4352,0.434500
async_dn_b8,grad_norm,4384,0.455600
async_dn_b8,grad_norm,4416,0.451900
async_dn_b8,grad_norm,4448,0.466200
async_dn_b8,grad_norm,4480,0.428700
async_dn_b8,grad_norm,4512,0.437700
async_dn_b8,grad_norm,4544,0.445500
async_dn_b8,grad_norm,4576,0.428600
async_dn_b8,grad_norm,4608,0.431600
async_dn_b8,grad_norm,4640,0.428800
async_dn_b8,grad_norm,4672,0.431400
async_dn_b8,grad_norm,4704,0.432200
async_dn_b8,grad_norm,4736,0.435300
async_dn_b8,grad_norm,4768,0.434000
async_dn_b8,grad_norm,4800,0.432600
async_dn_b8,grad_norm,4832,0.451300
async_dn_b8,grad_norm,4864,0.434400
async_dn_b8,grad_norm,4896,0.430400
async_dn_b8,grad_norm,4928,0.429900
async_dn_b8,grad_norm,4960,0.436500
async_dn_b8,grad_norm,4992,0.427000
async_dn_b8,grad_norm,5024,0.447500
async_dn_b8,grad_norm,5056,0.437300
async_dn_b8,grad_norm,5088,0.422700
async_dn_b8,grad_norm,5120,0.425600
async_dn_b8,grad_norm,5152,0.437800
async_dn_b8,grad_norm,5184,0.423800
async_dn_b8,grad_norm,5216,0.443500
async_dn_b8,grad_norm,5248,0.427800
async_dn_b8,grad_norm,5280,0.425700
async_dn_b8,grad_norm,5312,0.421100
async_dn_b8,grad_norm,5344,0.427400
async_dn_b8,grad_norm,5376,0.431300
async_dn_b8,grad_norm,5408,0.430800
async_dn_b8,grad_norm,5440,0.432500
async_dn_b8,grad_norm,5472,0.417700
async_dn_b8,grad_norm,5504,0.427400
async_dn_b8,grad_norm,5536,0.436800
async_dn_b8,grad_norm,5568,0.416600
async_dn_b8,grad_norm,5600,0.421700
async_dn_b8,grad_norm,5632,0.440300
async_dn_b8,grad_norm,5664,0.420100
async_dn_b8,grad_norm,5696,0.419200
async_dn_b8,grad_norm,5728,0.418700
async_dn_b8,grad_norm,5760,0.418500
async_dn_b8,grad_norm,5792,0.431100
async_dn_b8,grad_norm,5824,0.423000
async_dn_b8,grad_norm,5856,0.415800
async_dn_b8,grad_norm,5888,0.418800
async_dn_b8,grad_norm,5920,0.420500
async_dn_b8,grad_norm,5952,0.420800
async_dn_b8,grad_norm,5984,0.419200
async_dn_b8,grad_norm,6016,0.434800
async_dn_b8,grad_norm,6048,0.433200
async_dn_b8,grad_norm,6080,0.430600
async_dn_b8,grad_norm,6112,0.428100
async_dn_b8,grad_norm,6144,0.422900
async_dn_b8,grad_norm,6176,0.411500
async_dn_b8,grad_norm,6208,0.423800
async_dn_b8,grad_norm,6240,0.423700
async_dn_b8,grad_norm,6272,0.413300
async_dn_b8,grad_norm,6304,0.435400
async_dn_b8,grad_norm,6336,0.412700
async_dn_b8,grad_norm,6368,0.422400
async_dn_b8,grad_norm,6400,0.414500
async_dn_b8,grad_norm,6432,0.438200
async_dn_b8,grad_norm,6464,0.421800
async_dn_b8,grad_norm,6496,0.423000
async_dn_b8,grad_norm,6528,0.413000
async_dn_b8,grad_norm,6560,0.425000
async_dn_b8,grad_norm,6592,0.411900
async_dn_b8,grad_norm,6624,0.415900
async_dn_b8,grad_norm,6656,0.400500
async_dn_b8,grad_norm,6688,0.431200
async_dn_b8,grad_norm,6720,0.415900
async_dn_b8,grad_norm,6752,0.423600
async_dn_b8,grad_norm,6784,0.422600
async_dn_b8,grad_norm,6816,0.435100
async_dn_b8,grad_norm,6848,0.417900
async_dn_b8,grad_norm,6880,0.417200
async_dn_b8,grad_norm,6912,0.410700
async_dn_b8,grad_norm,6944,0.411600
async_dn_b8,grad_norm,6976,0.419500
async_dn_b8,grad_norm,7008,0.431700
async_dn_b8,grad_norm,7040,0.411400
async_dn_b8,grad_norm,7072,0.409400
async_dn_b8,grad_norm,7104,0.408000
async_dn_b8,grad_norm,7136,0.411600
async_dn_b8,grad_norm,7168,0.407100
async_dn_b8,grad_norm,7200,0.410000
async_dn_b8,grad_norm,7232,0.405500
async_dn_b8,grad_norm,7264,0.410100
async_dn_b8,grad_norm,7296,0.415300
async_dn_b8,grad_norm,7328,0.413000
async_dn_b8,grad_norm,7360,0.413000
async_dn_b8,grad_norm,7392,0.416000
async_dn_b8,grad_norm,7424,0.414300
async_dn_b8,grad_norm,7456,0.401400
async_dn_b8,grad_norm,7488,0.397800
async_dn_b8,grad_norm,7520,0.405400
async_dn_b8,grad_norm,7552,0.406100
async_dn_b8,grad_norm,7584,0.400500
async_dn_b8,grad_norm,7616,0.410100
async_dn_b8,grad_norm,7648,0.420700
async_dn_b8,grad_norm,7680,0.397800
async_dn_b8,grad_norm,7712,0.417900
async_dn_b8,grad_norm,7744,0.418300
async_dn_b8,grad_norm,7776,0.400300
async_dn_b8,grad_norm,7808,0.407300
async_dn_b8,grad_norm,7840,0.447100
async_dn_b8,grad_norm,7872,0.405200
async_dn_b8,grad_norm,7904,0.413700
async_dn_b8,grad_norm,7936,0.409600
async_dn_b8,grad_norm,7968,0.409600
async_dn_b8,grad_norm,8000,0.436000
async_dn_b8,grad_norm,8032,0.394600
async_dn_b8,grad_norm,8064,0.398000
async_dn_b8,grad_norm,8096,0.396400
async_dn_b8,grad_norm,8128,0.398800
async_dn_b8,grad_norm,8160,0.410900
async_dn_b8,grad_norm,8192,0.396600
async_dn_b8,grad_norm,8224,0.429300
async_dn_b8,grad_norm,8256,0.399500
async_dn_b8,grad_norm,8288,0.400400
async_dn_b8,grad_norm,8320,0.398900
async_dn_b8,grad_norm,8352,0.395300
async_dn_b8,grad_norm,8384,0.392600
async_dn_b8,grad_norm,8416,0.405100
async_dn_b8,grad_norm,8448,0.398000
async_dn_b8,grad_norm,8480,0.413300
async_dn_b8,grad_norm,8512,0.401300
async_dn_b8,grad_norm,8544,0.397700
async_dn_b8,grad_norm,8576,0.446800
async_dn_b8,grad_norm,8608,0.400100
async_dn_b8,grad_norm,8640,0.396300
async_dn_b8,grad_norm,8672,0.401500
async_dn_b8,grad_norm,8704,0.397800
async_dn_b8,grad_norm,8736,0.406300
async_dn_b8,grad_norm,8768,0.395400
async_dn_b8,grad_norm,8800,0.395800
async_dn_b8,grad_norm,8832,0.403100
async_dn_b8,grad_norm,8864,0.412400
async_dn_b8,grad_norm,8896,0.406700
async_dn_b8,grad_norm,8928,0.400900
async_dn_b8,grad_norm,8960,0.399200
async_dn_b8,grad_norm,8992,0.398900
async_dn_b8,grad_norm,9024,0.411800
async_dn_b8,grad_norm,9056,0.399400
async_dn_b8,grad_norm,9088,0.394800
async_dn_b8,grad_norm,9120,0.406700
async_dn_b8,grad_norm,9152,0.401200
async_dn_b8,grad_norm,9184,0.398300
async_dn_b8,grad_norm,9216,0.400900
async_dn_b8,grad_norm,9248,0.400800
async_dn_b8,grad_norm,9280,0.398200
async_dn_b8,grad_norm,9312,0.388300
async_dn_b8,grad_norm,9344,0.394500
async_dn_b8,grad_norm,9376,0.387300
async_dn_b8,grad_norm,9408,0.395700
async_dn_b8,grad_norm,9440,0.397700
async_dn_b8,grad_norm,9472,0.397400
async_dn_b8,grad_norm,9504,0.391600
async_dn_b8,grad_norm,9536,0.397900
async_dn_b8,grad_norm,9568,0.394300
async_dn_b8,grad_norm,9600,0.399900
async_dn_b8,grad_norm,9632,0.396500
async_dn_b8,grad_norm,9664,0.397600
async_dn_b8,grad_norm,9696,0.388000
async_dn_b8,grad_norm,9728,0.389300
async_dn_b8,grad_norm,9760,0.383700
async_dn_b8,grad_norm,9792,0.387000
async_dn_b8,grad_norm,9824,0.393700
async_dn_b8,grad_norm,9856,0.386600
async_dn_b8,grad_norm,9888,0.391100
async_dn_b8,grad_norm,9920,0.401300
async_dn_b8,grad_norm,9952,0.396700
async_dn_b8,grad_norm,9984,0.389000
async_dn_b8,grad_norm,10016,0.401500
async_dn_b8,grad_norm,10048,0.398400
async_dn_b8,grad_norm,10080,0.403300
async_dn_b8,grad_norm,10112,0.396700
async_dn_b8,grad_norm,10144,0.396000
async_dn_b8,grad_norm,10176,0.388900
async_dn_b8,grad_norm,10208,0.396400
async_dn_b8,grad_norm,10240,0.405100
async_dn_b8,grad_norm,10272,0.396000
async_dn_b8,grad_norm,10304,0.394600
async_dn_b8,grad_norm,10336,0.391800
async_dn_b8,grad_norm,10368,0.390100
async_dn_b8,grad_norm,10400,0.388500
async_dn_b8,grad_norm,10432,0.390400
async_dn_b8,grad_norm,10464,0.397300
async_dn_b8,grad_norm,10496,0.394200
async_dn_b8,grad_norm,10528,0.391900
async_dn_b8,grad_norm,10560,0.378800
async_dn_b8,grad_norm,10592,0.389200
async_dn_b8,grad_norm,10624,0.387000
async_dn_b8,grad_norm,10656,0.396000
async_dn_b8,grad_norm,10688,0.384100
async_dn_b8,grad_norm,10720,0.384300
async_dn_b8,grad_norm,10752,0.398000
async_dn_b8,grad_norm,10784,0.380800
async_dn_b8,grad_norm,10816,0.389000
async_dn_b8,grad_norm,10848,0.389000
async_dn_b8,grad_norm,10880,0.388600
async_dn_b8,grad_norm,10912,0.396200
async_dn_b8,grad_norm,10944,0.388900
async_dn_b8,grad_norm,10976,0.382600
async_dn_b8,grad_norm,11008,0.514400
async_dn_b8,grad_norm,11040,0.394200
async_dn_b8,grad_norm,11072,0.399700
async_dn_b8,grad_norm,11104,0.374700
async_dn_b8,grad_norm,11136,0.383900
async_dn_b8,grad_norm,11168,0.381800
async_dn_b8,grad_norm,11200,0.414400
async_dn_b8,grad_norm,11232,0.394200
async_dn_b8,grad_norm,11264,0.389900
async_dn_b8,grad_norm,11296,0.381100
async_dn_b8,grad_norm,11328,0.385200
async_dn_b8,grad_norm,11360,0.387300
async_dn_b8,grad_norm,11392,0.397000
async_dn_b8,grad_norm,11424,0.393200
async_dn_b8,grad_norm,11456,0.392500
async_dn_b8,grad_norm,11488,0.389300
async_dn_b8,grad_norm,11520,0.394600
async_dn_b8,grad_norm,11552,0.388000
async_dn_b8,grad_norm,11584,0.411800
async_dn_b8,grad_norm,11616,0.382800
async_dn_b8,grad_norm,11648,0.388600
async_dn_b8,grad_norm,11680,0.385800
async_dn_b8,grad_norm,11712,0.387700
async_dn_b8,grad_norm,11744,0.398400
async_dn_b8,grad_norm,11776,0.384400
async_dn_b8,grad_norm,11808,0.384800
async_dn_b8,grad_norm,11840,0.384200
async_dn_b8,grad_norm,11872,0.379600
async_dn_b8,grad_norm,11904,0.390600
async_dn_b8,grad_norm,11936,0.378900
async_dn_b8,grad_norm,11968,0.394800
async_dn_b8,grad_norm,12000,0.386800
async_dn_b8,grad_norm,12032,0.383000
async_dn_b8,grad_norm,12064,0.394200
async_dn_b8,grad_norm,12096,0.389000
async_dn_b8,grad_norm,12128,0.380100
async_dn_b8,grad_norm,12160,0.393100
async_dn_b8,grad_norm,12192,0.389800
async_dn_b8,grad_norm,12224,0.392800
async_dn_b8,grad_norm,12256,0.405800
async_dn_b8,grad_norm,12288,0.409200
async_dn_b8,grad_norm,12320,0.396300
async_dn_b8,grad_norm,12352,0.386200
async_dn_b8,grad_norm,12384,0.386000
async_dn_b8,grad_norm,12416,0.385800
async_dn_b8,grad_norm,12448,0.382800
async_dn_b8,grad_norm,12480,0.387200
async_dn_b8,grad_norm,12512,0.406000
async_dn_b8,grad_norm,12544,0.382800
async_dn_b8,grad_norm,12576,0.396500
async_dn_b8,grad_norm,12608,0.385700
async_dn_b8,grad_norm,12640,0.392000
async_dn_b8,grad_norm,12672,0.379800
async_dn_b8,grad_norm,12704,0.376100
async_dn_b8,grad_norm,12736,0.385000
async_dn_b8,grad_norm,12768,0.404100
async_dn_b8,grad_norm,12800,0.402000
async_dn_b8,grad_norm,12832,0.391400
async_dn_b8,grad_norm,12864,0.382600
async_dn_b8,grad_norm,12896,0.390200
async_dn_b8,grad_norm,12928,0.381100
async_dn_b8,grad_norm,12960,0.382700
async_dn_b8,grad_norm,12992,0.371100
async_dn_b8,grad_norm,13024,0.401000
async_dn_b8,grad_norm,13056,0.375200
async_dn_b8,grad_norm,13088,0.426800
async_dn_b8,grad_norm,13120,0.397400
async_dn_b8,grad_norm,13152,0.374400
async_dn_b8,grad_norm,13184,0.374800
async_dn_b8,grad_norm,13216,0.388900
async_dn_b8,grad_norm,13248,0.397100
async_dn_b8,grad_norm,13280,0.388800
async_dn_b8,grad_norm,13312,0.396500
async_dn_b8,grad_norm,13344,0.387100
async_dn_b8,grad_norm,13376,0.376400
async_dn_b8,grad_norm,13408,0.394000
async_dn_b8,grad_norm,13440,0.386900
async_dn_b8,grad_norm,13472,0.373000
async_dn_b8,grad_norm,13504,0.386500
async_dn_b8,grad_norm,13536,0.375400
async_dn_b8,grad_norm,13568,0.372700
async_dn_b8,grad_norm,13600,0.379300
async_dn_b8,grad_norm,13632,0.375800
async_dn_b8,grad_norm,13664,0.382000
async_dn_b8,grad_norm,13696,0.382300
async_dn_b8,grad_norm,13728,0.377700
async_dn_b8,grad_norm,13760,0.385800
async_dn_b8,grad_norm,13792,0.380200
async_dn_b8,grad_norm,13824,0.377000
async_dn_b8,grad_norm,13856,0.384200
async_dn_b8,grad_norm,13888,0.380700
async_dn_b8,grad_norm,13920,0.394600
async_dn_b8,grad_norm,13952,0.570400
async_dn_b8,grad_norm,13984,0.387200
async_dn_b8,grad_norm,14016,0.383800
async_dn_b8,grad_norm,14048,0.379100
async_dn_b8,grad_norm,14080,0.378800
async_dn_b8,grad_norm,14112,0.388000
async_dn_b8,grad_norm,14144,0.387000
async_dn_b8,grad_norm,14176,0.388900
async_dn_b8,grad_norm,14208,0.394300
async_dn_b8,grad_norm,14240,0.376900
async_dn_b8,grad_norm,14272,0.384000
async_dn_b8,grad_norm,14304,0.389000
async_dn_b8,grad_norm,14336,0.392900
async_dn_b8,grad_norm,14368,0.374600
async_dn_b8,grad_norm,14400,0.383700
async_dn_b8,grad_norm,14432,0.385600
async_dn_b8,grad_norm,14464,0.384000
async_dn_b8,grad_norm,14496,0.382800
async_dn_b8,grad_norm,14528,0.372400
async_dn_b8,grad_norm,14560,0.375600
async_dn_b8,grad_norm,14592,0.374600
async_dn_b8,grad_norm,14624,0.383600
async_dn_b8,grad_norm,14656,0.386600
async_dn_b8,grad_norm,14688,0.382300
async_dn_b8,grad_norm,14720,0.382800
async_dn_b8,grad_norm,14752,0.384600
async_dn_b8,grad_norm,14784,0.383500
async_dn_b8,grad_norm,14816,0.385100
async_dn_b8,grad_norm,14848,0.380400
async_dn_b8,grad_norm,14880,0.373500
async_dn_b8,grad_norm,14912,0.375200
async_dn_b8,grad_norm,14944,0.369900
async_dn_b8,grad_norm,14976,0.379600
async_dn_b8,grad_norm,15008,0.376400
async_dn_b8,grad_norm,15040,0.374000
async_dn_b8,grad_norm,15072,0.370900
async_dn_b8,grad_norm,15104,0.372400
async_dn_b8,grad_norm,15136,0.373700
async_dn_b8,grad_norm,15168,0.373400
async_dn_b8,grad_norm,15200,0.369100
async_dn_b8,grad_norm,15232,0.367400
async_dn_b8,grad_norm,15264,0.385400
async_dn_b8,grad_norm,15296,0.376800
async_dn_b8,grad_norm,15328,0.381900
async_dn_b8,grad_norm,15360,0.383800
async_dn_b8,grad_norm,15392,0.373600
async_dn_b8,grad_norm,15424,0.379400
async_dn_b8,grad_norm,15456,0.385700
async_dn_b8,grad_norm,15488,0.373000
async_dn_b8,grad_norm,15520,0.371600
async_dn_b8,grad_norm,15552,0.379000
async_dn_b8,grad_norm,15584,0.377800
async_dn_b8,grad_norm,15616,0.384800
async_dn_b8,grad_norm,15648,0.385100
async_dn_b8,grad_norm,15680,0.377500
async_dn_b8,grad_norm,15712,0.375000
async_dn_b8,grad_norm,15744,0.377800
async_dn_b8,grad_norm,15776,0.376600
async_dn_b8,grad_norm,15808,0.375000
async_dn_b8,grad_norm,15840,0.370700
async_dn_b8,grad_norm,15872,0.394400
async_dn_b8,grad_norm,15904,0.384700
async_dn_b8,grad_norm,15936,0.390900
async_dn_b8,grad_norm,15968,0.371200
async_dn_b8,grad_norm,16000,0.374900
async_dn_b8,grad_norm,16032,0.401200
