run,metric,tokens,value
h500,train,4156099,8.328295
h500,train,8312161,8.330556
h500,train,13504363,7.704806
h500,train,17657227,7.450723
h500,train,20765914,7.196196
h500,train,23888713,7.061294
h500,train,28046810,6.814505
h500,train,33237192,6.661059
h500,train,37390033,6.421370
h500,train,41542212,6.260582
h500,train,46736264,6.049138
h500,train,51932519,5.902020
h500,train,57126354,5.721048
h500,train,61275990,5.621833
h500,train,64393399,5.496449
h500,train,69581691,5.397150
h500,train,74780357,5.275352
h500,train,78933751,5.195225
h500,train,84122806,5.108102
h500,train,88281879,5.058227
h500,train,92435498,4.993076
h500,train,97631983,4.935351
h500,train,101780044,4.847704
h500,train,105935365,4.789580
h500,train,111125781,4.725102
h500,train,116318169,4.677332
h500,train,120467388,4.615757
h500,train,124622079,4.576919
h500,train,128783019,4.534580
h500,train,132930506,4.499132
h500,train,138117394,4.449120
h500,train,143317224,4.415938
h500,train,147477730,4.373243
h500,train,151636183,4.345237
h500,train,156840469,4.301546
h500,train,162035251,4.282719
h500,train,166180995,4.243662
h500,train,170338907,4.214757
h500,train,175529128,4.183245
h500,train,179678956,4.171106
h500,train,183834142,4.153342
h500,train,187991521,4.147692
h500,train,192147014,4.115629
h500,train,197347156,4.097647
h500,train,201502282,4.080986
h500,train,205664162,4.064445
h500,train,210858940,4.045935
h500,train,216063308,4.030108
h500,train,221272482,4.014637
h500,train,225428377,4.015166
h500,train,228549389,3.984514
h500,train,232708402,3.968204
h500,train,237907444,3.944991
h500,train,243098556,3.937032
h500,train,247249182,3.914991
h500,train,251404058,3.920262
h500,train,255559099,3.892120
h500,train,259707713,3.897274
h500,train,264902446,3.869290
h500,train,270103008,3.858932
h500,train,274258334,3.862301
h500,train,278409629,3.844956
h500,train,283603456,3.825700
h500,train,288796179,3.819074
h500,train,291913953,3.800767
h500,train,296073703,3.788029
h500,train,301258248,3.777483
h500,train,305414774,3.773779
h500,train,310615749,3.750071
h500,train,314768345,3.738837
h500,train,318928741,3.726974
h500,train,324126013,3.724186
h500,train,328281366,3.714493
h500,train,332445102,3.697425
h500,train,337640181,3.689212
h500,train,341791548,3.676793
h500,train,345946723,3.667455
h500,train,351146393,3.668527
h500,train,355304136,3.658251
h500,train,359459099,3.639067
h500,train,364651721,3.617498
h500,train,369857990,3.611661
h500,train,374015387,3.599834
h500,train,378166745,3.583774
h500,train,383360136,3.587846
h500,train,387515084,3.576537
h500,train,390631328,3.546506
h500,train,394782027,3.534142
h500,train,399979142,3.534636
h500,train,405177044,3.513451
h500,train,410376261,3.508093
h500,train,415574295,3.500575
h500,train,418686200,3.527306
h500,train,422838471,3.513452
h500,train,428039424,3.502513
h500,train,432196688,3.487652
h500,train,437397188,3.479103
h500,train,441556757,3.465044
h500,train,445716611,3.459854
h500,train,450914290,3.450228
h500,train,455065418,3.436641
h500,train,459225683,3.435424
h500,train,464418688,3.417241
h500,train,468568949,3.403517
h500,train,472726081,3.401229
h500,train,477926886,3.408569
h500,train,482080478,3.399356
h500,train,486240688,3.385175
h500,train,490393088,3.373118
h500,train,495589093,3.370232
h500,train,500790239,3.368297
h500,train,504949326,3.378122
h500,train,510147241,3.370538
h500,train,514298306,3.363009
h500,train,517415417,3.361243
h500,train,521565660,3.368225
h500,train,526757800,3.365976
h500,train,531945831,3.366366
h500,train,536098899,3.358207
h500,train,540254138,3.349377
h500,train,545446881,3.336265
h500,train,550636582,3.345124
h500,train,554797548,3.333053
h500,train,559985991,3.339095
h500,train,565181613,3.328513
h500,train,569341344,3.331624
h500,train,574539346,3.331029
h500,train,578688822,3.325145
h500,train,581806829,3.294846
h500,train,585958372,3.297516
h500,train,591153373,3.283746
h500,train,596346050,3.292842
h500,train,600501681,3.285947
h500,train,604652312,3.287058
h500,train,609845020,3.273825
h500,train,615030014,3.269540
h500,train,619192000,3.268802
h500,train,623341341,3.274007
h500,train,628534027,3.261485
h500,train,633727437,3.272020
h500,train,637875924,3.249833
h500,train,642025292,3.259581
h500,train,646179595,3.249342
h500,train,650333187,3.250133
h500,train,655536238,3.231799
h500,train,660730972,3.233753
h500,train,664885761,3.244326
h500,train,669037072,3.247672
h500,train,674227011,3.242662
h500,train,679414150,3.237995
h500,train,683565419,3.220107
h500,train,687726407,3.216540
h500,train,691880358,3.234542
h500,train,696039244,3.236326
h500,train,701235792,3.229392
h500,train,706425461,3.221733
h500,train,710583063,3.198479
h500,train,714733988,3.211916
h500,train,719931324,3.200971
h500,train,725128869,3.204294
h500,train,729277510,3.191700
h500,train,733427065,3.193410
h500,train,738619983,3.189142
h500,train,743812001,3.193959
h500,train,747959313,3.169779
h500,train,752115836,3.177323
h500,train,756271527,3.156600
h500,train,760419837,3.169089
h500,train,765616210,3.171029
h500,train,770807316,3.184523
h500,train,774957320,3.183213
h500,train,779104385,3.174491
h500,train,784298612,3.151141
h500,train,789493883,3.159259
h500,train,793646508,3.146341
h500,train,797797493,3.155343
h500,train,802983777,3.151404
h500,train,808181576,3.157126
h500,train,812344286,3.160653
h500,train,816502297,3.163956
h500,train,821696563,3.139732
h500,train,825851197,3.165893
h500,train,830008344,3.155960
h500,train,835203299,3.159514
h500,train,839348284,3.135971
h500,train,843503129,3.145628
h500,train,848703114,3.131638
h500,train,853893896,3.153361
h500,train,858051001,3.144162
h500,train,862198652,3.139930
h500,train,867382654,3.119427
h500,train,872573225,3.122399
h500,train,876728397,3.123855
h500,train,880878680,3.125319
h500,train,886072920,3.121070
h500,train,891260880,3.120293
h500,train,895422163,3.107373
h500,train,899574470,3.105950
h500,train,903730752,3.114172
h500,train,908918417,3.126022
h500,train,914114650,3.127510
h500,train,918269298,3.135758
h500,train,923464894,3.119088
h500,train,927620021,3.112563
h500,train,931772902,3.099256
h500,train,936965918,3.106398
h500,train,941118906,3.109914
h500,train,945276703,3.102359
h500,train,950467081,3.101805
h500,train,955669195,3.110117
h500,train,959826501,3.117763
h500,train,963981921,3.122369
h500,train,968139393,3.114717
h500,train,973336925,3.114316
h500,train,978533915,3.105780
h500,train,982691880,3.101961
h500,train,987879317,3.091911
h500,train,993079733,3.090213
h500,train,997232577,3.076684
h500,train,1001387745,3.069412
h500,train,1005541152,3.068620
h500,train,1010735773,3.064690
h500,train,1015932538,3.062201
h500,train,1020081039,3.076816
h500,train,1025271004,3.061462
h500,train,1030455659,3.065759
h500,train,1034606189,3.054407
h500,train,1038754986,3.055054
h500,eval,20765914,6.843608
h500,eval,37390033,6.267592
h500,eval,64393399,5.658756
h500,eval,84122806,5.216456
h500,eval,101780044,4.875424
h500,eval,120467388,4.630182
h500,eval,147477730,4.434843
h500,eval,166180995,4.291468
h500,eval,183834142,4.183335
h500,eval,210858940,4.087050
h500,eval,228549389,4.006527
h500,eval,247249182,3.941563
h500,eval,274258334,3.878481
h500,eval,291913953,3.827189
h500,eval,310615749,3.782639
h500,eval,337640181,3.717528
h500,eval,355304136,3.670799
h500,eval,374015387,3.622312
h500,eval,390631328,3.564190
h500,eval,418686200,3.527788
h500,eval,437397188,3.490240
h500,eval,455065418,3.449432
h500,eval,482080478,3.421379
h500,eval,500790239,3.395007
h500,eval,517415417,3.364822
h500,eval,536098899,3.344450
h500,eval,565181613,3.324362
h500,eval,581806829,3.309006
h500,eval,600501681,3.291083
h500,eval,628534027,3.269445
h500,eval,646179595,3.254479
h500,eval,664885761,3.240188
h500,eval,683565419,3.223089
h500,eval,710583063,3.213240
h500,eval,729277510,3.200351
h500,eval,747959313,3.186465
h500,eval,765616210,3.176829
h500,eval,793646508,3.166032
h500,eval,812344286,3.153825
h500,eval,830008344,3.143473
h500,eval,858051001,3.135723
h500,eval,876728397,3.132617
h500,eval,895422163,3.122501
h500,eval,914114650,3.113244
h500,eval,931772902,3.103896
h500,eval,959826501,3.096709
h500,eval,978533915,3.090038
h500,eval,997232577,3.083582
h500,eval,1025271004,3.076330
h100,train,3114046,9.220560
h100,train,6230351,9.220223
h100,train,11426733,8.217101
h100,train,16619354,7.733720
h100,train,19731487,7.400387
h100,train,22854286,7.187905
h100,train,28046810,6.894818
h100,train,33237192,6.707455
h100,train,37390033,6.446522
h100,train,41542212,6.270249
h100,train,45697790,6.044995
h100,train,49855885,5.893121
h100,train,55050687,5.713816
h100,train,60238483,5.583038
h100,train,64393399,5.437469
h100,train,68547889,5.340419
h100,train,72707301,5.234506
h100,train,76857085,5.149440
h100,train,81010832,5.047073
h100,train,85165566,4.984608
h100,train,90355883,4.881464
h100,train,95555359,4.818740
h100,train,99705680,4.746378
h100,train,103856864,4.684608
h100,train,109046447,4.606920
h100,train,113204042,4.560872
h100,train,117355389,4.496432
h100,train,122547421,4.466267
h100,train,126701734,4.387682
h100,train,130850515,4.352679
h100,train,135001031,4.297139
h100,train,139162678,4.264988
h100,train,143319538,4.220203
h100,train,147477218,4.201746
h100,train,152678950,4.149950
h100,train,157872629,4.112770
h100,train,162029321,4.090209
h100,train,166188481,4.070864
h100,train,170336749,4.033410
h100,train,174486231,4.003317
h100,train,179676791,3.974720
h100,train,184875800,3.953912
h100,train,189029703,3.927528
h100,train,193189615,3.902571
h100,train,197344380,3.885439
h100,train,201502112,3.864882
h100,train,205662754,3.842205
h100,train,209826214,3.830553
h100,train,215023442,3.813239
h100,train,220217817,3.801347
h100,train,224389130,3.776931
h100,train,228552935,3.767930
h100,train,232714201,3.740411
h100,train,236869548,3.723674
h100,train,242060370,3.695262
h100,train,247253057,3.683064
h100,train,251403928,3.660605
h100,train,255555597,3.646743
h100,train,259713943,3.622495
h100,train,263867368,3.614334
h100,train,268020133,3.599334
h100,train,272181284,3.594145
h100,train,277373801,3.578630
h100,train,282565778,3.558881
h100,train,286725896,3.543979
h100,train,290880393,3.517080
h100,train,295027163,3.505111
h100,train,299183301,3.490270
h100,train,304378614,3.464514
h100,train,309574331,3.458646
h100,train,313735053,3.468329
h100,train,317891481,3.454248
h100,train,322053317,3.437299
h100,train,326210172,3.422504
h100,train,330360519,3.408453
h100,train,334522536,3.393984
h100,train,338680431,3.389041
h100,train,343871739,3.372087
h100,train,349064364,3.357487
h100,train,353221774,3.368980
h100,train,357382775,3.346074
h100,train,361539615,3.336175
h100,train,365691529,3.324873
h100,train,369857990,3.323410
h100,train,375055938,3.305774
h100,train,380249049,3.299844
h100,train,384401889,3.307205
h100,train,388555245,3.294096
h100,train,392710928,3.286219
h100,train,396862292,3.268104
h100,train,401019968,3.272805
h100,train,405177044,3.253378
h100,train,410376261,3.248847
h100,train,415574295,3.240832
h100,train,419721294,3.236432
h100,train,423873565,3.236661
h100,train,428039424,3.237806
h100,train,432196688,3.230029
h100,train,436353746,3.220771
h100,train,440513315,3.210132
h100,train,444675917,3.211471
h100,train,448833677,3.209406
h100,train,454025499,3.200178
h100,train,458180983,3.185833
h100,train,462336481,3.172531
h100,train,467531442,3.163167
h100,train,471686224,3.161050
h100,train,475843722,3.164366
h100,train,479995303,3.168342
h100,train,484157411,3.168542
h100,train,489351679,3.155446
h100,train,494550294,3.163817
h100,train,498711246,3.145379
h100,train,502867296,3.152057
h100,train,507023243,3.152215
h100,train,511174734,3.152938
h100,train,515334512,3.142973
h100,train,519486870,3.138595
h100,train,524681861,3.138932
h100,train,529868957,3.132602
h100,train,534020765,3.142705
h100,train,538175854,3.143786
h100,train,542326880,3.132309
h100,train,547523732,3.125888
h100,train,552724514,3.119196
h100,train,556871001,3.117774
h100,train,561027513,3.105240
h100,train,565182867,3.113029
h100,train,570382761,3.110705
h100,train,575576504,3.116579
h100,train,579733089,3.100681
h100,train,583884006,3.104262
h100,train,588034127,3.094159
h100,train,592190975,3.101388
h100,train,597386437,3.086850
h100,train,602571287,3.082585
h100,train,606729988,3.076156
h100,train,610877894,3.070077
h100,train,615038940,3.056316
h100,train,619188958,3.069108
h100,train,623344995,3.062983
h100,train,627498330,3.065257
h100,train,632684838,3.056919
h100,train,637873122,3.065681
h100,train,642027344,3.051917
h100,train,646181051,3.046963
h100,train,650341686,3.048659
h100,train,654493134,3.054067
h100,train,659690758,3.053310
h100,train,664883044,3.063008
h100,train,669037270,3.048089
h100,train,673189329,3.049668
h100,train,677341531,3.046439
h100,train,681496174,3.054051
h100,train,685649302,3.042307
h100,train,689811305,3.057305
h100,train,695000339,3.031241
h100,train,700191954,3.035877
h100,train,704350238,3.041570
h100,train,708500513,3.053849
h100,train,712656060,3.040073
h100,train,716808767,3.042813
h100,train,722008981,3.017942
h100,train,727206536,3.031764
h100,train,731354516,3.030625
h100,train,735505481,3.024798
h100,train,739659801,3.017181
h100,train,743812001,3.018692
h100,train,747959313,2.994272
h100,train,752115836,3.004703
h100,train,757313299,3.015074
h100,train,762498583,3.025642
h100,train,766653184,3.018676
h100,train,770807316,3.027842
h100,train,775996983,3.006834
h100,train,781185404,3.001973
h100,train,785339968,2.977948
h100,train,789493883,2.990368
h100,train,793646508,2.977747
h100,train,797797493,2.988783
h100,train,802983777,2.984477
h100,train,808181576,2.991702
h100,train,812344286,2.996476
h100,train,816502297,3.001705
h100,train,820658814,2.995948
h100,train,824813448,3.018022
h100,train,828971903,2.997423
h100,train,833127422,3.001487
h100,train,838308848,2.974748
h100,train,843503129,2.984577
h100,train,847661663,2.962240
h100,train,851815242,2.979575
h100,train,857013798,2.975781
h100,train,862198652,2.975980
h100,train,866346211,2.967555
h100,train,870499151,2.979166
h100,train,874650902,2.966186
h100,train,878800440,2.969340
h100,train,883995899,2.960589
h100,train,889182500,2.952143
h100,train,893346179,2.948029
h100,train,897501935,2.961462
h100,train,902694466,2.966625
h100,train,907878506,2.971571
h100,train,912034934,2.981162
h100,train,916188991,2.988899
h100,train,920350641,2.974574
h100,train,924506504,2.975189
h100,train,928659479,2.971777
h100,train,933854189,2.968591
h100,train,939042070,2.969522
h100,train,943198010,2.961057
h100,train,947359599,2.961237
h100,train,951519172,2.957801
h100,train,955670594,2.952997
h100,train,959831618,2.958141
h100,train,965024858,2.943296
h100,train,970221487,2.956738
h100,train,974374965,2.943269
h100,train,978530936,2.939922
h100,train,982686082,2.929588
h100,train,987883789,2.939301
h100,train,993071041,2.930095
h100,train,997231643,2.934371
h100,train,1001390741,2.927463
h100,train,1005546284,2.931033
h100,train,1010736486,2.927990
h100,train,1015923360,2.932545
h100,train,1020075035,2.920681
h100,train,1024229313,2.924973
h100,train,1028388751,2.929718
h100,train,1032531025,2.934175
h100,train,1036677507,2.929650
h100,train,1040829487,2.929404
h100,eval,19731487,6.834933
h100,eval,37390033,6.241282
h100,eval,64393399,5.593608
h100,eval,81010832,5.119905
h100,eval,99705680,4.762089
h100,eval,126701734,4.476488
h100,eval,143319538,4.262064
h100,eval,162029321,4.111338
h100,eval,189029703,3.990553
h100,eval,205662754,3.881332
h100,eval,232714201,3.788302
h100,eval,251403928,3.704941
h100,eval,268020133,3.627020
h100,eval,295027163,3.554817
h100,eval,313735053,3.490249
h100,eval,330360519,3.430094
h100,eval,357382775,3.379683
h100,eval,375055938,3.339497
h100,eval,392710928,3.298752
h100,eval,419721294,3.266877
h100,eval,436353746,3.237016
h100,eval,454025499,3.208752
h100,eval,479995303,3.185913
h100,eval,498711246,3.165144
h100,eval,515334512,3.145948
h100,eval,542326880,3.129712
h100,eval,561027513,3.114115
h100,eval,579733089,3.099024
h100,eval,606729988,3.086001
h100,eval,623344995,3.072404
h100,eval,642027344,3.059048
h100,eval,669037270,3.047993
h100,eval,685649302,3.036058
h100,eval,704350238,3.029992
h100,eval,731354516,3.021686
h100,eval,747959313,3.014004
h100,eval,766653184,3.005856
h100,eval,793646508,2.997312
h100,eval,812344286,2.991289
h100,eval,828971903,2.983626
h100,eval,857013798,2.977931
h100,eval,874650902,2.976308
h100,eval,893346179,2.968273
h100,eval,920350641,2.963251
h100,eval,939042070,2.956279
h100,eval,955670594,2.950363
h100,eval,974374965,2.946208
h100,eval,1001390741,2.942696
h100,eval,1020075035,2.938567
h100,eval,1036677507,2.936260
h20,train,3114046,8.915091
h20,train,6230351,8.911490
h20,train,10387704,8.062371
h20,train,14541011,7.655678
h20,train,17655266,7.353131
h20,train,20778263,7.164224
h20,train,24925891,6.860565
h20,train,29081692,6.672014
h20,train,33238080,6.372083
h20,train,37387867,6.164516
h20,train,41544979,5.904109
h20,train,45701007,5.737747
h20,train,49855335,5.543218
h20,train,54006353,5.410772
h20,train,58161056,5.254616
h20,train,62314746,5.151134
h20,train,65432155,5.037408
h20,train,69581691,4.954650
h20,train,74780357,4.821656
h20,train,78933751,4.739114
h20,train,82048244,4.639621
h20,train,85165566,4.581204
h20,train,89314261,4.489661
h20,train,93475888,4.436565
h20,train,97633667,4.359309
h20,train,101783297,4.309348
h20,train,105928925,4.234670
h20,train,110089894,4.170719
h20,train,114240069,4.126031
h20,train,118393801,4.080322
h20,train,122548200,4.023687
h20,train,126698239,3.985012
h20,train,130856710,3.943801
h20,train,135009785,3.920433
h20,train,139158343,3.890620
h20,train,143317224,3.867298
h20,train,147477730,3.822679
h20,train,151636183,3.797806
h20,train,154756961,3.761564
h20,train,158912344,3.739464
h20,train,163069036,3.713929
h20,train,166188481,3.694000
h20,train,170336749,3.650806
h20,train,174486231,3.618967
h20,train,178637307,3.586096
h20,train,182794725,3.575573
h20,train,186953597,3.540729
h20,train,191115274,3.521980
h20,train,195268530,3.502424
h20,train,199425666,3.491769
h20,train,203581422,3.459524
h20,train,207744053,3.439214
h20,train,210860055,3.430192
h20,train,215023174,3.406635
h20,train,220228324,3.380588
h20,train,224384219,3.376986
h20,train,227510624,3.362277
h20,train,230629736,3.344651
h20,train,234793386,3.334696
h20,train,238946349,3.312158
h20,train,243096681,3.290547
h20,train,247253057,3.284335
h20,train,251403928,3.274163
h20,train,255555597,3.265742
h20,train,259713943,3.256066
h20,train,263867368,3.252391
h20,train,268020133,3.244345
h20,train,272181284,3.247721
h20,train,276335292,3.224488
h20,train,280485999,3.220218
h20,train,284643387,3.204958
h20,train,288796179,3.211237
h20,train,291913953,3.201492
h20,train,295037859,3.193664
h20,train,299186487,3.195972
h20,train,303341310,3.187474
h20,train,307499414,3.184615
h20,train,311656376,3.176461
h20,train,315820323,3.158479
h20,train,319970563,3.151827
h20,train,324124891,3.145718
h20,train,328287151,3.149147
h20,train,332438504,3.136090
h20,train,336594228,3.148679
h20,train,340754363,3.137564
h20,train,344911886,3.125611
h20,train,349064364,3.119281
h20,train,353221774,3.136998
h20,train,356342067,3.144921
h20,train,359459099,3.136790
h20,train,363615028,3.119080
h20,train,367777283,3.120902
h20,train,371935024,3.112937
h20,train,376095416,3.118011
h20,train,380245150,3.100694
h20,train,384398575,3.103802
h20,train,388552812,3.086728
h20,train,392705749,3.087524
h20,train,396867199,3.088081
h20,train,401023024,3.077422
h20,train,405175180,3.089285
h20,train,409330091,3.091481
h20,train,412454830,3.083624
h20,train,415574295,3.074001
h20,train,419721294,3.070511
h20,train,423873565,3.070700
h20,train,428039424,3.075343
h20,train,432196688,3.068328
h20,train,436353746,3.059784
h20,train,440513315,3.049462
h20,train,444675917,3.053551
h20,train,448833677,3.054322
h20,train,452988099,3.054744
h20,train,457143583,3.040891
h20,train,461299869,3.028574
h20,train,465453255,3.025760
h20,train,469605781,3.040456
h20,train,473767098,3.033111
h20,train,476882589,3.029727
h20,train,480004160,3.034622
h20,train,484157270,3.022541
h20,train,489355918,3.006049
h20,train,493510148,3.001010
h20,train,496627207,3.003094
h20,train,500790239,3.007502
h20,train,504949326,3.021789
h20,train,509105519,3.008410
h20,train,513256584,3.005174
h20,train,517415417,3.011048
h20,train,521565660,3.025120
h20,train,525721156,3.024077
h20,train,529868957,3.018576
h20,train,534020765,3.028731
h20,train,538175854,3.030685
h20,train,541288490,3.022016
h20,train,545447260,3.027079
h20,train,549605423,3.028748
h20,train,553750762,3.032396
h20,train,557914266,3.021638
h20,train,561028681,3.029608
h20,train,565181613,3.019680
h20,train,569341344,3.023066
h20,train,573499989,3.010696
h20,train,577649465,3.008391
h20,train,581806829,2.982035
h20,train,585958372,2.989600
h20,train,590112768,2.990813
h20,train,594269691,2.992186
h20,train,598422433,2.980390
h20,train,602571287,2.979749
h20,train,606729988,2.975213
h20,train,610877894,2.971670
h20,train,613995911,2.967628
h20,train,617110847,2.973079
h20,train,621272271,2.971819
h20,train,625421254,2.974611
h20,train,629573986,2.966287
h20,train,633727437,2.981013
h20,train,637875924,2.961008
h20,train,642025292,2.972206
h20,train,646179595,2.963978
h20,train,650333187,2.968320
h20,train,654495728,2.967639
h20,train,658649596,2.982427
h20,train,662805511,2.979084
h20,train,666956079,2.967332
h20,train,670072958,2.955945
h20,train,673189329,2.960665
h20,train,677341531,2.959977
h20,train,681496174,2.969446
h20,train,685649302,2.958288
h20,train,689811305,2.974993
h20,train,693961201,2.955787
h20,train,698113610,2.963773
h20,train,702272596,2.958494
h20,train,706425461,2.955300
h20,train,710583063,2.934521
h20,train,714733988,2.951316
h20,train,718890025,2.945397
h20,train,723047874,2.942826
h20,train,726164153,2.930634
h20,train,729279136,2.929430
h20,train,733429192,2.921093
h20,train,738619577,2.913818
h20,train,742773695,2.911733
h20,train,745886169,2.919942
h20,train,750035187,2.910253
h20,train,754192320,2.913576
h20,train,758350482,2.928514
h20,train,762498583,2.944265
h20,train,766653184,2.939727
h20,train,770807316,2.952383
h20,train,774957320,2.948652
h20,train,779104385,2.939869
h20,train,783258312,2.927986
h20,train,787416593,2.938753
h20,train,791568210,2.926172
h20,train,795720798,2.947097
h20,train,799874332,2.938062
h20,train,804026162,2.939917
h20,train,808182494,2.934643
h20,train,812338652,2.944722
h20,train,815459969,2.937351
h20,train,818581961,2.940991
h20,train,822735346,2.915476
h20,train,826889161,2.924841
h20,train,831046308,2.919691
h20,train,835203299,2.927584
h20,train,839348284,2.904828
h20,train,843503129,2.918105
h20,train,847661663,2.897678
h20,train,851815242,2.916784
h20,train,855978211,2.907961
h20,train,860129473,2.906811
h20,train,864280218,2.909972
h20,train,868426759,2.913709
h20,train,871531429,2.904130
h20,train,874642715,2.913433
h20,train,878800730,2.923243
h20,train,882954358,2.921198
h20,train,887109929,2.917358
h20,train,891260880,2.916201
h20,train,895422163,2.901028
h20,train,899574470,2.899396
h20,train,903730752,2.906387
h20,train,907878506,2.912270
h20,train,912034934,2.924234
h20,train,916188991,2.932974
h20,train,920350641,2.918060
h20,train,924506504,2.917537
h20,train,928659479,2.915432
h20,train,932814967,2.911912
h20,train,936969914,2.926866
h20,train,941125501,2.920395
h20,train,945280376,2.909495
h20,train,949441462,2.907475
h20,train,953590996,2.908274
h20,train,957749393,2.928076
h20,train,960864366,2.932584
h20,train,963981921,2.933967
h20,train,968139393,2.925614
h20,train,972298940,2.929545
h20,train,976455144,2.926835
h20,train,980610943,2.931033
h20,train,984762787,2.902510
h20,train,988920882,2.904335
h20,train,993071041,2.890492
h20,train,997231643,2.890163
h20,train,1001390741,2.882527
h20,train,1005546284,2.884494
h20,train,1009695615,2.882492
h20,train,1013848866,2.879944
h20,train,1018002675,2.867363
h20,train,1022150324,2.880285
h20,train,1026307287,2.869571
h20,train,1030455659,2.874701
h20,train,1034606189,2.865500
h20,train,1038754986,2.866372
h20,eval,17655266,6.734640
h20,eval,41544979,5.994808
h20,eval,65432155,5.272180
h20,eval,82048244,4.757478
h20,eval,105928925,4.378820
h20,eval,122548200,4.107297
h20,eval,147477730,3.906764
h20,eval,163069036,3.741720
h20,eval,186953597,3.594197
h20,eval,210860055,3.474850
h20,eval,227510624,3.385358
h20,eval,251403928,3.316933
h20,eval,268020133,3.266951
h20,eval,291913953,3.225658
h20,eval,307499414,3.192745
h20,eval,332438504,3.163545
h20,eval,356342067,3.139145
h20,eval,371935024,3.117635
h20,eval,396867199,3.095571
h20,eval,412454830,3.083632
h20,eval,436353746,3.071437
h20,eval,461299869,3.058513
h20,eval,476882589,3.045466
h20,eval,500790239,3.031753
h20,eval,517415417,3.021505
h20,eval,541288490,3.011644
h20,eval,565181613,3.001889
h20,eval,581806829,2.991201
h20,eval,606729988,2.982935
h20,eval,621272271,2.973960
h20,eval,646179595,2.964386
h20,eval,670072958,2.956583
h20,eval,685649302,2.950573
h20,eval,710583063,2.945668
h20,eval,726164153,2.940368
h20,eval,750035187,2.935499
h20,eval,766653184,2.931218
h20,eval,791568210,2.925423
h20,eval,815459969,2.919481
h20,eval,831046308,2.918523
h20,eval,855978211,2.919076
h20,eval,871531429,2.916978
h20,eval,895422163,2.911342
h20,eval,920350641,2.907245
h20,eval,936969914,2.901244
h20,eval,960864366,2.897516
h20,eval,976455144,2.894892
h20,eval,1001390741,2.890863
h20,eval,1018002675,2.886638
1w,train,4156099,8.328295
1w,train,9348301,7.523652
1w,train,12456988,7.168035
1w,train,17655107,6.768974
1w,train,21810307,6.433083
1w,train,27001110,6.110974
1w,train,31155813,5.848005
1w,train,36352979,5.599655
1w,train,41547717,5.403845
1w,train,45699547,5.236580
1w,train,50892855,5.078696
1w,train,55038483,4.932097
1w,train,60227452,4.803652
1w,train,64383314,4.708922
1w,train,69572778,4.596418
1w,train,73729638,4.504821
1w,train,78931370,4.424820
1w,train,83088062,4.373612
1w,train,88274042,4.305563
1w,train,93466520,4.264904
1w,train,97621261,4.220899
1w,train,102816648,4.172580
1w,train,106971292,4.134541
1w,train,112176442,4.084285
1w,train,116341612,4.041602
1w,train,121540654,4.002221
1w,train,125691280,3.965359
1w,train,130884661,3.948280
1w,train,135041054,3.912517
1w,train,140232819,3.878196
1w,train,145431446,3.862886
1w,train,149578216,3.842294
1w,train,154773529,3.807558
1w,train,158934251,3.808081
1w,train,164132988,3.781351
1w,train,168284341,3.745664
1w,train,173485564,3.728631
1w,train,177635091,3.701191
1w,train,182832962,3.684277
1w,train,186992424,3.662433
1w,train,192180651,3.638450
1w,train,196334888,3.616362
1w,train,201534600,3.600069
1w,train,205691658,3.595951
1w,train,210885138,3.608521
1w,train,215043207,3.583445
1w,train,220243149,3.557075
1w,train,224405751,3.541192
1w,train,229597573,3.519177
1w,train,233753071,3.490201
1w,train,238947710,3.475616
1w,train,243101302,3.459668
1w,train,248291816,3.441799
1w,train,252447258,3.439339
1w,train,257634029,3.427378
1w,train,261789618,3.405874
1w,train,266982631,3.390244
1w,train,272171507,3.387312
1w,train,276327730,3.377309
1w,train,281520271,3.365180
1w,train,285674147,3.357908
1w,train,290866911,3.343303
1w,train,295024607,3.332756
1w,train,300212746,3.325572
1w,train,305403771,3.317424
1w,train,309564520,3.304615
1w,train,314768554,3.293396
1w,train,318924133,3.292651
1w,train,324116142,3.280446
1w,train,328280532,3.273208
1w,train,333474736,3.291745
1w,train,337629488,3.269154
1w,train,342817993,3.270765
1w,train,346976005,3.255393
1w,train,352168295,3.254597
1w,train,356321068,3.254269
1w,train,361521105,3.256285
1w,train,365677515,3.246989
1w,train,370869023,3.234989
1w,train,375023665,3.241447
1w,train,380216190,3.280962
1w,train,385418187,3.264506
1w,train,389571055,3.238436
1w,train,394767897,3.214088
1w,train,398924042,3.201343
1w,train,404118391,3.201677
1w,train,408269208,3.197644
1w,train,413454818,3.198543
1w,train,417611084,3.195280
1w,train,422806828,3.186316
1w,train,428002752,3.181761
1w,train,432163027,3.167458
1w,train,437356380,3.162486
1w,train,442559660,3.148578
1w,train,446712266,3.139323
1w,train,451896158,3.128758
1w,train,457092315,3.130362
1w,train,461248949,3.133158
1w,train,466435543,3.136180
1w,train,470591209,3.129071
1w,train,475790894,3.113990
1w,train,479944271,3.106901
1w,train,485138836,3.111505
1w,train,489292139,3.120806
1w,train,494488114,3.094502
1w,train,499674352,3.101235
1w,train,503833549,3.093672
1w,train,509038619,3.087990
1w,train,514235549,3.085377
1w,train,518390029,3.096990
1w,train,523579741,3.099496
1w,train,527741488,3.107670
1w,train,532945378,3.093587
1w,train,538145439,3.102476
1w,train,542307558,3.103496
1w,train,547491893,3.096959
1w,train,551646027,3.104238
1w,train,555799412,3.084633
1w,train,561001197,3.072783
1w,train,565154553,3.069668
1w,train,570352552,3.062750
1w,train,574504187,3.054698
1w,train,579699831,3.061384
1w,train,583857294,3.060368
1w,train,589052179,3.070660
1w,train,593210409,3.067406
1w,train,598406239,3.069817
1w,train,603596702,3.067835
1w,train,607759087,3.053138
1w,train,612946403,3.054966
1w,train,617104642,3.056671
1w,train,622302759,3.047580
1w,train,626457720,3.037237
1w,train,631647222,3.031507
1w,train,635810893,3.049156
1w,train,641007470,3.043330
1w,train,646205833,3.028507
1w,train,650359802,3.030872
1w,train,655554754,3.035167
1w,train,659712101,3.027858
1w,train,664906315,3.017424
1w,train,669062372,3.011908
1w,train,674254100,3.006848
1w,train,678416321,3.010357
1w,train,683614002,3.010769
1w,train,687769584,3.004287
1w,train,692968465,3.024959
1w,train,698166063,3.011931
1w,train,702315709,3.009510
1w,train,707508702,3.004360
1w,train,711662021,3.006480
1w,train,716851161,3.022364
1w,train,720996309,3.027711
1w,train,726193694,3.020760
1w,train,730352280,3.020014
1w,train,735543292,3.023871
1w,train,740742135,3.014627
1w,train,744896942,2.997917
1w,train,750089188,2.991619
1w,train,754236101,2.981969
1w,train,759430731,2.970915
1w,train,764624089,2.972187
1w,train,768780730,2.978364
1w,train,773969696,2.994225
1w,train,779159909,2.998632
1w,train,783314562,3.004011
1w,train,788516499,3.006578
1w,train,792670932,2.997672
1w,train,797865447,2.994087
1w,train,802020784,2.993382
1w,train,807212957,2.996238
1w,train,812407511,3.007622
1w,train,816563992,3.006926
1w,train,821752361,2.999634
1w,train,826939211,3.003831
1w,train,831090495,3.002704
1w,train,836281023,2.992255
1w,train,840434955,2.984649
1w,train,845613994,2.990930
1w,train,849765621,2.993056
1w,train,854955348,2.993959
1w,train,860146097,2.995934
1w,train,864294291,2.989204
1w,train,869484455,2.981507
1w,train,874675106,2.976902
1w,train,878819852,2.987178
1w,train,884010278,2.978490
1w,train,888166049,2.978247
1w,train,893361867,2.985534
1w,train,897515834,2.990386
1w,train,902704936,2.987396
1w,train,907895629,2.977706
1w,train,912041914,2.975614
1w,train,917229143,2.970986
1w,train,922424398,2.971229
1w,train,926574666,2.971784
1w,train,931770576,2.976817
1w,train,935927646,2.974362
1w,train,941115196,2.960100
1w,train,946307154,2.956632
1w,train,950453736,2.952218
1w,train,955655592,2.966298
1w,train,959804818,2.960542
1w,train,964994885,2.961680
1w,train,969149547,2.952809
1w,train,974338874,2.958958
1w,train,978491518,2.971439
1w,train,983688469,2.967612
1w,train,988880092,2.962805
1w,train,993031172,2.962632
1w,train,998224708,2.940762
1w,train,1003426893,2.935782
1w,train,1007580248,2.949689
1w,train,1012773600,2.955370
1w,train,1017968162,2.943705
1w,train,1022123393,2.935518
1w,train,1027312638,2.941424
1w,train,1031461603,2.939585
1w,train,1036659324,2.952604
1w,train,1041850617,2.955158
1w,eval,12456988,6.843608
1w,eval,21810307,6.170403
1w,eval,31155813,5.669577
1w,eval,45699547,5.282600
1w,eval,55038483,4.969486
1w,eval,64383314,4.718563
1w,eval,73729638,4.512563
1w,eval,83088062,4.365730
1w,eval,97621261,4.246271
1w,eval,106971292,4.139339
1w,eval,116341612,4.067426
1w,eval,125691280,3.991898
1w,eval,135041054,3.926209
1w,eval,149578216,3.871467
1w,eval,158934251,3.819013
1w,eval,168284341,3.767573
1w,eval,177635091,3.724683
1w,eval,192180651,3.678493
1w,eval,201534600,3.631245
1w,eval,210885138,3.594512
1w,eval,220243149,3.554718
1w,eval,229597573,3.519488
1w,eval,243101302,3.486831
1w,eval,252447258,3.458510
1w,eval,261789618,3.435119
1w,eval,272171507,3.407871
1w,eval,281520271,3.383297
1w,eval,295024607,3.363927
1w,eval,305403771,3.341023
1w,eval,314768554,3.321440
1w,eval,324116142,3.307316
1w,eval,337629488,3.291109
1w,eval,346976005,3.276702
1w,eval,356321068,3.262300
1w,eval,365677515,3.247801
1w,eval,375023665,3.237070
1w,eval,389571055,3.224030
1w,eval,398924042,3.212058
1w,eval,408269208,3.207173
1w,eval,417611084,3.193292
1w,eval,428002752,3.183045
1w,eval,437356380,3.171408
1w,eval,451896158,3.160997
1w,eval,461248949,3.153183
1w,eval,470591209,3.144153
1w,eval,479944271,3.136334
1w,eval,489292139,3.131291
1w,eval,503833549,3.122067
1w,eval,514235549,3.114856
1w,eval,523579741,3.111258
1w,eval,532945378,3.102262
1w,eval,542307558,3.095003
1w,eval,555799412,3.096095
1w,eval,565154553,3.086055
1w,eval,574504187,3.078413
1w,eval,583857294,3.069931
1w,eval,593210409,3.063425
1w,eval,607759087,3.060067
1w,eval,617104642,3.054722
1w,eval,626457720,3.050707
1w,eval,635810893,3.050634
1w,eval,646205833,3.042938
1w,eval,659712101,3.040314
1w,eval,669062372,3.040457
1w,eval,678416321,3.031837
1w,eval,687769584,3.027977
1w,eval,702315709,3.033589
1w,eval,711662021,3.024008
1w,eval,720996309,3.019451
1w,eval,730352280,3.011735
1w,eval,740742135,3.007092
1w,eval,754236101,3.005562
1w,eval,764624089,2.999869
1w,eval,773969696,2.996362
1w,eval,783314562,2.997967
1w,eval,792670932,2.991088
1w,eval,802020784,2.987641
1w,eval,816563992,2.989111
1w,eval,826939211,2.982802
1w,eval,836281023,2.979790
1w,eval,845613994,2.987421
1w,eval,854955348,2.978015
1w,eval,869484455,2.973650
1w,eval,878819852,2.967184
1w,eval,888166049,2.963977
1w,eval,897515834,2.964544
1w,eval,907895629,2.960488
1w,eval,917229143,2.957402
1w,eval,931770576,2.960828
1w,eval,941115196,2.954531
1w,eval,950453736,2.952622
1w,eval,959804818,2.958054
1w,eval,969149547,2.952206
1w,eval,978491518,2.950647
1w,eval,993031172,2.944458
1w,eval,1003426893,2.943392
1w,eval,1012773600,2.944665
1w,eval,1022123393,2.939520
1w,eval,1031461603,2.937811
1w_h100,train,4156099,8.210987
1w_h100,train,9348301,7.454366
1w_h100,train,12456988,7.122350
1w_h100,train,17655107,6.758710
1w_h100,train,21810307,6.422715
1w_h100,train,27001110,6.090354
1w_h100,train,31155813,5.813411
1w_h100,train,36352979,5.572125
1w_h100,train,40507669,5.365880
1w_h100,train,45699547,5.190367
1w_h100,train,49854739,5.025381
1w_h100,train,55038483,4.874985
1w_h100,train,60227452,4.738835
1w_h100,train,64383314,4.634163
1w_h100,train,69572778,4.521796
1w_h100,train,73729638,4.425337
1w_h100,train,78931370,4.341615
1w_h100,train,83088062,4.281036
1w_h100,train,88274042,4.214694
1w_h100,train,93466520,4.168010
1w_h100,train,97621261,4.112571
1w_h100,train,101777125,4.073436
1w_h100,train,106971292,4.029383
1w_h100,train,112176442,3.973752
1w_h100,train,116341612,3.925512
1w_h100,train,121540654,3.884523
1w_h100,train,125691280,3.842022
1w_h100,train,130884661,3.814590
1w_h100,train,135041054,3.776871
1w_h100,train,140232819,3.738616
1w_h100,train,144390207,3.708997
1w_h100,train,149578216,3.682169
1w_h100,train,153736298,3.668936
1w_h100,train,158934251,3.654734
1w_h100,train,163096087,3.620695
1w_h100,train,168284341,3.575480
1w_h100,train,172444476,3.545482
1w_h100,train,177635091,3.510192
1w_h100,train,181796776,3.490234
1w_h100,train,186992424,3.465690
1w_h100,train,191142299,3.440028
1w_h100,train,196334888,3.414672
1w_h100,train,200496338,3.403889
1w_h100,train,205691658,3.402108
1w_h100,train,209844304,3.384001
1w_h100,train,215043207,3.371136
1w_h100,train,219202224,3.349176
1w_h100,train,224405751,3.340265
1w_h100,train,228560173,3.331514
1w_h100,train,233753071,3.303263
1w_h100,train,238947710,3.290655
1w_h100,train,243101302,3.275223
1w_h100,train,248291816,3.259136
1w_h100,train,252447258,3.258430
1w_h100,train,257634029,3.249957
1w_h100,train,261789618,3.227848
1w_h100,train,266982631,3.216164
1w_h100,train,271132481,3.213110
1w_h100,train,276327730,3.202013
1w_h100,train,280477342,3.210495
1w_h100,train,285674147,3.199133
1w_h100,train,290866911,3.182219
1w_h100,train,295024607,3.169795
1w_h100,train,300212746,3.165200
1w_h100,train,304365624,3.138414
1w_h100,train,309564520,3.129593
1w_h100,train,313729064,3.135145
1w_h100,train,318924133,3.137902
1w_h100,train,323076670,3.138320
1w_h100,train,328280532,3.128725
1w_h100,train,333474736,3.146805
1w_h100,train,337629488,3.121137
1w_h100,train,341780777,3.125206
1w_h100,train,346976005,3.109286
1w_h100,train,351129062,3.095532
1w_h100,train,356321068,3.099463
1w_h100,train,360483081,3.087784
1w_h100,train,365677515,3.087914
1w_h100,train,370869023,3.083592
1w_h100,train,375023665,3.091653
1w_h100,train,380216190,3.136663
1w_h100,train,384374943,3.122246
1w_h100,train,388532487,3.102567
1w_h100,train,393727602,3.095244
1w_h100,train,398924042,3.077280
1w_h100,train,403078838,3.075662
1w_h100,train,408269208,3.067877
1w_h100,train,412416153,3.051561
1w_h100,train,417611084,3.053678
1w_h100,train,421768967,3.038686
1w_h100,train,426961647,3.047713
1w_h100,train,431125642,3.033980
1w_h100,train,436316762,3.030668
1w_h100,train,440479090,3.021341
1w_h100,train,445670815,3.024997
1w_h100,train,450858782,3.016807
1w_h100,train,455014681,3.002857
1w_h100,train,460207923,3.000705
1w_h100,train,464361309,3.015103
1w_h100,train,469554104,3.001292
1w_h100,train,473710730,3.002997
1w_h100,train,478907229,3.006603
1w_h100,train,483059732,2.996393
1w_h100,train,488253690,3.007372
1w_h100,train,492412661,2.988289
1w_h100,train,497600236,2.986910
1w_h100,train,501755260,2.991627
1w_h100,train,506961083,2.998332
1w_h100,train,511119700,2.998812
1w_h100,train,516310770,3.003341
1w_h100,train,520462475,3.016239
1w_h100,train,525660881,3.006570
1w_h100,train,529821874,2.997635
1w_h100,train,535027535,2.994533
1w_h100,train,539186232,2.989831
1w_h100,train,544382463,2.970860
1w_h100,train,548530133,2.978698
1w_h100,train,553724372,2.979003
1w_h100,train,557885738,2.964799
1w_h100,train,562042116,2.980050
1w_h100,train,567237161,2.972401
1w_h100,train,572431400,2.967198
1w_h100,train,576583487,2.972540
1w_h100,train,581774675,2.961339
1w_h100,train,585935998,2.962923
1w_h100,train,591129336,2.969343
1w_h100,train,595288142,2.963049
1w_h100,train,600481800,2.943778
1w_h100,train,604637277,2.955405
1w_h100,train,609835118,2.942809
1w_h100,train,613984562,2.941117
1w_h100,train,619183111,2.948491
1w_h100,train,624377828,2.945869
1w_h100,train,628532832,2.937862
1w_h100,train,633726810,2.940476
1w_h100,train,637888595,2.941056
1w_h100,train,643082585,2.924256
1w_h100,train,647242425,2.930945
1w_h100,train,652435423,2.934184
1w_h100,train,656591564,2.944348
1w_h100,train,661794066,2.933689
1w_h100,train,666980159,2.928208
1w_h100,train,671139102,2.913780
1w_h100,train,676334384,2.912850
1w_h100,train,680499548,2.919942
1w_h100,train,685692998,2.913945
1w_h100,train,689852159,2.925484
1w_h100,train,695050140,2.930385
1w_h100,train,699206261,2.924530
1w_h100,train,704390652,2.922463
1w_h100,train,708547750,2.926613
1w_h100,train,713738787,2.921610
1w_h100,train,717885664,2.931531
1w_h100,train,723073272,2.939169
1w_h100,train,728269031,2.941487
1w_h100,train,732435014,2.940196
1w_h100,train,737622691,2.939960
1w_h100,train,741779379,2.944290
1w_h100,train,746975499,2.937814
1w_h100,train,751128964,2.931619
1w_h100,train,756314607,2.921767
1w_h100,train,760467082,2.919727
1w_h100,train,765663930,2.920442
1w_h100,train,770856792,2.918230
1w_h100,train,775008526,2.917446
1w_h100,train,780202885,2.923616
1w_h100,train,785394761,2.921138
1w_h100,train,789557381,2.925885
1w_h100,train,794750753,2.922316
1w_h100,train,798908974,2.920751
1w_h100,train,804098624,2.901248
1w_h100,train,809289272,2.903822
1w_h100,train,813445035,2.915188
1w_h100,train,818642386,2.918164
1w_h100,train,822788940,2.912181
1w_h100,train,827973007,2.908125
1w_h100,train,833167978,2.908562
1w_h100,train,837320886,2.919474
1w_h100,train,842511269,2.930263
1w_h100,train,846652605,2.924047
1w_h100,train,851837718,2.922905
1w_h100,train,857033710,2.900430
1w_h100,train,861183028,2.900007
1w_h100,train,866361999,2.891603
1w_h100,train,871559500,2.885761
1w_h100,train,875711495,2.892408
1w_h100,train,880898224,2.892031
1w_h100,train,885048692,2.882265
1w_h100,train,890244338,2.895804
1w_h100,train,895435363,2.906414
1w_h100,train,899593975,2.901541
1w_h100,train,904781279,2.901058
1w_h100,train,908931034,2.904466
1w_h100,train,914116226,2.898737
1w_h100,train,919308117,2.902807
1w_h100,train,923463519,2.931568
1w_h100,train,928650737,2.904966
1w_h100,train,932809882,2.890840
1w_h100,train,938002303,2.892179
1w_h100,train,943186208,2.893635
1w_h100,train,947343949,2.884761
1w_h100,train,952534952,2.889140
1w_h100,train,957730258,2.901752
1w_h100,train,961882323,2.902251
1w_h100,train,967072282,2.901523
1w_h100,train,971224567,2.900108
1w_h100,train,976417015,2.900700
1w_h100,train,980571294,2.902654
1w_h100,train,985771969,2.889688
1w_h100,train,990955846,2.896031
1w_h100,train,996149505,2.892962
1w_h100,train,1000306096,2.901407
1w_h100,train,1005502843,2.895303
1w_h100,train,1009652650,2.893435
1w_h100,train,1014853011,2.886033
1w_h100,train,1020040719,2.879301
1w_h100,train,1024195657,2.867633
1w_h100,train,1029388553,2.862249
1w_h100,train,1033536246,2.880041
1w_h100,train,1038739414,2.881286
1w_h100,eval,12456988,6.837316
1w_h100,eval,21810307,6.159891
1w_h100,eval,31155813,5.625818
1w_h100,eval,45699547,5.232395
1w_h100,eval,55038483,4.928930
1w_h100,eval,64383314,4.653258
1w_h100,eval,73729638,4.434989
1w_h100,eval,83088062,4.270836
1w_h100,eval,97621261,4.139183
1w_h100,eval,106971292,4.036857
1w_h100,eval,116341612,3.946031
1w_h100,eval,125691280,3.861721
1w_h100,eval,140232819,3.785654
1w_h100,eval,149578216,3.712354
1w_h100,eval,158934251,3.652316
1w_h100,eval,168284341,3.587564
1w_h100,eval,177635091,3.528411
1w_h100,eval,191142299,3.476381
1w_h100,eval,200496338,3.427965
1w_h100,eval,209844304,3.394115
1w_h100,eval,219202224,3.358847
1w_h100,eval,228560173,3.324390
1w_h100,eval,243101302,3.293908
1w_h100,eval,252447258,3.280231
1w_h100,eval,261789618,3.254798
1w_h100,eval,271132481,3.230247
1w_h100,eval,285674147,3.208465
1w_h100,eval,295024607,3.188268
1w_h100,eval,304365624,3.177954
1w_h100,eval,313729064,3.162290
1w_h100,eval,323076670,3.148282
1w_h100,eval,337629488,3.133740
1w_h100,eval,346976005,3.118862
1w_h100,eval,356321068,3.114623
1w_h100,eval,365677515,3.104684
1w_h100,eval,375023665,3.091431
1w_h100,eval,388532487,3.080127
1w_h100,eval,398924042,3.068438
1w_h100,eval,408269208,3.065325
1w_h100,eval,417611084,3.057419
1w_h100,eval,431125642,3.047863
1w_h100,eval,440479090,3.037697
1w_h100,eval,450858782,3.039355
1w_h100,eval,460207923,3.031609
1w_h100,eval,469554104,3.022753
1w_h100,eval,483059732,3.013950
1w_h100,eval,492412661,3.005915
1w_h100,eval,501755260,3.007172
1w_h100,eval,511119700,3.002093
1w_h100,eval,525660881,2.994767
1w_h100,eval,535027535,2.987653
1w_h100,eval,544382463,2.979949
1w_h100,eval,553724372,2.981206
1w_h100,eval,562042116,2.977510
1w_h100,eval,576583487,2.970186
1w_h100,eval,585935998,2.963297
1w_h100,eval,595288142,2.956786
1w_h100,eval,604637277,2.958130
1w_h100,eval,619183111,2.957452
1w_h100,eval,628532832,2.953343
1w_h100,eval,637888595,2.949749
1w_h100,eval,647242425,2.954872
1w_h100,eval,656591564,2.954299
1w_h100,eval,671139102,2.948079
1w_h100,eval,680499548,2.941342
1w_h100,eval,689852159,2.934926
1w_h100,eval,699206261,2.939266
1w_h100,eval,708547750,2.935943
1w_h100,eval,723073272,2.930806
1w_h100,eval,732435014,2.924535
1w_h100,eval,741779379,2.918450
1w_h100,eval,751128964,2.920747
1w_h100,eval,760467082,2.917600
1w_h100,eval,775008526,2.913058
1w_h100,eval,785394761,2.909419
1w_h100,eval,794750753,2.904606
1w_h100,eval,804098624,2.907213
1w_h100,eval,813445035,2.905166
1w_h100,eval,822788940,2.900967
1w_h100,eval,837320886,2.896858
1w_h100,eval,846652605,2.902594
1w_h100,eval,857033710,2.900258
1w_h100,eval,866361999,2.895564
1w_h100,eval,875711495,2.891191
1w_h100,eval,885048692,2.887017
1w_h100,eval,899593975,2.892066
1w_h100,eval,908931034,2.890720
1w_h100,eval,919308117,2.886600
1w_h100,eval,928650737,2.884439
1w_h100,eval,938002303,2.880947
1w_h100,eval,952534952,2.885765
1w_h100,eval,961882323,2.886168
1w_h100,eval,971224567,2.882707
1w_h100,eval,980571294,2.880006
1w_h100,eval,990955846,2.876043
1w_h100,eval,1000306096,2.879635
1w_h100,eval,1014853011,2.878073
1w_h100,eval,1024195657,2.874429
1w_h100,eval,1033536246,2.870245
1w_h20,train,3114046,8.915384
1w_h20,train,7271399,7.821818
1w_h20,train,10385654,7.368173
1w_h20,train,14533282,6.951655
1w_h20,train,18689670,6.559063
1w_h20,train,22846782,6.177634
1w_h20,train,27001110,5.859337
1w_h20,train,31155813,5.592376
1w_h20,train,35314048,5.374585
1w_h20,train,39471888,5.165531
1w_h20,train,43624846,4.984979
1w_h20,train,47776698,4.824072
1w_h20,train,51927019,4.690108
1w_h20,train,55038483,4.569100
1w_h20,train,60227452,4.459130
1w_h20,train,63343057,4.362411
1w_h20,train,67501528,4.281887
1w_h20,train,71650086,4.219174
1w_h20,train,75810592,4.151616
1w_h20,train,79972804,4.094192
1w_h20,train,84124389,4.044550
1w_h20,train,88274042,3.997516
1w_h20,train,92426890,3.949220
1w_h20,train,95546278,3.902053
1w_h20,train,99699534,3.863366
1w_h20,train,103855290,3.806115
1w_h20,train,108011426,3.764199
1w_h20,train,112176442,3.709614
1w_h20,train,116341612,3.662124
1w_h20,train,120499373,3.621816
1w_h20,train,124653477,3.581513
1w_h20,train,127767700,3.550000
1w_h20,train,131926046,3.524137
1w_h20,train,136078811,3.501971
1w_h20,train,140232819,3.467857
1w_h20,train,144390207,3.442179
1w_h20,train,148542280,3.413911
1w_h20,train,152692526,3.405685
1w_h20,train,156857152,3.391785
1w_h20,train,159978660,3.370129
1w_h20,train,164132988,3.358786
1w_h20,train,168284341,3.340075
1w_h20,train,172444476,3.328960
1w_h20,train,176596954,3.318207
1w_h20,train,180757955,3.303113
1w_h20,train,184909869,3.294746
1w_h20,train,188030917,3.290558
1w_h20,train,192180651,3.275430
1w_h20,train,196334888,3.260722
1w_h20,train,200496338,3.262410
1w_h20,train,204648494,3.270779
1w_h20,train,208809673,3.268885
1w_h20,train,212961407,3.240967
1w_h20,train,217127603,3.227841
1w_h20,train,220243149,3.222658
1w_h20,train,224405751,3.225695
1w_h20,train,228560173,3.224467
1w_h20,train,232716459,3.205986
1w_h20,train,236868985,3.214063
1w_h20,train,241024610,3.213246
1w_h20,train,245180025,3.201362
1w_h20,train,249331064,3.198636
1w_h20,train,252447258,3.197490
1w_h20,train,256599695,3.175535
1w_h20,train,260754636,3.166690
1w_h20,train,264907098,3.155173
1w_h20,train,269054257,3.154409
1w_h20,train,273215229,3.154928
1w_h20,train,277364285,3.152354
1w_h20,train,280477342,3.159804
1w_h20,train,284632903,3.165336
1w_h20,train,288785752,3.146958
1w_h20,train,292946221,3.161396
1w_h20,train,297104234,3.145500
1w_h20,train,301249885,3.124479
1w_h20,train,305403771,3.117093
1w_h20,train,309564520,3.101292
1w_h20,train,312688111,3.091838
1w_h20,train,317885733,3.064899
1w_h20,train,320998192,3.070901
1w_h20,train,325156193,3.076356
1w_h20,train,329319118,3.077455
1w_h20,train,333474736,3.104685
1w_h20,train,337629488,3.084215
1w_h20,train,341780777,3.089445
1w_h20,train,344901767,3.092619
1w_h20,train,349050017,3.086757
1w_h20,train,353205005,3.071996
1w_h20,train,357361142,3.064284
1w_h20,train,361521105,3.076920
1w_h20,train,365677515,3.076435
1w_h20,train,369829501,3.075414
1w_h20,train,373986746,3.052811
1w_h20,train,378138697,3.056045
1w_h20,train,382293463,3.063686
1w_h20,train,385418187,3.069635
1w_h20,train,389571055,3.057189
1w_h20,train,393727602,3.056849
1w_h20,train,397883429,3.051478
1w_h20,train,402039325,3.049307
1w_h20,train,406192877,3.048032
1w_h20,train,409303626,3.034570
1w_h20,train,413454818,3.040333
1w_h20,train,417611084,3.041856
1w_h20,train,421768967,3.028668
1w_h20,train,425922930,3.043951
1w_h20,train,430084344,3.030381
1w_h20,train,434241708,3.032168
1w_h20,train,437356380,3.027601
1w_h20,train,441519894,3.031800
1w_h20,train,445670815,3.027388
1w_h20,train,449826498,3.011872
1w_h20,train,453976836,3.015579
1w_h20,train,458130533,3.006131
1w_h20,train,462289073,2.998237
1w_h20,train,466435543,3.003897
1w_h20,train,470591209,2.998964
1w_h20,train,473710730,3.001360
1w_h20,train,477871647,3.012507
1w_h20,train,482019710,3.004228
1w_h20,train,486170516,2.998507
1w_h20,train,490334114,2.990435
1w_h20,train,494488114,2.969705
1w_h20,train,498634132,2.971338
1w_h20,train,501755260,2.979584
1w_h20,train,505919645,2.977451
1w_h20,train,510080613,2.978213
1w_h20,train,514235549,2.975739
1w_h20,train,518390029,2.987720
1w_h20,train,522542963,2.980265
1w_h20,train,526703160,2.981401
1w_h20,train,530862141,2.981085
1w_h20,train,533985146,2.987276
1w_h20,train,538145439,2.993990
1w_h20,train,542307558,2.994343
1w_h20,train,546453209,2.980139
1w_h20,train,550606103,2.979798
1w_h20,train,554757863,2.975116
1w_h20,train,557885738,2.963312
1w_h20,train,562042116,2.980612
1w_h20,train,566195229,2.967633
1w_h20,train,570352552,2.958588
1w_h20,train,573467363,2.944103
1w_h20,train,577625023,2.947610
1w_h20,train,581774675,2.942368
1w_h20,train,585935998,2.949634
1w_h20,train,590091689,2.953534
1w_h20,train,594249072,2.939931
1w_h20,train,598406239,2.952630
1w_h20,train,602561744,2.944994
1w_h20,train,605675140,2.956135
1w_h20,train,609835118,2.942703
1w_h20,train,613984562,2.940442
1w_h20,train,618145516,2.936996
1w_h20,train,622302759,2.933413
1w_h20,train,625417799,2.935289
1w_h20,train,629570583,2.919465
1w_h20,train,633726810,2.924246
1w_h20,train,637888595,2.929435
1w_h20,train,642046555,2.928603
1w_h20,train,646205833,2.917976
1w_h20,train,650359802,2.921423
1w_h20,train,654514419,2.929506
1w_h20,train,657632667,2.931311
1w_h20,train,661794066,2.926341
1w_h20,train,665946873,2.917343
1w_h20,train,670102324,2.908969
1w_h20,train,674254100,2.908102
1w_h20,train,678416321,2.914958
1w_h20,train,682578446,2.918444
1w_h20,train,686733405,2.916560
1w_h20,train,689852159,2.928322
1w_h20,train,694011796,2.917615
1w_h20,train,698166063,2.912354
1w_h20,train,702315709,2.914168
1w_h20,train,706470895,2.929231
1w_h20,train,710624381,2.933460
1w_h20,train,714774802,2.944184
1w_h20,train,718924784,2.945891
1w_h20,train,722035797,2.958065
1w_h20,train,726193694,2.948046
1w_h20,train,730352280,2.946673
1w_h20,train,734503505,2.952739
1w_h20,train,738661880,2.948966
1w_h20,train,742821033,2.940602
1w_h20,train,746975499,2.936556
1w_h20,train,751128964,2.929951
1w_h20,train,754236101,2.913939
1w_h20,train,759430731,2.900402
1w_h20,train,762545664,2.906971
1w_h20,train,766703235,2.902007
1w_h20,train,770856792,2.904585
1w_h20,train,775008526,2.909727
1w_h20,train,779159909,2.917309
1w_h20,train,783314562,2.923390
1w_h20,train,787476382,2.931842
1w_h20,train,791632988,2.911371
1w_h20,train,794750753,2.914753
1w_h20,train,798908974,2.917450
1w_h20,train,803059384,2.909276
1w_h20,train,807212957,2.914687
1w_h20,train,811365347,2.919036
1w_h20,train,815522868,2.920924
1w_h20,train,819681660,2.909728
1w_h20,train,823825024,2.915035
1w_h20,train,827973007,2.912855
1w_h20,train,832128046,2.913483
1w_h20,train,835242072,2.921081
1w_h20,train,840434955,2.915924
1w_h20,train,843546885,2.913838
1w_h20,train,847692455,2.912059
1w_h20,train,851837718,2.914724
1w_h20,train,855991278,2.912612
1w_h20,train,860146097,2.920207
1w_h20,train,864294291,2.913734
1w_h20,train,868440237,2.900173
1w_h20,train,872601108,2.910360
1w_h20,train,876747117,2.919124
1w_h20,train,880898224,2.911202
1w_h20,train,885048692,2.897362
1w_h20,train,889204017,2.907270
1w_h20,train,893361867,2.912792
1w_h20,train,896474980,2.913119
1w_h20,train,900630507,2.906038
1w_h20,train,904781279,2.906956
1w_h20,train,908931034,2.912747
1w_h20,train,913081515,2.909641
1w_h20,train,917229143,2.906415
1w_h20,train,921386977,2.914204
1w_h20,train,925540778,2.910618
1w_h20,train,928650737,2.896041
1w_h20,train,933849145,2.899872
1w_h20,train,936969324,2.897581
1w_h20,train,941115196,2.889144
1w_h20,train,945269692,2.898137
1w_h20,train,949419648,2.902655
1w_h20,train,953574798,2.907687
1w_h20,train,957730258,2.916964
1w_h20,train,961882323,2.914005
1w_h20,train,966033931,2.914228
1w_h20,train,970188884,2.916126
1w_h20,train,974338874,2.911486
1w_h20,train,978491518,2.918491
1w_h20,train,982650429,2.928228
1w_h20,train,986805354,2.927290
1w_h20,train,989916386,2.910575
1w_h20,train,994069413,2.896318
1w_h20,train,999265267,2.888630
1w_h20,train,1002387435,2.875251
1w_h20,train,1006543967,2.884648
1w_h20,train,1010693359,2.887793
1w_h20,train,1014853011,2.884050
1w_h20,train,1019004507,2.875960
1w_h20,train,1023157750,2.851547
1w_h20,train,1027312638,2.863959
1w_h20,train,1031461603,2.867792
1w_h20,train,1035615394,2.870107
1w_h20,train,1039777482,2.879447
1w_h20,eval,10385654,6.750322
1w_h20,eval,22846782,5.966524
1w_h20,eval,31155813,5.419407
1w_h20,eval,43624846,5.010939
1w_h20,eval,55038483,4.687103
1w_h20,eval,63343057,4.432363
1w_h20,eval,75810592,4.236001
1w_h20,eval,84124389,4.095575
1w_h20,eval,95546278,3.962269
1w_h20,eval,103855290,3.821948
1w_h20,eval,116341612,3.704682
1w_h20,eval,127767700,3.605413
1w_h20,eval,136078811,3.528987
1w_h20,eval,148542280,3.467382
1w_h20,eval,156857152,3.417951
1w_h20,eval,168284341,3.376548
1w_h20,eval,180757955,3.341972
1w_h20,eval,188030917,3.312013
1w_h20,eval,200496338,3.282904
1w_h20,eval,208809673,3.270497
1w_h20,eval,220243149,3.254314
1w_h20,eval,232716459,3.237327
1w_h20,eval,241024610,3.217952
1w_h20,eval,252447258,3.203184
1w_h20,eval,260754636,3.185588
1w_h20,eval,273215229,3.170813
1w_h20,eval,284632903,3.158209
1w_h20,eval,292946221,3.144321
1w_h20,eval,305403771,3.130040
1w_h20,eval,312688111,3.117804
1w_h20,eval,325156193,3.110012
1w_h20,eval,333474736,3.100390
1w_h20,eval,344901767,3.091765
1w_h20,eval,357361142,3.081198
1w_h20,eval,365677515,3.075225
1w_h20,eval,378138697,3.065347
1w_h20,eval,385418187,3.059608
1w_h20,eval,397883429,3.050554
1w_h20,eval,409303626,3.042576
1w_h20,eval,417611084,3.043154
1w_h20,eval,430084344,3.039846
1w_h20,eval,437356380,3.033752
1w_h20,eval,449826498,3.026739
1w_h20,eval,462289073,3.019934
1w_h20,eval,470591209,3.014879
1w_h20,eval,482019710,3.010537
1w_h20,eval,490334114,3.006833
1w_h20,eval,501755260,2.999948
1w_h20,eval,514235549,2.995419
1w_h20,eval,522542963,2.991289
1w_h20,eval,533985146,2.985397
1w_h20,eval,542307558,2.979389
1w_h20,eval,554757863,2.974451
1w_h20,eval,566195229,2.972285
1w_h20,eval,573467363,2.966451
1w_h20,eval,585935998,2.962032
1w_h20,eval,594249072,2.956837
1w_h20,eval,605675140,2.953168
1w_h20,eval,618145516,2.952319
1w_h20,eval,625417799,2.957591
1w_h20,eval,637888595,2.959304
1w_h20,eval,646205833,2.955460
1w_h20,eval,657632667,2.954490
1w_h20,eval,670102324,2.950279
1w_h20,eval,678416321,2.946240
1w_h20,eval,689852159,2.943484
1w_h20,eval,698166063,2.940224
1w_h20,eval,710624381,2.937447
1w_h20,eval,722035797,2.932943
1w_h20,eval,730352280,2.928813
1w_h20,eval,742821033,2.925559
1w_h20,eval,751128964,2.921462
1w_h20,eval,762545664,2.918067
1w_h20,eval,770856792,2.915009
1w_h20,eval,783314562,2.914491
1w_h20,eval,794750753,2.911706
1w_h20,eval,803059384,2.908584
1w_h20,eval,815522868,2.905657
1w_h20,eval,823825024,2.902120
1w_h20,eval,835242072,2.908367
1w_h20,eval,843546885,2.908628
1w_h20,eval,855991278,2.906316
1w_h20,eval,868440237,2.903795
1w_h20,eval,876747117,2.903195
1w_h20,eval,889204017,2.899722
1w_h20,eval,896474980,2.897636
1w_h20,eval,908931034,2.896827
1w_h20,eval,917229143,2.894246
1w_h20,eval,928650737,2.896981
1w_h20,eval,941115196,2.894269
1w_h20,eval,949419648,2.890909
1w_h20,eval,961882323,2.891134
1w_h20,eval,970188884,2.889582
1w_h20,eval,982650429,2.887872
1w_h20,eval,989916386,2.884525
1w_h20,eval,1002387435,2.882940
1w_h20,eval,1010693359,2.880973
1w_h20,eval,1023157750,2.879497
1w_h20,eval,1031461603,2.877352
ddp2,train,1037894,9.454939
ddp2,train,2075787,9.418324
ddp2,train,3113681,9.320559
ddp2,train,4151575,8.953568
ddp2,train,5189468,8.136094
ddp2,train,6227362,7.700870
ddp2,train,7265256,7.441571
ddp2,train,8303149,7.269967
ddp2,train,9341043,7.100339
ddp2,train,10378936,7.008667
ddp2,train,11416830,6.943734
ddp2,train,12454724,6.877210
ddp2,train,13492617,6.809733
ddp2,train,14530511,6.706844
ddp2,train,15568405,6.619472
ddp2,train,16606298,6.533430
ddp2,train,17644192,6.455486
ddp2,train,18682086,6.350707
ddp2,train,19719979,6.237127
ddp2,train,20757873,6.138134
ddp2,train,21795767,6.065761
ddp2,train,22833660,5.930942
ddp2,train,23871554,5.872837
ddp2,train,24909448,5.792443
ddp2,train,25947341,5.739500
ddp2,train,26985235,5.648208
ddp2,train,28023128,5.625461
ddp2,train,29061022,5.517116
ddp2,train,30098916,5.522335
ddp2,train,31136809,5.436962
ddp2,train,32174703,5.370210
ddp2,train,33212597,5.326070
ddp2,train,34250490,5.313647
ddp2,train,35288384,5.290164
ddp2,train,36326278,5.221573
ddp2,train,37364171,5.236714
ddp2,train,38402065,5.197128
ddp2,train,39439959,5.117674
ddp2,train,40477852,5.094162
ddp2,train,41515746,5.088126
ddp2,train,42553640,5.017797
ddp2,train,43591533,4.993937
ddp2,train,44629427,4.998219
ddp2,train,45667320,4.963462
ddp2,train,46705214,4.914499
ddp2,train,47743108,4.868682
ddp2,train,48781001,4.887604
ddp2,train,49818895,4.832608
ddp2,train,50856789,4.828710
ddp2,train,51894682,4.808682
ddp2,train,52932576,4.766084
ddp2,train,53970470,4.738263
ddp2,train,55008363,4.709983
ddp2,train,56046257,4.692037
ddp2,train,57084151,4.681499
ddp2,train,58122044,4.677003
ddp2,train,59159938,4.668240
ddp2,train,60197832,4.622421
ddp2,train,61235725,4.611772
ddp2,train,62273619,4.570807
ddp2,train,63311512,4.538547
ddp2,train,64349406,4.587199
ddp2,train,65387300,4.485000
ddp2,train,66425193,4.516027
ddp2,train,67463087,4.475931
ddp2,train,68500981,4.483368
ddp2,train,69538874,4.444254
ddp2,train,70576768,4.444600
ddp2,train,71614662,4.443200
ddp2,train,72652555,4.390547
ddp2,train,73690449,4.392286
ddp2,train,74728343,4.405448
ddp2,train,75766236,4.368219
ddp2,train,76804130,4.346036
ddp2,train,77842024,4.350790
ddp2,train,78879917,4.319234
ddp2,train,79917811,4.301441
ddp2,train,80955705,4.279799
ddp2,train,81993598,4.311888
ddp2,train,83031492,4.326181
ddp2,train,84069385,4.264462
ddp2,train,85107279,4.256645
ddp2,train,86145173,4.241897
ddp2,train,87183066,4.226221
ddp2,train,88220960,4.231485
ddp2,train,89258854,4.218451
ddp2,train,90296747,4.192785
ddp2,train,91334641,4.184634
ddp2,train,92372535,4.198102
ddp2,train,93410428,4.246360
ddp2,train,94448322,4.197262
ddp2,train,95486216,4.170798
ddp2,train,96524109,4.160820
ddp2,train,97562003,4.156636
ddp2,train,98599897,4.121747
ddp2,train,99637790,4.151547
ddp2,train,100675684,4.127485
ddp2,train,101713577,4.149164
ddp2,train,102751471,4.130966
ddp2,train,103789365,4.076674
ddp2,train,104827258,4.081435
ddp2,train,105865152,4.082225
ddp2,train,106903046,4.110591
ddp2,train,107940939,4.071010
ddp2,train,108978833,4.070578
ddp2,train,110016727,4.061718
ddp2,train,111054620,4.045248
ddp2,train,112092514,4.019747
ddp2,train,113130408,4.043154
ddp2,train,114168301,4.031775
ddp2,train,115206195,4.041360
ddp2,train,116244089,3.993028
ddp2,train,117281982,4.037251
ddp2,train,118319876,3.985233
ddp2,train,119357769,3.979590
ddp2,train,120395663,3.973245
ddp2,train,121433557,3.961722
ddp2,train,122471450,3.990390
ddp2,train,123509344,3.937478
ddp2,train,124547238,3.934418
ddp2,train,125585131,3.922005
ddp2,train,126623025,3.932133
ddp2,train,127660919,3.920623
ddp2,train,128698812,3.915527
ddp2,train,129736706,3.871508
ddp2,train,130774600,3.907864
ddp2,train,131812493,3.871147
ddp2,train,132850387,3.883182
ddp2,train,133888281,3.912431
ddp2,train,134926174,3.844039
ddp2,train,135964068,3.868546
ddp2,train,137001961,3.861210
ddp2,train,138039855,3.838148
ddp2,train,139077749,3.896690
ddp2,train,140115642,3.796478
ddp2,train,141153536,3.828086
ddp2,train,142191430,3.797949
ddp2,train,143229323,3.782670
ddp2,train,144267217,3.770196
ddp2,train,145305111,3.792654
ddp2,train,146343004,3.734133
ddp2,train,147380898,3.756002
ddp2,train,148418792,3.718909
ddp2,train,149456685,3.744725
ddp2,train,150494579,3.692654
ddp2,train,151532473,3.749937
ddp2,train,152570366,3.732896
ddp2,train,153608260,3.748068
ddp2,train,154646153,3.672334
ddp2,train,155684047,3.714554
ddp2,train,156721941,3.686483
ddp2,train,157759834,3.656842
ddp2,train,158797728,3.744468
ddp2,train,159835622,3.638755
ddp2,train,160873515,3.634789
ddp2,train,161911409,3.641382
ddp2,train,162949303,3.645584
ddp2,train,163987196,3.634966
ddp2,train,165025090,3.608371
ddp2,train,166062984,3.654345
ddp2,train,167100877,3.620602
ddp2,train,168138771,3.589706
ddp2,train,169176665,3.643974
ddp2,train,170214558,3.577513
ddp2,train,171252452,3.617386
ddp2,train,172290345,3.587967
ddp2,train,173328239,3.600461
ddp2,train,174366133,3.624409
ddp2,train,175404026,3.607769
ddp2,train,176441920,3.571252
ddp2,train,177479814,3.549704
ddp2,train,178517707,3.552157
ddp2,train,179555601,3.616025
ddp2,train,180593495,3.536495
ddp2,train,181631388,3.566215
ddp2,train,182669282,3.567349
ddp2,train,183707176,3.528707
ddp2,train,184745069,3.542127
ddp2,train,185782963,3.538168
ddp2,train,186820857,3.528468
ddp2,train,187858750,3.544760
ddp2,train,188896644,3.539324
ddp2,train,189934537,3.509145
ddp2,train,190972431,3.506304
ddp2,train,192010325,3.500873
ddp2,train,193048218,3.524376
ddp2,train,194086112,3.565702
ddp2,train,195124006,3.500067
ddp2,train,196161899,3.479455
ddp2,train,197199793,3.460420
ddp2,train,198237687,3.504460
ddp2,train,199275580,3.508433
ddp2,train,200313474,3.515688
ddp2,train,201351368,3.499810
ddp2,train,202389261,3.527015
ddp2,train,203427155,3.515619
ddp2,train,204465049,3.531005
ddp2,train,205502942,3.525593
ddp2,train,206540836,3.457733
ddp2,train,207578729,3.478594
ddp2,train,208616623,3.500364
ddp2,train,209654517,3.479430
ddp2,train,210692410,3.566624
ddp2,train,211730304,3.473742
ddp2,train,212768198,3.416505
ddp2,train,213806091,3.446825
ddp2,train,214843985,3.474256
ddp2,train,215881879,3.482932
ddp2,train,216919772,3.431273
ddp2,train,217957666,3.428342
ddp2,train,218995560,3.431245
ddp2,train,220033453,3.446089
ddp2,train,221071347,3.456876
ddp2,train,222109241,3.487606
ddp2,train,223147134,3.451626
ddp2,train,224185028,3.460126
ddp2,train,225222922,3.444245
ddp2,train,226260815,3.489302
ddp2,train,227298709,3.520630
ddp2,train,228336602,3.450693
ddp2,train,229374496,3.421802
ddp2,train,230412390,3.411134
ddp2,train,231450283,3.398063
ddp2,train,232488177,3.384387
ddp2,train,233526071,3.385919
ddp2,train,234563964,3.389714
ddp2,train,235601858,3.411070
ddp2,train,236639752,3.451695
ddp2,train,237677645,3.402133
ddp2,train,238715539,3.405158
ddp2,train,239753433,3.399959
ddp2,train,240791326,3.430816
ddp2,train,241829220,3.419135
ddp2,train,242867114,3.387819
ddp2,train,243905007,3.372695
ddp2,train,244942901,3.389264
ddp2,train,245980794,3.402230
ddp2,train,247018688,3.370632
ddp2,train,248056582,3.367183
ddp2,train,249094475,3.413684
ddp2,train,250132369,3.453215
ddp2,train,251170263,3.381558
ddp2,train,252208156,3.407546
ddp2,train,253246050,3.347612
ddp2,train,254283944,3.393959
ddp2,train,255321837,3.397769
ddp2,train,256359731,3.340674
ddp2,train,257397625,3.374343
ddp2,train,258435518,3.357715
ddp2,train,259473412,3.342238
ddp2,train,260511306,3.358555
ddp2,train,261549199,3.330849
ddp2,train,262587093,3.370686
ddp2,train,263624986,3.388325
ddp2,train,264662880,3.340269
ddp2,train,265700774,3.371503
ddp2,train,266738667,3.337203
ddp2,train,267776561,3.331416
ddp2,train,268814455,3.357753
ddp2,train,269852348,3.360696
ddp2,train,270890242,3.361524
ddp2,train,271928136,3.369380
ddp2,train,272966029,3.361785
ddp2,train,274003923,3.326739
ddp2,train,275041817,3.319253
ddp2,train,276079710,3.331791
ddp2,train,277117604,3.347228
ddp2,train,278155498,3.325976
ddp2,train,279193391,3.346350
ddp2,train,280231285,3.377656
ddp2,train,281269178,3.329203
ddp2,train,282307072,3.349580
ddp2,train,283344966,3.335000
ddp2,train,284382859,3.379263
ddp2,train,285420753,3.337191
ddp2,train,286458647,3.321343
ddp2,train,287496540,3.287380
ddp2,train,288534434,3.307608
ddp2,train,289572328,3.311653
ddp2,train,290610221,3.299899
ddp2,train,291648115,3.283507
ddp2,train,292686009,3.392170
ddp2,train,293723902,3.338696
ddp2,train,294761796,3.306264
ddp2,train,295799690,3.343338
ddp2,train,296837583,3.305795
ddp2,train,297875477,3.275651
ddp2,train,298913370,3.276267
ddp2,train,299951264,3.309854
ddp2,train,300989158,3.273189
ddp2,train,302027051,3.316037
ddp2,train,303064945,3.261247
ddp2,train,304102839,3.236521
ddp2,train,305140732,3.297825
ddp2,train,306178626,3.314871
ddp2,train,307216520,3.314696
ddp2,train,308254413,3.253484
ddp2,train,309292307,3.261417
ddp2,train,310330201,3.299959
ddp2,train,311368094,3.297251
ddp2,train,312405988,3.262250
ddp2,train,313443882,3.307123
ddp2,train,314481775,3.273402
ddp2,train,315519669,3.288414
ddp2,train,316557562,3.282541
ddp2,train,317595456,3.188554
ddp2,train,318633350,3.301688
ddp2,train,319671243,3.265463
ddp2,train,320709137,3.276914
ddp2,train,321747031,3.302081
ddp2,train,322784924,3.297406
ddp2,train,323822818,3.260833
ddp2,train,324860712,3.281601
ddp2,train,325898605,3.252862
ddp2,train,326936499,3.326608
ddp2,train,327974393,3.266019
ddp2,train,329012286,3.269313
ddp2,train,330050180,3.287992
ddp2,train,331088074,3.320539
ddp2,train,332125967,3.287923
ddp2,train,333163861,3.346167
ddp2,train,334201754,3.240544
ddp2,train,335239648,3.308412
ddp2,train,336277542,3.261296
ddp2,train,337315435,3.226712
ddp2,train,338353329,3.295568
ddp2,train,339391223,3.269800
ddp2,train,340429116,3.280326
ddp2,train,341467010,3.285618
ddp2,train,342504904,3.283961
ddp2,train,343542797,3.245797
ddp2,train,344580691,3.282151
ddp2,train,345618585,3.231542
ddp2,train,346656478,3.233250
ddp2,train,347694372,3.242396
ddp2,train,348732266,3.254735
ddp2,train,349770159,3.248779
ddp2,train,350808053,3.219061
ddp2,train,351845946,3.269069
ddp2,train,352883840,3.223719
ddp2,train,353921734,3.253005
ddp2,train,354959627,3.210780
ddp2,train,355997521,3.272426
ddp2,train,357035415,3.219308
ddp2,train,358073308,3.224397
ddp2,train,359111202,3.297666
ddp2,train,360149096,3.250041
ddp2,train,361186989,3.296047
ddp2,train,362224883,3.230769
ddp2,train,363262777,3.228756
ddp2,train,364300670,3.233371
ddp2,train,365338564,3.256939
ddp2,train,366376458,3.227654
ddp2,train,367414351,3.220315
ddp2,train,368452245,3.197868
ddp2,train,369490138,3.253841
ddp2,train,370528032,3.230302
ddp2,train,371565926,3.225309
ddp2,train,372603819,3.234304
ddp2,train,373641713,3.180023
ddp2,train,374679607,3.272494
ddp2,train,375717500,3.210707
ddp2,train,376755394,3.201616
ddp2,train,377793288,3.245634
ddp2,train,378831181,3.271461
ddp2,train,379869075,3.398953
ddp2,train,380906969,3.218265
ddp2,train,381944862,3.265890
ddp2,train,382982756,3.225590
ddp2,train,384020650,3.243917
ddp2,train,385058543,3.256699
ddp2,train,386096437,3.249491
ddp2,train,387134331,3.200049
ddp2,train,388172224,3.220516
ddp2,train,389210118,3.205651
ddp2,train,390248011,3.198698
ddp2,train,391285905,3.170217
ddp2,train,392323799,3.187202
ddp2,train,393361692,3.230243
ddp2,train,394399586,3.178369
ddp2,train,395437480,3.182126
ddp2,train,396475373,3.195679
ddp2,train,397513267,3.219954
ddp2,train,398551161,3.200943
ddp2,train,399589054,3.207563
ddp2,train,400626948,3.198379
ddp2,train,401664842,3.216270
ddp2,train,402702735,3.230623
ddp2,train,403740629,3.233287
ddp2,train,404778523,3.165192
ddp2,train,405816416,3.218134
ddp2,train,406854310,3.218984
ddp2,train,407892203,3.216997
ddp2,train,408930097,3.178661
ddp2,train,409967991,3.200416
ddp2,train,411005884,3.203816
ddp2,train,412043778,3.176069
ddp2,train,413081672,3.229647
ddp2,train,414119565,3.217618
ddp2,train,415157459,3.219899
ddp2,train,416195353,3.177953
ddp2,train,417233246,3.221521
ddp2,train,418271140,3.211810
ddp2,train,419309034,3.212831
ddp2,train,420346927,3.224396
ddp2,train,421384821,3.170276
ddp2,train,422422715,3.186421
ddp2,train,423460608,3.187742
ddp2,train,424498502,3.251786
ddp2,train,425536395,3.250715
ddp2,train,426574289,3.228096
ddp2,train,427612183,3.207614
ddp2,train,428650076,3.205872
ddp2,train,429687970,3.166701
ddp2,train,430725864,3.166641
ddp2,train,431763757,3.170193
ddp2,train,432801651,3.182357
ddp2,train,433839545,3.208303
ddp2,train,434877438,3.191862
ddp2,train,435915332,3.179256
ddp2,train,436953226,3.186167
ddp2,train,437991119,3.178278
ddp2,train,439029013,3.168309
ddp2,train,440066907,3.166051
ddp2,train,441104800,3.212506
ddp2,train,442142694,3.149287
ddp2,train,443180587,3.202010
ddp2,train,444218481,3.165131
ddp2,train,445256375,3.189226
ddp2,train,446294268,3.156923
ddp2,train,447332162,3.159741
ddp2,train,448370056,3.174392
ddp2,train,449407949,3.141656
ddp2,train,450445843,3.164196
ddp2,train,451483737,3.141920
ddp2,train,452521630,3.183664
ddp2,train,453559524,3.193447
ddp2,train,454597418,3.134098
ddp2,train,455635311,3.179535
ddp2,train,456673205,3.168544
ddp2,train,457711099,3.151519
ddp2,train,458748992,3.187544
ddp2,train,459786886,3.161123
ddp2,train,460824779,3.179280
ddp2,train,461862673,3.147216
ddp2,train,462900567,3.161274
ddp2,train,463938460,3.211770
ddp2,train,464976354,3.170090
ddp2,train,466014248,3.182889
ddp2,train,467052141,3.139073
ddp2,train,468090035,3.136643
ddp2,train,469127929,3.132796
ddp2,train,470165822,3.155310
ddp2,train,471203716,3.110424
ddp2,train,472241610,3.183162
ddp2,train,473279503,3.172400
ddp2,train,474317397,3.159067
ddp2,train,475355291,3.122084
ddp2,train,476393184,3.150496
ddp2,train,477431078,3.203808
ddp2,train,478468971,3.176764
ddp2,train,479506865,3.136087
ddp2,train,480544759,3.169793
ddp2,train,481582652,3.147769
ddp2,train,482620546,3.134791
ddp2,train,483658440,3.132570
ddp2,train,484696333,3.164829
ddp2,train,485734227,3.154029
ddp2,train,486772121,3.159459
ddp2,train,487810014,3.193776
ddp2,train,488847908,3.183176
ddp2,train,489885802,3.135984
ddp2,train,490923695,3.195038
ddp2,train,491961589,3.109152
ddp2,train,492999483,3.124247
ddp2,train,494037376,3.081717
ddp2,train,495075270,3.139565
ddp2,train,496113163,3.170301
ddp2,train,497151057,3.136835
ddp2,train,498188951,3.139033
ddp2,train,499226844,3.164073
ddp2,train,500264738,3.176441
ddp2,train,501302632,3.164462
ddp2,train,502340525,3.123389
ddp2,train,503378419,3.113577
ddp2,train,504416313,3.135458
ddp2,train,505454206,3.139477
ddp2,train,506492100,3.173139
ddp2,train,507529994,3.122196
ddp2,train,508567887,3.119631
ddp2,train,509605781,3.146909
ddp2,train,510643675,3.157708
ddp2,train,511681568,3.142552
ddp2,train,512719462,3.182862
ddp2,train,513757355,3.124339
ddp2,train,514795249,3.127840
ddp2,train,515833143,3.180188
ddp2,train,516871036,3.158598
ddp2,train,517908930,3.175906
ddp2,train,518946824,3.175947
ddp2,train,519984717,3.196378
ddp2,train,521022611,3.135863
ddp2,train,522060505,3.122410
ddp2,train,523098398,3.153383
ddp2,train,524136292,3.109579
ddp2,train,525174186,3.147736
ddp2,train,526212079,3.142285
ddp2,train,527249973,3.180164
ddp2,train,528287867,3.169222
ddp2,train,529325760,3.133592
ddp2,train,530363654,3.140858
ddp2,train,531401548,3.189583
ddp2,train,532439441,3.118207
ddp2,train,533477335,3.165768
ddp2,train,534515228,3.149271
ddp2,train,535553122,3.134543
ddp2,train,536591016,3.091979
ddp2,train,537628909,3.165499
ddp2,train,538666803,3.137552
ddp2,train,539704697,3.138720
ddp2,train,540742590,3.173678
ddp2,train,541780484,3.159575
ddp2,train,542818378,3.106654
ddp2,train,543856271,3.086335
ddp2,train,544894165,3.133858
ddp2,train,545932059,3.106163
ddp2,train,546969952,3.134920
ddp2,train,548007846,3.161470
ddp2,train,549045740,3.086177
ddp2,train,550083633,3.139048
ddp2,train,551121527,3.178048
ddp2,train,552159420,3.118102
ddp2,train,553197314,3.137392
ddp2,train,554235208,3.124033
ddp2,train,555273101,3.089766
ddp2,train,556310995,3.101580
ddp2,train,557348889,3.092587
ddp2,train,558386782,3.104060
ddp2,train,559424676,3.112682
ddp2,train,560462570,3.100510
ddp2,train,561500463,3.173649
ddp2,train,562538357,3.150791
ddp2,train,563576251,3.107796
ddp2,train,564614144,3.119884
ddp2,train,565652038,3.092955
ddp2,train,566689932,3.115269
ddp2,train,567727825,3.104210
ddp2,train,568765719,3.133036
ddp2,train,569803612,3.091448
ddp2,train,570841506,3.078912
ddp2,train,571879400,3.107312
ddp2,train,572917293,3.067119
ddp2,train,573955187,3.086706
ddp2,train,574993081,3.075943
ddp2,train,576030974,3.139775
ddp2,train,577068868,3.114713
ddp2,train,578106762,3.122859
ddp2,train,579144655,3.134737
ddp2,train,580182549,3.091309
ddp2,train,581220443,3.088477
ddp2,train,582258336,3.096960
ddp2,train,583296230,3.115210
ddp2,train,584334124,3.168742
ddp2,train,585372017,3.122084
ddp2,train,586409911,3.076141
ddp2,train,587447804,3.059421
ddp2,train,588485698,3.151420
ddp2,train,589523592,3.117683
ddp2,train,590561485,3.140442
ddp2,train,591599379,3.131160
ddp2,train,592637273,3.116015
ddp2,train,593675166,3.061831
ddp2,train,594713060,3.099874
ddp2,train,595750954,3.113389
ddp2,train,596788847,3.147752
ddp2,train,597826741,3.131996
ddp2,train,598864635,3.134632
ddp2,train,599902528,3.060113
ddp2,train,600940422,3.085864
ddp2,train,601978316,3.083286
ddp2,train,603016209,3.113769
ddp2,train,604054103,3.131231
ddp2,train,605091996,3.132879
ddp2,train,606129890,3.123448
ddp2,train,607167784,3.077658
ddp2,train,608205677,3.132336
ddp2,train,609243571,3.071578
ddp2,train,610281465,3.096980
ddp2,train,611319358,3.119850
ddp2,train,612357252,3.115733
ddp2,train,613395146,3.086807
ddp2,train,614433039,3.032611
ddp2,train,615470933,3.104194
ddp2,train,616508827,3.112364
ddp2,train,617546720,3.084639
ddp2,train,618584614,3.119357
ddp2,train,619622508,3.068050
ddp2,train,620660401,3.112582
ddp2,train,621698295,3.082217
ddp2,train,622736188,3.098438
ddp2,train,623774082,3.085299
ddp2,train,624811976,3.092861
ddp2,train,625849869,3.070340
ddp2,train,626887763,3.058115
ddp2,train,627925657,3.070528
ddp2,train,628963550,3.038487
ddp2,train,630001444,3.071635
ddp2,train,631039338,3.067428
ddp2,train,632077231,3.122642
ddp2,train,633115125,3.092001
ddp2,train,634153019,3.040770
ddp2,train,635190912,3.143715
ddp2,train,636228806,3.066400
ddp2,train,637266700,3.089888
ddp2,train,638304593,3.078151
ddp2,train,639342487,3.100451
ddp2,train,640380380,3.085544
ddp2,train,641418274,3.081766
ddp2,train,642456168,3.036783
ddp2,train,643494061,3.095613
ddp2,train,644531955,3.056781
ddp2,train,645569849,3.049478
ddp2,train,646607742,3.090850
ddp2,train,647645636,3.128976
ddp2,train,648683530,3.060413
ddp2,train,649721423,3.078447
ddp2,train,650759317,3.044657
ddp2,train,651797211,3.095170
ddp2,train,652835104,3.079299
ddp2,train,653872998,3.102292
ddp2,train,654910892,3.103042
ddp2,train,655948785,3.116121
ddp2,train,656986679,3.089676
ddp2,train,658024572,3.103669
ddp2,train,659062466,3.074165
ddp2,train,660100360,3.085937
ddp2,train,661138253,3.072561
ddp2,train,662176147,3.073137
ddp2,train,663214041,3.078908
ddp2,train,664251934,3.056119
ddp2,train,665289828,3.046837
ddp2,train,666327722,3.063161
ddp2,train,667365615,3.068668
ddp2,train,668403509,3.053790
ddp2,train,669441403,3.036884
ddp2,train,670479296,3.032668
ddp2,train,671517190,3.128364
ddp2,train,672555084,3.014751
ddp2,train,673592977,3.056692
ddp2,train,674630871,3.057538
ddp2,train,675668765,3.055915
ddp2,train,676706658,3.039544
ddp2,train,677744552,3.080037
ddp2,train,678782445,2.985788
ddp2,train,679820339,3.082911
ddp2,train,680858233,3.068103
ddp2,train,681896126,3.077599
ddp2,train,682934020,3.063101
ddp2,train,683971914,3.129365
ddp2,train,685009807,3.051439
ddp2,train,686047701,3.056847
ddp2,train,687085595,3.050345
ddp2,train,688123488,3.065665
ddp2,train,689161382,3.103221
ddp2,train,690199276,3.076785
ddp2,train,691237169,3.094400
ddp2,train,692275063,3.137536
ddp2,train,693312957,3.033760
ddp2,train,694350850,3.092293
ddp2,train,695388744,3.070760
ddp2,train,696426637,3.072819
ddp2,train,697464531,3.042518
ddp2,train,698502425,3.052054
ddp2,train,699540318,3.091287
ddp2,train,700578212,3.065486
ddp2,train,701616106,3.061826
ddp2,train,702653999,3.049059
ddp2,train,703691893,3.068028
ddp2,train,704729787,3.087104
ddp2,train,705767680,3.110037
ddp2,train,706805574,3.059018
ddp2,train,707843468,3.081468
ddp2,train,708881361,3.159832
ddp2,train,709919255,3.088760
ddp2,train,710957149,3.081123
ddp2,train,711995042,3.105562
ddp2,train,713032936,3.071616
ddp2,train,714070829,3.116527
ddp2,train,715108723,3.066628
ddp2,train,716146617,3.115980
ddp2,train,717184510,3.100407
ddp2,train,718222404,3.091796
ddp2,train,719260298,3.067690
ddp2,train,720298191,3.104408
ddp2,train,721336085,3.130377
ddp2,train,722373979,3.106705
ddp2,train,723411872,3.096775
ddp2,train,724449766,3.089764
ddp2,train,725487660,3.067676
ddp2,train,726525553,3.084871
ddp2,train,727563447,3.087839
ddp2,train,728601341,3.097003
ddp2,train,729639234,3.084810
ddp2,train,730677128,3.045261
ddp2,train,731715021,3.090371
ddp2,train,732752915,3.100127
ddp2,train,733790809,3.110183
ddp2,train,734828702,3.093114
ddp2,train,735866596,3.049961
ddp2,train,736904490,3.078999
ddp2,train,737942383,3.083023
ddp2,train,738980277,3.066960
ddp2,train,740018171,3.055048
ddp2,train,741056064,3.101910
ddp2,train,742093958,3.065519
ddp2,train,743131852,3.076864
ddp2,train,744169745,3.025213
ddp2,train,745207639,3.041981
ddp2,train,746245533,3.071145
ddp2,train,747283426,3.037501
ddp2,train,748321320,3.106059
ddp2,train,749359213,3.035064
ddp2,train,750397107,3.056844
ddp2,train,751435001,3.038284
ddp2,train,752472894,3.054103
ddp2,train,753510788,3.025076
ddp2,train,754548682,3.107088
ddp2,train,755586575,3.053982
ddp2,train,756624469,3.048739
ddp2,train,757662363,3.102550
ddp2,train,758700256,3.013238
ddp2,train,759738150,3.053860
ddp2,train,760776044,3.030983
ddp2,train,761813937,3.064090
ddp2,train,762851831,3.092721
ddp2,train,763889725,3.027215
ddp2,train,764927618,3.071087
ddp2,train,765965512,3.036545
ddp2,train,767003405,3.069549
ddp2,train,768041299,3.051976
ddp2,train,769079193,3.115636
ddp2,train,770117086,3.055060
ddp2,train,771154980,3.066321
ddp2,train,772192874,3.086974
ddp2,train,773230767,3.094324
ddp2,train,774268661,3.059506
ddp2,train,775306555,3.071357
ddp2,train,776344448,3.081780
ddp2,train,777382342,3.085258
ddp2,train,778420236,3.076801
ddp2,train,779458129,3.078696
ddp2,train,780496023,3.086904
ddp2,train,781533917,3.080498
ddp2,train,782571810,3.076748
ddp2,train,783609704,3.100215
ddp2,train,784647597,3.066624
ddp2,train,785685491,3.067416
ddp2,train,786723385,3.097223
ddp2,train,787761278,3.078548
ddp2,train,788799172,3.079590
ddp2,train,789837066,3.046820
ddp2,train,790874959,3.006640
ddp2,train,791912853,3.044626
ddp2,train,792950747,3.054309
ddp2,train,793988640,3.063265
ddp2,train,795026534,3.098133
ddp2,train,796064428,3.059592
ddp2,train,797102321,3.042075
ddp2,train,798140215,3.059902
ddp2,train,799178109,3.031138
ddp2,train,800216002,3.058820
ddp2,train,801253896,3.052457
ddp2,train,802291789,3.026915
ddp2,train,803329683,3.001256
ddp2,train,804367577,3.073276
ddp2,train,805405470,3.058321
ddp2,train,806443364,3.067705
ddp2,train,807481258,3.065032
ddp2,train,808519151,3.049461
ddp2,train,809557045,3.042634
ddp2,train,810594939,3.065499
ddp2,train,811632832,3.088250
ddp2,train,812670726,3.085918
ddp2,train,813708620,3.083717
ddp2,train,814746513,3.063399
ddp2,train,815784407,3.067898
ddp2,train,816822301,3.061788
ddp2,train,817860194,3.066841
ddp2,train,818898088,3.024137
ddp2,train,819935982,3.050826
ddp2,train,820973875,3.048529
ddp2,train,822011769,3.035603
ddp2,train,823049662,3.062791
ddp2,train,824087556,3.062181
ddp2,train,825125450,3.056188
ddp2,train,826163343,3.079615
ddp2,train,827201237,3.052341
ddp2,train,828239131,3.124517
ddp2,train,829277024,3.012478
ddp2,train,830314918,3.060958
ddp2,train,831352812,3.055026
ddp2,train,832390705,3.054207
ddp2,train,833428599,3.049483
ddp2,train,834466493,3.071086
ddp2,train,835504386,3.035635
ddp2,train,836542280,3.085976
ddp2,train,837580174,3.037594
ddp2,train,838618067,3.029281
ddp2,train,839655961,3.037273
ddp2,train,840693854,3.061973
ddp2,train,841731748,3.093604
ddp2,train,842769642,3.042302
ddp2,train,843807535,3.066878
ddp2,train,844845429,3.060898
ddp2,train,845883323,3.054024
ddp2,train,846921216,3.045124
ddp2,train,847959110,3.042126
ddp2,train,848997004,3.059782
ddp2,train,850034897,3.051180
ddp2,train,851072791,3.056971
ddp2,train,852110685,3.061157
ddp2,train,853148578,3.081807
ddp2,train,854186472,3.063735
ddp2,train,855224366,3.045176
ddp2,train,856262259,3.000855
ddp2,train,857300153,3.015571
ddp2,train,858338046,3.048638
ddp2,train,859375940,3.071785
ddp2,train,860413834,3.035985
ddp2,train,861451727,3.030306
ddp2,train,862489621,3.032207
ddp2,train,863527515,3.037741
ddp2,train,864565408,3.035463
ddp2,train,865603302,3.018278
ddp2,train,866641196,2.966384
ddp2,train,867679089,3.005779
ddp2,train,868716983,3.031880
ddp2,train,869754877,3.054926
ddp2,train,870792770,3.016100
ddp2,train,871830664,3.069585
ddp2,train,872868558,3.004155
ddp2,train,873906451,3.035556
ddp2,train,874944345,3.050395
ddp2,train,875982238,3.068619
ddp2,train,877020132,3.058563
ddp2,train,878058026,3.070406
ddp2,train,879095919,3.023677
ddp2,train,880133813,3.025885
ddp2,train,881171707,3.066133
ddp2,train,882209600,3.060696
ddp2,train,883247494,3.022729
ddp2,train,884285388,3.000575
ddp2,train,885323281,3.015123
ddp2,train,886361175,3.015030
ddp2,train,887399069,3.047242
ddp2,train,888436962,3.064500
ddp2,train,889474856,3.065344
ddp2,train,890512750,3.026831
ddp2,train,891550643,3.049206
ddp2,train,892588537,3.059314
ddp2,train,893626430,3.077644
ddp2,train,894664324,3.070968
ddp2,train,895702218,3.047687
ddp2,train,896740111,3.067099
ddp2,train,897778005,3.067539
ddp2,train,898815899,3.031860
ddp2,train,899853792,3.019005
ddp2,train,900891686,3.070444
ddp2,train,901929580,3.051939
ddp2,train,902967473,3.021735
ddp2,train,904005367,3.042793
ddp2,train,905043261,3.053822
ddp2,train,906081154,3.055938
ddp2,train,907119048,3.028621
ddp2,train,908156942,3.058537
ddp2,train,909194835,3.094527
ddp2,train,910232729,3.028933
ddp2,train,911270622,3.032968
ddp2,train,912308516,3.031149
ddp2,train,913346410,3.025015
ddp2,train,914384303,3.021757
ddp2,train,915422197,2.999976
ddp2,train,916460091,3.029336
ddp2,train,917497984,3.048032
ddp2,train,918535878,3.045408
ddp2,train,919573772,3.048816
ddp2,train,920611665,3.066667
ddp2,train,921649559,3.043851
ddp2,train,922687453,3.124057
ddp2,train,923725346,3.030600
ddp2,train,924763240,3.034568
ddp2,train,925801134,3.032727
ddp2,train,926839027,3.005517
ddp2,train,927876921,2.985731
ddp2,train,928914814,3.094911
ddp2,train,929952708,3.042115
ddp2,train,930990602,3.059124
ddp2,train,932028495,2.990107
ddp2,train,933066389,3.038116
ddp2,train,934104283,3.067197
ddp2,train,935142176,3.039881
ddp2,train,936180070,3.013830
ddp2,train,937217964,3.039190
ddp2,train,938255857,3.002050
ddp2,train,939293751,3.013382
ddp2,train,940331645,2.998613
ddp2,train,941369538,3.008981
ddp2,train,942407432,3.028235
ddp2,train,943445326,2.981900
ddp2,train,944483219,3.051332
ddp2,train,945521113,3.019973
ddp2,train,946559006,3.006045
ddp2,train,947596900,3.055556
ddp2,train,948634794,3.043862
ddp2,train,949672687,3.008173
ddp2,train,950710581,3.074142
ddp2,train,951748475,3.035424
ddp2,train,952786368,3.048532
ddp2,train,953824262,3.050307
ddp2,train,954862156,3.070040
ddp2,train,955900049,3.076177
ddp2,train,956937943,3.070700
ddp2,train,957975837,3.037022
ddp2,train,959013730,3.008762
ddp2,train,960051624,3.016433
ddp2,train,961089518,3.028463
ddp2,train,962127411,3.045168
ddp2,train,963165305,3.007369
ddp2,train,964203198,3.031791
ddp2,train,965241092,3.044229
ddp2,train,966278986,3.039923
ddp2,train,967316879,2.983676
ddp2,train,968354773,2.998209
ddp2,train,969392667,3.048777
ddp2,train,970430560,3.031510
ddp2,train,971468454,3.026329
ddp2,train,972506348,2.998015
ddp2,train,973544241,3.029017
ddp2,train,974582135,3.098241
ddp2,train,975620029,3.037916
ddp2,train,976657922,3.063848
ddp2,train,977695816,3.061725
ddp2,train,978733710,3.003751
ddp2,train,979771603,3.044751
ddp2,train,980809497,3.037532
ddp2,train,981847391,3.074074
ddp2,train,982885284,3.026347
ddp2,train,983923178,3.005465
ddp2,train,984961071,2.996396
ddp2,train,985998965,3.051757
ddp2,train,987036859,3.004858
ddp2,train,988074752,3.019902
ddp2,train,989112646,2.995423
ddp2,train,990150540,3.034871
ddp2,train,991188433,3.029815
ddp2,train,992226327,3.022864
ddp2,train,993264221,2.991590
ddp2,train,994302114,2.986912
ddp2,train,995340008,3.021968
ddp2,train,996377902,2.996470
ddp2,train,997415795,2.957656
ddp2,train,998453689,3.001044
ddp2,train,999491583,3.054037
ddp2,train,1000529476,3.034747
ddp2,train,1001567370,2.974493
ddp2,train,1002605263,2.991967
ddp2,train,1003643157,3.003451
ddp2,train,1004681051,3.016358
ddp2,train,1005718944,3.035170
ddp2,train,1006756838,3.036328
ddp2,train,1007794732,3.006347
ddp2,train,1008832625,3.025407
ddp2,train,1009870519,3.019462
ddp2,train,1010908413,3.012164
ddp2,train,1011946306,3.031834
ddp2,train,1012984200,2.978777
ddp2,train,1014022094,3.001356
ddp2,train,1015059987,3.025090
ddp2,train,1016097881,2.993946
ddp2,train,1017135775,2.986857
ddp2,train,1018173668,2.982346
ddp2,train,1019211562,2.993090
ddp2,train,1020249455,3.020123
ddp2,train,1021287349,2.987742
ddp2,train,1022325243,2.921155
ddp2,train,1023363136,2.972246
ddp2,train,1024401030,2.954810
ddp2,train,1025438924,2.996188
ddp2,train,1026476817,3.021591
ddp2,train,1027514711,3.018206
ddp2,train,1028552605,2.983511
ddp2,train,1029590498,2.970191
ddp2,train,1030628392,3.010064
ddp2,train,1031666286,3.013272
ddp2,train,1032704179,3.051523
ddp2,train,1033742073,3.038894
ddp2,train,1034779967,3.001436
ddp2,train,1035817860,3.051722
ddp2,train,1036855754,3.009978
ddp2,train,1037893647,3.020222
ddp2,train,1038931541,3.028030
ddp2,train,1039969435,3.008315
ddp2,train,1041007328,3.021168
ddp2,eval,10378936,6.957269
ddp2,eval,20757873,6.070134
ddp2,eval,31136809,5.411055
ddp2,eval,41515746,5.051178
ddp2,eval,51894682,4.786707
ddp2,eval,62273619,4.580999
ddp2,eval,72652555,4.413114
ddp2,eval,83031492,4.294482
ddp2,eval,93410428,4.213444
ddp2,eval,103789365,4.096541
ddp2,eval,114168301,4.037608
ddp2,eval,124547238,3.963957
ddp2,eval,134926174,3.878412
ddp2,eval,145305111,3.784797
ddp2,eval,155684047,3.706137
ddp2,eval,166062984,3.639721
ddp2,eval,176441920,3.591673
ddp2,eval,186820857,3.558575
ddp2,eval,197199793,3.517746
ddp2,eval,207578729,3.484873
ddp2,eval,217957666,3.461505
ddp2,eval,228336602,3.436696
ddp2,eval,238715539,3.417093
ddp2,eval,249094475,3.397168
ddp2,eval,259473412,3.379011
ddp2,eval,269852348,3.368451
ddp2,eval,280231285,3.347863
ddp2,eval,290610221,3.330826
ddp2,eval,300989158,3.315424
ddp2,eval,311368094,3.308087
ddp2,eval,321747031,3.294095
ddp2,eval,332125967,3.280683
ddp2,eval,342504904,3.275941
ddp2,eval,352883840,3.260213
ddp2,eval,363262777,3.258943
ddp2,eval,373641713,3.244643
ddp2,eval,384020650,3.239623
ddp2,eval,394399586,3.226197
ddp2,eval,404778523,3.216668
ddp2,eval,415157459,3.214782
ddp2,eval,425536395,3.207399
ddp2,eval,435915332,3.194682
ddp2,eval,446294268,3.187766
ddp2,eval,456673205,3.181564
ddp2,eval,467052141,3.178012
ddp2,eval,477431078,3.174814
ddp2,eval,487810014,3.168240
ddp2,eval,498188951,3.157587
ddp2,eval,508567887,3.160699
ddp2,eval,518946824,3.147602
ddp2,eval,529325760,3.144053
ddp2,eval,539704697,3.137314
ddp2,eval,550083633,3.135941
ddp2,eval,560462570,3.133809
ddp2,eval,570841506,3.126149
ddp2,eval,581220443,3.119721
ddp2,eval,591599379,3.112697
ddp2,eval,601978316,3.114305
ddp2,eval,612357252,3.112092
ddp2,eval,622736188,3.105407
ddp2,eval,633115125,3.105105
ddp2,eval,643494061,3.099056
ddp2,eval,653872998,3.096962
ddp2,eval,664251934,3.092656
ddp2,eval,674630871,3.092439
ddp2,eval,685009807,3.091260
ddp2,eval,695388744,3.083044
ddp2,eval,705767680,3.084010
ddp2,eval,716146617,3.075161
ddp2,eval,726525553,3.069532
ddp2,eval,736904490,3.069808
ddp2,eval,747283426,3.060813
ddp2,eval,757662363,3.061712
ddp2,eval,768041299,3.056930
ddp2,eval,778420236,3.059868
ddp2,eval,788799172,3.053085
ddp2,eval,799178109,3.050785
ddp2,eval,809557045,3.046113
ddp2,eval,819935982,3.043448
ddp2,eval,830314918,3.054914
ddp2,eval,840693854,3.040156
ddp2,eval,851072791,3.036532
ddp2,eval,861451727,3.036388
ddp2,eval,871830664,3.033678
ddp2,eval,882209600,3.028008
ddp2,eval,892588537,3.031386
ddp2,eval,902967473,3.026115
ddp2,eval,913346410,3.027542
ddp2,eval,923725346,3.041546
ddp2,eval,934104283,3.022282
ddp2,eval,944483219,3.020737
ddp2,eval,954862156,3.019594
ddp2,eval,965241092,3.016639
ddp2,eval,975620029,3.017146
ddp2,eval,985998965,3.012270
ddp2,eval,996377902,3.013695
ddp2,eval,1006756838,3.012840
ddp2,eval,1017135775,3.010444
ddp2,eval,1027514711,3.010846
ddp2,eval,1037893647,3.005160
1gpu,train,1037829,9.452538
1gpu,train,2075658,9.399267
1gpu,train,3113487,9.179333
1gpu,train,4151316,8.253514
1gpu,train,5189145,7.700101
1gpu,train,6226974,7.418033
1gpu,train,7264803,7.234221
1gpu,train,8302632,7.102951
1gpu,train,9340461,6.966537
1gpu,train,10378290,6.895312
1gpu,train,11416119,6.824329
1gpu,train,12453948,6.738609
1gpu,train,13491777,6.656001
1gpu,train,14529606,6.521898
1gpu,train,15567435,6.394445
1gpu,train,16605264,6.277740
1gpu,train,17643094,6.174768
1gpu,train,18680923,6.078157
1gpu,train,19718752,5.979746
1gpu,train,20756581,5.896561
1gpu,train,21794410,5.833180
1gpu,train,22832239,5.707603
1gpu,train,23870068,5.660007
1gpu,train,24907897,5.587765
1gpu,train,25945726,5.553524
1gpu,train,26983555,5.463159
1gpu,train,28021384,5.450589
1gpu,train,29059213,5.335706
1gpu,train,30097042,5.359864
1gpu,train,31134871,5.281350
1gpu,train,32172700,5.213797
1gpu,train,33210529,5.179452
1gpu,train,34248358,5.179147
1gpu,train,35286187,5.159449
1gpu,train,36324016,5.088371
1gpu,train,37361845,5.104425
1gpu,train,38399674,5.074740
1gpu,train,39437503,4.988387
1gpu,train,40475332,4.969695
1gpu,train,41513161,4.969801
1gpu,train,42550990,4.901665
1gpu,train,43588819,4.876137
1gpu,train,44626648,4.884964
1gpu,train,45664477,4.850278
1gpu,train,46702306,4.800600
1gpu,train,47740135,4.764075
1gpu,train,48777964,4.778667
1gpu,train,49815793,4.719088
1gpu,train,50853622,4.722241
1gpu,train,51891451,4.700812
1gpu,train,52929281,4.654056
1gpu,train,53967110,4.629172
1gpu,train,55004939,4.606254
1gpu,train,56042768,4.586313
1gpu,train,57080597,4.574185
1gpu,train,58118426,4.570963
1gpu,train,59156255,4.563643
1gpu,train,60194084,4.510536
1gpu,train,61231913,4.501992
1gpu,train,62269742,4.463531
1gpu,train,63307571,4.432745
1gpu,train,64345400,4.486051
1gpu,train,65383229,4.384717
1gpu,train,66421058,4.416892
1gpu,train,67458887,4.378113
1gpu,train,68496716,4.387363
1gpu,train,69534545,4.349556
1gpu,train,70572374,4.349447
1gpu,train,71610203,4.345881
1gpu,train,72648032,4.298524
1gpu,train,73685861,4.303158
1gpu,train,74723690,4.316783
1gpu,train,75761519,4.281551
1gpu,train,76799348,4.251845
1gpu,train,77837177,4.258686
1gpu,train,78875006,4.230724
1gpu,train,79912835,4.215939
1gpu,train,80950664,4.191811
1gpu,train,81988493,4.226681
1gpu,train,83026322,4.236918
1gpu,train,84064151,4.183314
1gpu,train,85101980,4.171796
1gpu,train,86139809,4.160548
1gpu,train,87177638,4.146015
1gpu,train,88215468,4.149786
1gpu,train,89253297,4.142796
1gpu,train,90291126,4.114165
1gpu,train,91328955,4.107700
1gpu,train,92366784,4.123467
1gpu,train,93404613,4.163869
1gpu,train,94442442,4.113261
1gpu,train,95480271,4.081437
1gpu,train,96518100,4.079058
1gpu,train,97555929,4.080678
1gpu,train,98593758,4.045373
1gpu,train,99631587,4.076870
1gpu,train,100669416,4.053792
1gpu,train,101707245,4.077313
1gpu,train,102745074,4.060230
1gpu,train,103782903,4.008240
1gpu,train,104820732,4.006918
1gpu,train,105858561,4.004132
1gpu,train,106896390,4.037820
1gpu,train,107934219,4.002608
1gpu,train,108972048,4.000648
1gpu,train,110009877,3.986578
1gpu,train,111047706,3.972899
1gpu,train,112085535,3.946290
1gpu,train,113123364,3.966042
1gpu,train,114161193,3.954400
1gpu,train,115199022,3.963672
1gpu,train,116236851,3.922363
1gpu,train,117274680,3.958900
1gpu,train,118312509,3.915697
1gpu,train,119350338,3.910724
1gpu,train,120388167,3.900494
1gpu,train,121425996,3.892186
1gpu,train,122463825,3.926493
1gpu,train,123501655,3.865960
1gpu,train,124539484,3.864892
1gpu,train,125577313,3.852909
1gpu,train,126615142,3.866854
1gpu,train,127652971,3.853305
1gpu,train,128690800,3.845636
1gpu,train,129728629,3.803402
1gpu,train,130766458,3.843735
1gpu,train,131804287,3.803584
1gpu,train,132842116,3.811700
1gpu,train,133879945,3.848897
1gpu,train,134917774,3.784217
1gpu,train,135955603,3.808525
1gpu,train,136993432,3.806021
1gpu,train,138031261,3.781508
1gpu,train,139069090,3.838512
1gpu,train,140106919,3.740612
1gpu,train,141144748,3.777766
1gpu,train,142182577,3.752317
1gpu,train,143220406,3.735382
1gpu,train,144258235,3.722325
1gpu,train,145296064,3.747801
1gpu,train,146333893,3.693265
1gpu,train,147371722,3.712910
1gpu,train,148409551,3.679477
1gpu,train,149447380,3.706349
1gpu,train,150485209,3.656144
1gpu,train,151523038,3.712632
1gpu,train,152560867,3.695633
1gpu,train,153598696,3.713058
1gpu,train,154636525,3.638111
1gpu,train,155674354,3.682521
1gpu,train,156712183,3.657799
1gpu,train,157750012,3.627311
1gpu,train,158787842,3.711748
1gpu,train,159825671,3.608356
1gpu,train,160863500,3.607405
1gpu,train,161901329,3.616383
1gpu,train,162939158,3.625777
1gpu,train,163976987,3.614152
1gpu,train,165014816,3.588346
1gpu,train,166052645,3.632222
1gpu,train,167090474,3.601214
1gpu,train,168128303,3.566843
1gpu,train,169166132,3.622411
1gpu,train,170203961,3.554598
1gpu,train,171241790,3.598965
1gpu,train,172279619,3.566906
1gpu,train,173317448,3.573898
1gpu,train,174355277,3.600744
1gpu,train,175393106,3.582572
1gpu,train,176430935,3.554174
1gpu,train,177468764,3.528640
1gpu,train,178506593,3.532661
1gpu,train,179544422,3.593091
1gpu,train,180582251,3.516603
1gpu,train,181620080,3.548035
1gpu,train,182657909,3.549261
1gpu,train,183695738,3.510772
1gpu,train,184733567,3.522788
1gpu,train,185771396,3.518801
1gpu,train,186809225,3.507428
1gpu,train,187847054,3.527219
1gpu,train,188884883,3.521552
1gpu,train,189922712,3.493118
1gpu,train,190960541,3.489631
1gpu,train,191998370,3.485507
1gpu,train,193036199,3.511291
1gpu,train,194074029,3.548641
1gpu,train,195111858,3.484591
1gpu,train,196149687,3.465705
1gpu,train,197187516,3.446017
1gpu,train,198225345,3.489009
1gpu,train,199263174,3.488718
1gpu,train,200301003,3.496696
1gpu,train,201338832,3.478281
1gpu,train,202376661,3.508144
1gpu,train,203414490,3.499663
1gpu,train,204452319,3.515968
1gpu,train,205490148,3.510766
1gpu,train,206527977,3.440363
1gpu,train,207565806,3.460690
1gpu,train,208603635,3.482243
1gpu,train,209641464,3.460828
1gpu,train,210679293,3.548590
1gpu,train,211717122,3.453667
1gpu,train,212754951,3.399556
1gpu,train,213792780,3.429715
1gpu,train,214830609,3.454657
1gpu,train,215868438,3.465283
1gpu,train,216906267,3.415420
1gpu,train,217944096,3.411026
1gpu,train,218981925,3.412026
1gpu,train,220019754,3.427887
1gpu,train,221057583,3.440524
1gpu,train,222095412,3.469285
1gpu,train,223133241,3.431362
1gpu,train,224171070,3.441318
1gpu,train,225208899,3.422458
1gpu,train,226246728,3.469646
1gpu,train,227284557,3.498585
1gpu,train,228322386,3.429235
1gpu,train,229360216,3.405319
1gpu,train,230398045,3.393312
1gpu,train,231435874,3.382287
1gpu,train,232473703,3.366699
1gpu,train,233511532,3.368211
1gpu,train,234549361,3.373238
1gpu,train,235587190,3.395305
1gpu,train,236625019,3.435067
1gpu,train,237662848,3.383032
1gpu,train,238700677,3.386837
1gpu,train,239738506,3.384357
1gpu,train,240776335,3.413834
1gpu,train,241814164,3.402414
1gpu,train,242851993,3.367927
1gpu,train,243889822,3.355322
1gpu,train,244927651,3.372293
1gpu,train,245965480,3.386302
1gpu,train,247003309,3.350580
1gpu,train,248041138,3.347269
1gpu,train,249078967,3.394819
1gpu,train,250116796,3.432700
1gpu,train,251154625,3.363149
1gpu,train,252192454,3.389074
1gpu,train,253230283,3.328766
1gpu,train,254268112,3.376393
1gpu,train,255305941,3.382400
1gpu,train,256343770,3.323834
1gpu,train,257381599,3.356795
1gpu,train,258419428,3.339865
1gpu,train,259457257,3.324782
1gpu,train,260495086,3.337185
1gpu,train,261532915,3.314405
1gpu,train,262570744,3.351914
1gpu,train,263608573,3.369142
1gpu,train,264646403,3.321729
1gpu,train,265684232,3.352247
1gpu,train,266722061,3.315911
1gpu,train,267759890,3.311512
1gpu,train,268797719,3.336980
1gpu,train,269835548,3.341001
1gpu,train,270873377,3.342499
1gpu,train,271911206,3.348255
1gpu,train,272949035,3.341908
1gpu,train,273986864,3.306319
1gpu,train,275024693,3.299057
1gpu,train,276062522,3.314003
1gpu,train,277100351,3.332364
1gpu,train,278138180,3.311247
1gpu,train,279176009,3.331303
1gpu,train,280213838,3.358595
1gpu,train,281251667,3.311553
1gpu,train,282289496,3.328549
1gpu,train,283327325,3.314659
1gpu,train,284365154,3.360748
1gpu,train,285402983,3.317317
1gpu,train,286440812,3.304250
1gpu,train,287478641,3.271525
1gpu,train,288516470,3.289943
1gpu,train,289554299,3.294840
1gpu,train,290592128,3.282256
1gpu,train,291629957,3.267226
1gpu,train,292667786,3.372952
1gpu,train,293705615,3.318044
1gpu,train,294743444,3.289856
1gpu,train,295781273,3.330045
1gpu,train,296819102,3.290277
1gpu,train,297856931,3.259637
1gpu,train,298894760,3.260558
1gpu,train,299932590,3.292138
1gpu,train,300970419,3.256815
1gpu,train,302008248,3.298297
1gpu,train,303046077,3.243896
1gpu,train,304083906,3.220208
1gpu,train,305121735,3.281809
1gpu,train,306159564,3.297849
1gpu,train,307197393,3.297592
1gpu,train,308235222,3.244545
1gpu,train,309273051,3.252110
1gpu,train,310310880,3.287573
1gpu,train,311348709,3.283105
1gpu,train,312386538,3.246006
1gpu,train,313424367,3.289013
1gpu,train,314462196,3.254099
1gpu,train,315500025,3.270658
1gpu,train,316537854,3.262565
1gpu,train,317575683,3.169560
1gpu,train,318613512,3.282139
1gpu,train,319651341,3.248319
1gpu,train,320689170,3.258265
1gpu,train,321726999,3.283005
1gpu,train,322764828,3.275932
1gpu,train,323802657,3.241074
1gpu,train,324840486,3.263901
1gpu,train,325878315,3.233076
1gpu,train,326916144,3.309380
1gpu,train,327953973,3.247968
1gpu,train,328991802,3.252144
1gpu,train,330029631,3.271765
1gpu,train,331067460,3.303870
1gpu,train,332105289,3.270235
1gpu,train,333143118,3.328079
1gpu,train,334180948,3.220408
1gpu,train,335218777,3.291508
1gpu,train,336256606,3.246305
1gpu,train,337294435,3.209646
1gpu,train,338332264,3.276237
1gpu,train,339370093,3.253799
1gpu,train,340407922,3.268679
1gpu,train,341445751,3.266601
1gpu,train,342483580,3.268764
1gpu,train,343521409,3.227805
1gpu,train,344559238,3.263287
1gpu,train,345597067,3.214857
1gpu,train,346634896,3.217103
1gpu,train,347672725,3.227405
1gpu,train,348710554,3.238559
1gpu,train,349748383,3.233334
1gpu,train,350786212,3.202399
1gpu,train,351824041,3.254379
1gpu,train,352861870,3.207606
1gpu,train,353899699,3.236096
1gpu,train,354937528,3.196838
1gpu,train,355975357,3.253651
1gpu,train,357013186,3.194864
1gpu,train,358051015,3.205200
1gpu,train,359088844,3.272242
1gpu,train,360126673,3.213256
1gpu,train,361164502,3.266883
1gpu,train,362202331,3.204584
1gpu,train,363240160,3.208061
1gpu,train,364277989,3.209092
1gpu,train,365315818,3.234463
1gpu,train,366353647,3.206212
1gpu,train,367391476,3.201291
1gpu,train,368429305,3.178321
1gpu,train,369467135,3.234281
1gpu,train,370504964,3.212150
1gpu,train,371542793,3.205447
1gpu,train,372580622,3.214472
1gpu,train,373618451,3.161757
1gpu,train,374656280,3.252553
1gpu,train,375694109,3.190862
1gpu,train,376731938,3.185040
1gpu,train,377769767,3.227378
1gpu,train,378807596,3.251971
1gpu,train,379845425,3.373045
1gpu,train,380883254,3.196568
1gpu,train,381921083,3.243114
1gpu,train,382958912,3.201954
1gpu,train,383996741,3.223564
1gpu,train,385034570,3.237266
1gpu,train,386072399,3.230130
1gpu,train,387110228,3.183730
1gpu,train,388148057,3.201913
1gpu,train,389185886,3.188155
1gpu,train,390223715,3.181157
1gpu,train,391261544,3.152213
1gpu,train,392299373,3.169970
1gpu,train,393337202,3.212947
1gpu,train,394375031,3.162608
1gpu,train,395412860,3.166782
1gpu,train,396450689,3.178594
1gpu,train,397488518,3.202008
1gpu,train,398526347,3.182085
1gpu,train,399564176,3.190940
1gpu,train,400602005,3.183588
1gpu,train,401639834,3.197728
1gpu,train,402677663,3.214007
1gpu,train,403715492,3.214879
1gpu,train,404753322,3.146541
1gpu,train,405791151,3.200835
1gpu,train,406828980,3.202618
1gpu,train,407866809,3.198612
1gpu,train,408904638,3.160882
1gpu,train,409942467,3.186244
1gpu,train,410980296,3.189922
1gpu,train,412018125,3.158157
1gpu,train,413055954,3.212010
1gpu,train,414093783,3.198153
1gpu,train,415131612,3.204078
1gpu,train,416169441,3.161721
1gpu,train,417207270,3.204807
1gpu,train,418245099,3.195216
1gpu,train,419282928,3.196501
1gpu,train,420320757,3.208111
1gpu,train,421358586,3.153821
1gpu,train,422396415,3.170238
1gpu,train,423434244,3.172147
1gpu,train,424472073,3.234362
1gpu,train,425509902,3.235497
1gpu,train,426547731,3.211523
1gpu,train,427585560,3.191295
1gpu,train,428623389,3.190151
1gpu,train,429661218,3.150788
1gpu,train,430699047,3.150004
1gpu,train,431736876,3.153389
1gpu,train,432774705,3.167935
1gpu,train,433812534,3.190122
1gpu,train,434850363,3.173744
1gpu,train,435888192,3.163769
1gpu,train,436926021,3.168653
1gpu,train,437963850,3.161419
1gpu,train,439001679,3.154004
1gpu,train,440039509,3.149264
1gpu,train,441077338,3.199771
1gpu,train,442115167,3.135722
1gpu,train,443152996,3.185916
1gpu,train,444190825,3.151237
1gpu,train,445228654,3.174041
1gpu,train,446266483,3.141523
1gpu,train,447304312,3.144833
1gpu,train,448342141,3.159690
1gpu,train,449379970,3.129298
1gpu,train,450417799,3.151057
1gpu,train,451455628,3.127910
1gpu,train,452493457,3.170472
1gpu,train,453531286,3.178452
1gpu,train,454569115,3.116418
1gpu,train,455606944,3.164206
1gpu,train,456644773,3.154724
1gpu,train,457682602,3.137883
1gpu,train,458720431,3.172391
1gpu,train,459758260,3.145524
1gpu,train,460796089,3.163931
1gpu,train,461833918,3.132491
1gpu,train,462871747,3.145396
1gpu,train,463909576,3.197121
1gpu,train,464947405,3.157426
1gpu,train,465985234,3.168600
1gpu,train,467023063,3.124498
1gpu,train,468060892,3.119185
1gpu,train,469098721,3.116558
1gpu,train,470136550,3.139696
1gpu,train,471174379,3.093369
1gpu,train,472212208,3.167660
1gpu,train,473250037,3.157145
1gpu,train,474287866,3.143431
1gpu,train,475325696,3.105833
1gpu,train,476363525,3.133694
1gpu,train,477401354,3.185612
1gpu,train,478439183,3.158333
1gpu,train,479477012,3.121373
1gpu,train,480514841,3.153049
1gpu,train,481552670,3.132524
1gpu,train,482590499,3.121037
1gpu,train,483628328,3.117566
1gpu,train,484666157,3.152409
1gpu,train,485703986,3.138432
1gpu,train,486741815,3.139926
1gpu,train,487779644,3.177267
1gpu,train,488817473,3.165445
1gpu,train,489855302,3.118239
1gpu,train,490893131,3.178680
1gpu,train,491930960,3.093701
1gpu,train,492968789,3.108823
1gpu,train,494006618,3.065348
1gpu,train,495044447,3.123351
1gpu,train,496082276,3.156504
1gpu,train,497120105,3.120108
1gpu,train,498157934,3.125371
1gpu,train,499195763,3.149757
1gpu,train,500233592,3.159339
1gpu,train,501271421,3.149260
1gpu,train,502309250,3.105548
1gpu,train,503347079,3.097899
1gpu,train,504384908,3.119332
1gpu,train,505422737,3.122255
1gpu,train,506460566,3.156772
1gpu,train,507498395,3.106659
1gpu,train,508536224,3.105519
1gpu,train,509574053,3.129019
1gpu,train,510611883,3.141935
1gpu,train,511649712,3.126694
1gpu,train,512687541,3.163595
1gpu,train,513725370,3.100773
1gpu,train,514763199,3.105669
1gpu,train,515801028,3.162009
1gpu,train,516838857,3.140430
1gpu,train,517876686,3.160688
1gpu,train,518914515,3.162858
1gpu,train,519952344,3.182155
1gpu,train,520990173,3.120950
1gpu,train,522028002,3.106627
1gpu,train,523065831,3.136360
1gpu,train,524103660,3.092558
1gpu,train,525141489,3.132854
1gpu,train,526179318,3.126472
1gpu,train,527217147,3.159641
1gpu,train,528254976,3.151145
1gpu,train,529292805,3.118001
1gpu,train,530330634,3.123832
1gpu,train,531368463,3.172754
1gpu,train,532406292,3.100364
1gpu,train,533444121,3.149375
1gpu,train,534481950,3.131694
1gpu,train,535519779,3.118836
1gpu,train,536557608,3.076401
1gpu,train,537595437,3.150634
1gpu,train,538633266,3.124100
1gpu,train,539671095,3.124050
1gpu,train,540708924,3.156968
1gpu,train,541746753,3.145163
1gpu,train,542784582,3.092063
1gpu,train,543822411,3.072063
1gpu,train,544860240,3.118025
1gpu,train,545898070,3.092065
1gpu,train,546935899,3.121121
1gpu,train,547973728,3.147533
1gpu,train,549011557,3.070428
1gpu,train,550049386,3.126579
1gpu,train,551087215,3.162501
1gpu,train,552125044,3.102409
1gpu,train,553162873,3.120908
1gpu,train,554200702,3.109015
1gpu,train,555238531,3.074388
1gpu,train,556276360,3.084686
1gpu,train,557314189,3.078336
1gpu,train,558352018,3.087854
1gpu,train,559389847,3.099288
1gpu,train,560427676,3.083231
1gpu,train,561465505,3.155032
1gpu,train,562503334,3.135977
1gpu,train,563541163,3.091182
1gpu,train,564578992,3.105064
1gpu,train,565616821,3.078001
1gpu,train,566654650,3.099216
1gpu,train,567692479,3.088094
1gpu,train,568730308,3.118723
1gpu,train,569768137,3.078610
1gpu,train,570805966,3.066596
1gpu,train,571843795,3.093671
1gpu,train,572881624,3.052669
1gpu,train,573919453,3.073712
1gpu,train,574957282,3.060060
1gpu,train,575995111,3.127119
1gpu,train,577032940,3.100867
1gpu,train,578070769,3.107741
1gpu,train,579108598,3.118873
1gpu,train,580146427,3.074424
1gpu,train,581184257,3.074716
1gpu,train,582222086,3.083346
1gpu,train,583259915,3.102244
1gpu,train,584297744,3.154586
1gpu,train,585335573,3.106269
1gpu,train,586373402,3.061255
1gpu,train,587411231,3.044015
1gpu,train,588449060,3.136803
1gpu,train,589486889,3.103711
1gpu,train,590524718,3.127352
1gpu,train,591562547,3.117266
1gpu,train,592600376,3.103116
1gpu,train,593638205,3.049003
1gpu,train,594676034,3.085465
1gpu,train,595713863,3.100092
1gpu,train,596751692,3.134432
1gpu,train,597789521,3.117173
1gpu,train,598827350,3.117273
1gpu,train,599865179,3.045316
1gpu,train,600903008,3.069835
1gpu,train,601940837,3.067032
1gpu,train,602978666,3.100944
1gpu,train,604016495,3.117492
1gpu,train,605054324,3.116201
1gpu,train,606092153,3.107641
1gpu,train,607129982,3.065844
1gpu,train,608167811,3.112934
1gpu,train,609205640,3.053489
1gpu,train,610243469,3.080660
1gpu,train,611281298,3.102745
1gpu,train,612319127,3.099184
1gpu,train,613356956,3.067757
1gpu,train,614394785,3.017231
1gpu,train,615432614,3.086302
1gpu,train,616470444,3.096284
1gpu,train,617508273,3.070273
1gpu,train,618546102,3.103706
1gpu,train,619583931,3.051761
1gpu,train,620621760,3.093553
1gpu,train,621659589,3.065633
1gpu,train,622697418,3.082799
1gpu,train,623735247,3.069089
1gpu,train,624773076,3.076712
1gpu,train,625810905,3.054146
1gpu,train,626848734,3.041285
1gpu,train,627886563,3.053455
1gpu,train,628924392,3.024881
1gpu,train,629962221,3.058033
1gpu,train,631000050,3.052143
1gpu,train,632037879,3.107060
1gpu,train,633075708,3.077882
1gpu,train,634113537,3.024139
1gpu,train,635151366,3.128589
1gpu,train,636189195,3.050965
1gpu,train,637227024,3.076783
1gpu,train,638264853,3.063202
1gpu,train,639302682,3.086134
1gpu,train,640340511,3.069271
1gpu,train,641378340,3.067893
1gpu,train,642416169,3.023844
1gpu,train,643453998,3.083817
1gpu,train,644491827,3.044048
1gpu,train,645529656,3.036492
1gpu,train,646567485,3.078695
1gpu,train,647605314,3.115045
1gpu,train,648643143,3.045158
1gpu,train,649680972,3.065486
1gpu,train,650718802,3.033208
1gpu,train,651756631,3.085206
1gpu,train,652794460,3.066810
1gpu,train,653832289,3.085678
1gpu,train,654870118,3.086843
1gpu,train,655907947,3.098971
1gpu,train,656945776,3.074195
1gpu,train,657983605,3.085393
1gpu,train,659021434,3.059050
1gpu,train,660059263,3.068476
1gpu,train,661097092,3.053787
1gpu,train,662134921,3.058161
1gpu,train,663172750,3.065882
1gpu,train,664210579,3.043041
1gpu,train,665248408,3.032030
1gpu,train,666286237,3.049788
1gpu,train,667324066,3.056312
1gpu,train,668361895,3.038922
1gpu,train,669399724,3.026297
1gpu,train,670437553,3.018358
1gpu,train,671475382,3.114750
1gpu,train,672513211,3.000902
1gpu,train,673551040,3.039576
1gpu,train,674588869,3.043161
1gpu,train,675626698,3.041843
1gpu,train,676664527,3.024667
1gpu,train,677702356,3.066349
1gpu,train,678740185,2.971795
1gpu,train,679778014,3.070782
1gpu,train,680815843,3.054517
1gpu,train,681853672,3.065052
1gpu,train,682891501,3.046212
1gpu,train,683929330,3.111329
1gpu,train,684967159,3.036397
1gpu,train,686004989,3.041001
1gpu,train,687042818,3.037358
1gpu,train,688080647,3.050554
1gpu,train,689118476,3.091138
1gpu,train,690156305,3.063405
1gpu,train,691194134,3.079905
1gpu,train,692231963,3.125018
1gpu,train,693269792,3.021250
1gpu,train,694307621,3.079460
1gpu,train,695345450,3.056099
1gpu,train,696383279,3.058331
1gpu,train,697421108,3.029087
1gpu,train,698458937,3.043891
1gpu,train,699496766,3.080248
1gpu,train,700534595,3.052041
1gpu,train,701572424,3.049580
1gpu,train,702610253,3.035775
1gpu,train,703648082,3.059188
1gpu,train,704685911,3.078107
1gpu,train,705723740,3.096374
1gpu,train,706761569,3.043434
1gpu,train,707799398,3.067806
1gpu,train,708837227,3.143413
1gpu,train,709875056,3.070554
1gpu,train,710912885,3.066620
1gpu,train,711950714,3.078650
1gpu,train,712988543,3.051090
1gpu,train,714026372,3.099561
1gpu,train,715064201,3.051267
1gpu,train,716102030,3.100493
1gpu,train,717139859,3.085772
1gpu,train,718177688,3.073208
1gpu,train,719215517,3.054159
1gpu,train,720253346,3.087444
1gpu,train,721291176,3.114248
1gpu,train,722329005,3.091059
1gpu,train,723366834,3.082842
1gpu,train,724404663,3.075457
1gpu,train,725442492,3.053399
1gpu,train,726480321,3.073011
1gpu,train,727518150,3.072133
1gpu,train,728555979,3.083941
1gpu,train,729593808,3.071753
1gpu,train,730631637,3.030894
1gpu,train,731669466,3.071959
1gpu,train,732707295,3.084205
1gpu,train,733745124,3.094432
1gpu,train,734782953,3.079736
1gpu,train,735820782,3.037396
1gpu,train,736858611,3.065614
1gpu,train,737896440,3.070584
1gpu,train,738934269,3.055395
1gpu,train,739972098,3.046281
1gpu,train,741009927,3.088732
1gpu,train,742047756,3.055683
1gpu,train,743085585,3.063863
1gpu,train,744123414,3.011465
1gpu,train,745161243,3.029614
1gpu,train,746199072,3.057878
1gpu,train,747236901,3.026605
1gpu,train,748274730,3.094144
1gpu,train,749312559,3.023617
1gpu,train,750350388,3.046767
1gpu,train,751388217,3.026716
1gpu,train,752426046,3.041883
1gpu,train,753463875,3.010979
1gpu,train,754501704,3.091980
1gpu,train,755539533,3.039267
1gpu,train,756577363,3.033817
1gpu,train,757615192,3.090132
1gpu,train,758653021,3.000879
1gpu,train,759690850,3.042870
1gpu,train,760728679,3.018990
1gpu,train,761766508,3.053686
1gpu,train,762804337,3.080156
1gpu,train,763842166,3.015356
1gpu,train,764879995,3.056200
1gpu,train,765917824,3.023649
1gpu,train,766955653,3.057019
1gpu,train,767993482,3.041860
1gpu,train,769031311,3.104638
1gpu,train,770069140,3.046082
1gpu,train,771106969,3.053337
1gpu,train,772144798,3.075593
1gpu,train,773182627,3.081763
1gpu,train,774220456,3.047989
1gpu,train,775258285,3.058698
1gpu,train,776296114,3.075878
1gpu,train,777333943,3.077022
1gpu,train,778371772,3.064090
1gpu,train,779409601,3.067457
1gpu,train,780447430,3.076814
1gpu,train,781485259,3.072628
1gpu,train,782523088,3.067058
1gpu,train,783560917,3.089137
1gpu,train,784598746,3.055195
1gpu,train,785636575,3.054927
1gpu,train,786674404,3.081496
1gpu,train,787712233,3.068112
1gpu,train,788750062,3.067346
1gpu,train,789787891,3.037066
1gpu,train,790825720,2.994697
1gpu,train,791863550,3.035096
1gpu,train,792901379,3.045170
1gpu,train,793939208,3.051270
1gpu,train,794977037,3.087110
1gpu,train,796014866,3.047328
1gpu,train,797052695,3.033242
1gpu,train,798090524,3.050160
1gpu,train,799128353,3.021158
1gpu,train,800166182,3.047679
1gpu,train,801204011,3.042119
1gpu,train,802241840,3.015857
1gpu,train,803279669,2.987746
1gpu,train,804317498,3.061732
1gpu,train,805355327,3.047066
1gpu,train,806393156,3.056838
1gpu,train,807430985,3.054898
1gpu,train,808468814,3.037770
1gpu,train,809506643,3.030342
1gpu,train,810544472,3.053070
1gpu,train,811582301,3.076130
1gpu,train,812620130,3.073420
1gpu,train,813657959,3.072029
1gpu,train,814695788,3.051316
1gpu,train,815733617,3.056424
1gpu,train,816771446,3.050596
1gpu,train,817809275,3.054605
1gpu,train,818847104,3.012581
1gpu,train,819884933,3.038389
1gpu,train,820922762,3.037334
1gpu,train,821960591,3.024347
1gpu,train,822998420,3.052178
1gpu,train,824036249,3.050310
1gpu,train,825074078,3.042622
1gpu,train,826111907,3.067663
1gpu,train,827149737,3.038159
1gpu,train,828187566,3.110873
1gpu,train,829225395,3.000796
1gpu,train,830263224,3.041367
1gpu,train,831301053,3.041513
1gpu,train,832338882,3.041040
1gpu,train,833376711,3.036710
1gpu,train,834414540,3.057546
1gpu,train,835452369,3.024177
1gpu,train,836490198,3.072940
1gpu,train,837528027,3.024243
1gpu,train,838565856,3.018442
1gpu,train,839603685,3.026299
1gpu,train,840641514,3.052479
1gpu,train,841679343,3.082142
1gpu,train,842717172,3.030656
1gpu,train,843755001,3.056769
1gpu,train,844792830,3.049266
1gpu,train,845830659,3.041365
1gpu,train,846868488,3.031007
1gpu,train,847906317,3.028870
1gpu,train,848944146,3.050300
1gpu,train,849981975,3.039759
1gpu,train,851019804,3.046505
1gpu,train,852057633,3.048598
1gpu,train,853095462,3.070996
1gpu,train,854133291,3.053280
1gpu,train,855171120,3.035218
1gpu,train,856208949,2.986140
1gpu,train,857246778,3.000799
1gpu,train,858284607,3.036420
1gpu,train,859322436,3.059903
1gpu,train,860360265,3.024212
1gpu,train,861398094,3.019452
1gpu,train,862435924,3.019997
1gpu,train,863473753,3.026025
1gpu,train,864511582,3.022964
1gpu,train,865549411,3.010234
1gpu,train,866587240,2.953095
1gpu,train,867625069,2.995313
1gpu,train,868662898,3.021194
1gpu,train,869700727,3.043737
1gpu,train,870738556,3.003929
1gpu,train,871776385,3.058775
1gpu,train,872814214,2.993634
1gpu,train,873852043,3.025200
1gpu,train,874889872,3.038787
1gpu,train,875927701,3.056982
1gpu,train,876965530,3.046022
1gpu,train,878003359,3.059924
1gpu,train,879041188,3.012693
1gpu,train,880079017,3.012888
1gpu,train,881116846,3.055036
1gpu,train,882154675,3.050064
1gpu,train,883192504,3.012632
1gpu,train,884230333,2.988799
1gpu,train,885268162,3.004801
1gpu,train,886305991,3.005739
1gpu,train,887343820,3.037349
1gpu,train,888381649,3.051592
1gpu,train,889419478,3.054788
1gpu,train,890457307,3.015852
1gpu,train,891495136,3.038178
1gpu,train,892532965,3.048563
1gpu,train,893570794,3.065461
1gpu,train,894608623,3.060104
1gpu,train,895646452,3.041522
1gpu,train,896684281,3.056553
1gpu,train,897722111,3.056739
1gpu,train,898759940,3.020017
1gpu,train,899797769,3.008473
1gpu,train,900835598,3.058754
1gpu,train,901873427,3.039071
1gpu,train,902911256,3.011132
1gpu,train,903949085,3.030271
1gpu,train,904986914,3.042520
1gpu,train,906024743,3.043679
1gpu,train,907062572,3.016184
1gpu,train,908100401,3.046808
1gpu,train,909138230,3.083804
1gpu,train,910176059,3.018567
1gpu,train,911213888,3.021716
1gpu,train,912251717,3.021744
1gpu,train,913289546,3.013954
1gpu,train,914327375,3.008330
1gpu,train,915365204,2.987626
1gpu,train,916403033,3.019034
1gpu,train,917440862,3.035859
1gpu,train,918478691,3.035800
1gpu,train,919516520,3.038830
1gpu,train,920554349,3.053953
1gpu,train,921592178,3.031796
1gpu,train,922630007,3.098351
1gpu,train,923667836,3.007917
1gpu,train,924705665,3.017514
1gpu,train,925743494,3.019543
1gpu,train,926781323,2.991969
1gpu,train,927819152,2.969414
1gpu,train,928856981,3.081338
1gpu,train,929894810,3.028627
1gpu,train,930932639,3.046567
1gpu,train,931970469,2.976896
1gpu,train,933008298,3.027179
1gpu,train,934046127,3.056615
1gpu,train,935083956,3.027443
1gpu,train,936121785,3.000711
1gpu,train,937159614,3.026246
1gpu,train,938197443,2.990828
1gpu,train,939235272,3.003120
1gpu,train,940273101,2.988363
1gpu,train,941310930,2.997739
1gpu,train,942348759,3.018119
1gpu,train,943386588,2.970903
1gpu,train,944424417,3.038601
1gpu,train,945462246,3.009304
1gpu,train,946500075,2.995350
1gpu,train,947537904,3.044766
1gpu,train,948575733,3.033981
1gpu,train,949613562,2.994698
1gpu,train,950651391,3.059495
1gpu,train,951689220,3.023105
1gpu,train,952727049,3.036039
1gpu,train,953764878,3.037930
1gpu,train,954802707,3.059400
1gpu,train,955840536,3.066875
1gpu,train,956878365,3.056736
1gpu,train,957916194,3.025338
1gpu,train,958954023,2.995933
1gpu,train,959991852,3.004046
1gpu,train,961029681,3.017201
1gpu,train,962067510,3.032717
1gpu,train,963105339,2.995485
1gpu,train,964143168,3.020473
1gpu,train,965180997,3.033439
1gpu,train,966218826,3.027056
1gpu,train,967256656,2.973003
1gpu,train,968294485,2.986372
1gpu,train,969332314,3.036813
1gpu,train,970370143,3.021694
1gpu,train,971407972,3.015879
1gpu,train,972445801,2.989000
1gpu,train,973483630,3.019471
1gpu,train,974521459,3.087845
1gpu,train,975559288,3.028705
1gpu,train,976597117,3.052269
1gpu,train,977634946,3.049056
1gpu,train,978672775,2.993331
1gpu,train,979710604,3.031325
1gpu,train,980748433,3.026289
1gpu,train,981786262,3.063396
1gpu,train,982824091,3.017689
1gpu,train,983861920,2.995067
1gpu,train,984899749,2.986550
1gpu,train,985937578,3.041910
1gpu,train,986975407,2.996567
1gpu,train,988013236,3.012139
1gpu,train,989051065,2.986875
1gpu,train,990088894,3.025401
1gpu,train,991126723,3.018004
1gpu,train,992164552,3.012558
1gpu,train,993202381,2.983168
1gpu,train,994240210,2.978083
1gpu,train,995278039,3.014410
1gpu,train,996315868,2.984692
1gpu,train,997353697,2.947677
1gpu,train,998391526,2.991469
1gpu,train,999429355,3.039567
1gpu,train,1000467184,3.022231
1gpu,train,1001505013,2.963960
1gpu,train,1002542843,2.984577
1gpu,train,1003580672,2.994860
1gpu,train,1004618501,3.005919
1gpu,train,1005656330,3.024226
1gpu,train,1006694159,3.026337
1gpu,train,1007731988,2.996143
1gpu,train,1008769817,3.016643
1gpu,train,1009807646,3.010099
1gpu,train,1010845475,3.003674
1gpu,train,1011883304,3.022329
1gpu,train,1012921133,2.971037
1gpu,train,1013958962,2.991637
1gpu,train,1014996791,3.014244
1gpu,train,1016034620,2.982122
1gpu,train,1017072449,2.976664
1gpu,train,1018110278,2.971945
1gpu,train,1019148107,2.982090
1gpu,train,1020185936,3.014129
1gpu,train,1021223765,2.979866
1gpu,train,1022261594,2.915673
1gpu,train,1023299423,2.963833
1gpu,train,1024337252,2.954883
1gpu,train,1025375081,2.990782
1gpu,train,1026412910,3.012370
1gpu,train,1027450739,3.007957
1gpu,train,1028488568,2.972766
1gpu,train,1029526397,2.960328
1gpu,train,1030564226,2.998236
1gpu,train,1031602055,3.002006
1gpu,train,1032639884,3.038609
1gpu,train,1033677713,3.028706
1gpu,train,1034715542,2.992588
1gpu,train,1035753371,3.042971
1gpu,train,1036791200,3.002551
1gpu,train,1037829030,3.011610
1gpu,train,1038866859,3.018068
1gpu,train,1039904688,3.000568
1gpu,train,1040942517,3.011949
1gpu,eval,10410722,6.841795
1gpu,eval,20821445,5.833626
1gpu,eval,31232167,5.265008
1gpu,eval,41642890,4.935721
1gpu,eval,52053612,4.690011
1gpu,eval,62464335,4.473675
1gpu,eval,72875057,4.319352
1gpu,eval,83285780,4.216135
1gpu,eval,93696502,4.123645
1gpu,eval,104107225,4.024448
1gpu,eval,114517947,3.961690
1gpu,eval,124928669,3.887915
1gpu,eval,135339392,3.816341
1gpu,eval,145750114,3.736542
1gpu,eval,156160837,3.672532
1gpu,eval,166571559,3.621791
1gpu,eval,176982282,3.573312
1gpu,eval,187393004,3.536129
1gpu,eval,197803727,3.500125
1gpu,eval,208214449,3.478746
1gpu,eval,218625171,3.451338
1gpu,eval,229035894,3.421629
1gpu,eval,239446616,3.399004
1gpu,eval,249857339,3.392775
1gpu,eval,260268061,3.365152
1gpu,eval,270678784,3.348972
1gpu,eval,281089506,3.338423
1gpu,eval,291500229,3.322556
1gpu,eval,301910951,3.297900
1gpu,eval,312321674,3.290263
1gpu,eval,322732396,3.288625
1gpu,eval,333143118,3.271295
1gpu,eval,343553841,3.260045
1gpu,eval,353964563,3.250065
1gpu,eval,364375286,3.241107
1gpu,eval,374786008,3.228498
1gpu,eval,385196731,3.225057
1gpu,eval,395607453,3.215051
1gpu,eval,406018176,3.205595
1gpu,eval,416428898,3.198355
1gpu,eval,426839621,3.192593
1gpu,eval,437250343,3.183095
1gpu,eval,447661065,3.174156
1gpu,eval,458071788,3.169223
1gpu,eval,468482510,3.166043
1gpu,eval,478893233,3.160705
1gpu,eval,489303955,3.154592
1gpu,eval,499714678,3.149188
1gpu,eval,510125400,3.143209
1gpu,eval,520536123,3.137948
1gpu,eval,530946845,3.135180
1gpu,eval,541357568,3.124897
1gpu,eval,551768290,3.123137
1gpu,eval,562179012,3.121343
1gpu,eval,572589735,3.110683
1gpu,eval,583000457,3.111243
1gpu,eval,593411180,3.102963
1gpu,eval,603821902,3.100988
1gpu,eval,614232625,3.101777
1gpu,eval,624643347,3.098479
1gpu,eval,635054070,3.093537
1gpu,eval,645464792,3.087770
1gpu,eval,655875514,3.088983
1gpu,eval,666286237,3.079511
1gpu,eval,676696959,3.076882
1gpu,eval,687107682,3.072614
1gpu,eval,697518404,3.074422
1gpu,eval,707929127,3.068832
1gpu,eval,718339849,3.063582
1gpu,eval,728750572,3.061776
1gpu,eval,739161294,3.056455
1gpu,eval,749572017,3.053067
1gpu,eval,759982739,3.050030
1gpu,eval,770393461,3.047671
1gpu,eval,780804184,3.050481
1gpu,eval,791214906,3.044815
1gpu,eval,801625629,3.040167
1gpu,eval,812036351,3.036801
1gpu,eval,822447074,3.036094
1gpu,eval,832857796,3.034879
1gpu,eval,843268519,3.031167
1gpu,eval,853679241,3.030496
1gpu,eval,864089964,3.027014
1gpu,eval,874500686,3.024645
1gpu,eval,884911408,3.021542
1gpu,eval,895322131,3.021232
1gpu,eval,905732853,3.023399
1gpu,eval,916143576,3.017561
1gpu,eval,926554298,3.022056
1gpu,eval,936965021,3.011992
1gpu,eval,947375743,3.011283
1gpu,eval,957786466,3.014039
1gpu,eval,968197188,3.012365
1gpu,eval,978607911,3.011066
1gpu,eval,989018633,3.002940
1gpu,eval,999429355,3.005549
1gpu,eval,1009840078,3.004421
1gpu,eval,1020250800,3.003306
1gpu,eval,1030661523,2.999271
1gpu,eval,1041072245,2.999118
pl_h100,train,1037894,9.454939
pl_h100,train,2075787,9.418324
pl_h100,train,3113681,9.320560
pl_h100,train,4151575,8.953564
pl_h100,train,5189468,8.136092
pl_h100,train,6227362,7.700862
pl_h100,train,7265256,7.441577
pl_h100,train,8303149,7.269966
pl_h100,train,9341043,7.100329
pl_h100,train,10378936,7.008665
pl_h100,train,11416830,6.943739
pl_h100,train,12454724,6.877204
pl_h100,train,13492617,6.809727
pl_h100,train,14530511,6.706848
pl_h100,train,15568405,6.619474
pl_h100,train,16606298,6.533457
pl_h100,train,17644192,6.455520
pl_h100,train,18682086,6.350738
pl_h100,train,19719979,6.237146
pl_h100,train,20757873,6.138157
pl_h100,train,21795767,6.065754
pl_h100,train,22833660,5.930979
pl_h100,train,23871554,5.872896
pl_h100,train,24909448,5.792421
pl_h100,train,25947341,5.739456
pl_h100,train,26985235,5.648191
pl_h100,train,28023128,5.625472
pl_h100,train,29061022,5.517111
pl_h100,train,30098916,5.522382
pl_h100,train,31136809,5.436981
pl_h100,train,32174703,5.370174
pl_h100,train,33212597,5.326120
pl_h100,train,34250490,5.313751
pl_h100,train,35288384,5.290128
pl_h100,train,36326278,5.221575
pl_h100,train,37364171,5.236625
pl_h100,train,38402065,5.197007
pl_h100,train,39439959,5.117624
pl_h100,train,40477852,5.094165
pl_h100,train,41515746,5.088029
pl_h100,train,42553640,5.017799
pl_h100,train,43591533,4.993947
pl_h100,train,44629427,4.998218
pl_h100,train,45667320,4.963467
pl_h100,train,46705214,4.914525
pl_h100,train,47743108,4.868502
pl_h100,train,48781001,4.887508
pl_h100,train,49818895,4.832474
pl_h100,train,50856789,4.828461
pl_h100,train,51894682,4.808672
pl_h100,train,52932576,4.785779
pl_h100,train,53970470,4.791965
pl_h100,train,55008363,4.773873
pl_h100,train,56046257,4.757555
pl_h100,train,57084151,4.748373
pl_h100,train,58122044,4.749061
pl_h100,train,59159938,4.705239
pl_h100,train,60197832,4.672980
pl_h100,train,61235725,4.675299
pl_h100,train,62273619,4.640580
pl_h100,train,63311512,4.615237
pl_h100,train,64349406,4.665977
pl_h100,train,65387300,4.548158
pl_h100,train,66425193,4.572787
pl_h100,train,67463087,4.546603
pl_h100,train,68500981,4.563449
pl_h100,train,69538874,4.528419
pl_h100,train,70576768,4.533057
pl_h100,train,71614662,4.524570
pl_h100,train,72652555,4.450912
pl_h100,train,73690449,4.472464
pl_h100,train,74728343,4.494458
pl_h100,train,75766236,4.464343
pl_h100,train,76804130,4.448365
pl_h100,train,77842024,4.451095
pl_h100,train,78879917,4.385348
pl_h100,train,79917811,4.383287
pl_h100,train,80955705,4.373247
pl_h100,train,81993598,4.403440
pl_h100,train,83031492,4.428239
pl_h100,train,84069385,4.362545
pl_h100,train,85107279,4.331697
pl_h100,train,86145173,4.321540
pl_h100,train,87183066,4.321854
pl_h100,train,88220960,4.331422
pl_h100,train,89258854,4.319929
pl_h100,train,90296747,4.300724
pl_h100,train,91334641,4.277734
pl_h100,train,92372535,4.288686
pl_h100,train,93410428,4.349730
pl_h100,train,94448322,4.301138
pl_h100,train,95486216,4.280623
pl_h100,train,96524109,4.269939
pl_h100,train,97562003,4.253890
pl_h100,train,98599897,4.202183
pl_h100,train,99637790,4.246439
pl_h100,train,100675684,4.229831
pl_h100,train,101713577,4.256174
pl_h100,train,102751471,4.240128
pl_h100,train,103789365,4.188925
pl_h100,train,104827258,4.161217
pl_h100,train,105865152,4.184268
pl_h100,train,106903046,4.216530
pl_h100,train,107940939,4.182364
pl_h100,train,108978833,4.184116
pl_h100,train,110016727,4.180171
pl_h100,train,111054620,4.134842
pl_h100,train,112092514,4.122756
pl_h100,train,113130408,4.160842
pl_h100,train,114168301,4.147294
pl_h100,train,115206195,4.159396
pl_h100,train,116244089,4.114433
pl_h100,train,117281982,4.148932
pl_h100,train,118319876,4.077833
pl_h100,train,119357769,4.089259
pl_h100,train,120395663,4.091794
pl_h100,train,121433557,4.087177
pl_h100,train,122471450,4.117722
pl_h100,train,123509344,4.058693
pl_h100,train,124547238,4.030982
pl_h100,train,125585131,4.036173
pl_h100,train,126623025,4.055630
pl_h100,train,127660919,4.052464
pl_h100,train,128698812,4.048079
pl_h100,train,129736706,4.017666
pl_h100,train,130774600,4.009311
pl_h100,train,131812493,4.000830
pl_h100,train,132850387,4.018503
pl_h100,train,133888281,4.053115
pl_h100,train,134926174,3.994624
pl_h100,train,135964068,4.026147
pl_h100,train,137001961,3.994523
pl_h100,train,138039855,3.971788
pl_h100,train,139077749,4.054745
pl_h100,train,140115642,3.962257
pl_h100,train,141153536,4.000099
pl_h100,train,142191430,3.979790
pl_h100,train,143229323,3.948908
pl_h100,train,144267217,3.942218
pl_h100,train,145305111,3.974036
pl_h100,train,146343004,3.929158
pl_h100,train,147380898,3.951183
pl_h100,train,148418792,3.925912
pl_h100,train,149456685,3.939085
pl_h100,train,150494579,3.865822
pl_h100,train,151532473,3.929473
pl_h100,train,152570366,3.925481
pl_h100,train,153608260,3.944599
pl_h100,train,154646153,3.870939
pl_h100,train,155684047,3.918231
pl_h100,train,156721941,3.861469
pl_h100,train,157759834,3.841975
pl_h100,train,158797728,3.932442
pl_h100,train,159835622,3.837069
pl_h100,train,160873515,3.828254
pl_h100,train,161911409,3.843183
pl_h100,train,162949303,3.815402
pl_h100,train,163987196,3.814111
pl_h100,train,165025090,3.793699
pl_h100,train,166062984,3.843034
pl_h100,train,167100877,3.811809
pl_h100,train,168138771,3.771859
pl_h100,train,169176665,3.806347
pl_h100,train,170214558,3.737382
pl_h100,train,171252452,3.787763
pl_h100,train,172290345,3.762899
pl_h100,train,173328239,3.778751
pl_h100,train,174366133,3.802722
pl_h100,train,175404026,3.773125
pl_h100,train,176441920,3.713440
pl_h100,train,177479814,3.704532
pl_h100,train,178517707,3.712729
pl_h100,train,179555601,3.773126
pl_h100,train,180593495,3.698516
pl_h100,train,181631388,3.731915
pl_h100,train,182669282,3.695791
pl_h100,train,183707176,3.673992
pl_h100,train,184745069,3.690065
pl_h100,train,185782963,3.690760
pl_h100,train,186820857,3.682371
pl_h100,train,187858750,3.700450
pl_h100,train,188896644,3.667500
pl_h100,train,189934537,3.641558
pl_h100,train,190972431,3.646837
pl_h100,train,192010325,3.648636
pl_h100,train,193048218,3.672475
pl_h100,train,194086112,3.714133
pl_h100,train,195124006,3.631424
pl_h100,train,196161899,3.604336
pl_h100,train,197199793,3.596645
pl_h100,train,198237687,3.640142
pl_h100,train,199275580,3.647781
pl_h100,train,200313474,3.653446
pl_h100,train,201351368,3.633815
pl_h100,train,202389261,3.634788
pl_h100,train,203427155,3.641996
pl_h100,train,204465049,3.666320
pl_h100,train,205502942,3.663898
pl_h100,train,206540836,3.598092
pl_h100,train,207578729,3.616946
pl_h100,train,208616623,3.607872
pl_h100,train,209654517,3.594606
pl_h100,train,210692410,3.692310
pl_h100,train,211730304,3.603739
pl_h100,train,212768198,3.553406
pl_h100,train,213806091,3.583238
pl_h100,train,214843985,3.582201
pl_h100,train,215881879,3.591756
pl_h100,train,216919772,3.553383
pl_h100,train,217957666,3.552041
pl_h100,train,218995560,3.555974
pl_h100,train,220033453,3.574419
pl_h100,train,221071347,3.570497
pl_h100,train,222109241,3.588819
pl_h100,train,223147134,3.564144
pl_h100,train,224185028,3.578276
pl_h100,train,225222922,3.568449
pl_h100,train,226260815,3.608231
pl_h100,train,227298709,3.633139
pl_h100,train,228336602,3.544271
pl_h100,train,229374496,3.529882
pl_h100,train,230412390,3.529285
pl_h100,train,231450283,3.519028
pl_h100,train,232488177,3.507698
pl_h100,train,233526071,3.510026
pl_h100,train,234563964,3.480608
pl_h100,train,235601858,3.518331
pl_h100,train,236639752,3.562074
pl_h100,train,237677645,3.518753
pl_h100,train,238715539,3.522232
pl_h100,train,239753433,3.520386
pl_h100,train,240791326,3.524924
pl_h100,train,241829220,3.516607
pl_h100,train,242867114,3.493454
pl_h100,train,243905007,3.485388
pl_h100,train,244942901,3.502961
pl_h100,train,245980794,3.519606
pl_h100,train,247018688,3.473986
pl_h100,train,248056582,3.461886
pl_h100,train,249094475,3.518665
pl_h100,train,250132369,3.565434
pl_h100,train,251170263,3.493650
pl_h100,train,252208156,3.522650
pl_h100,train,253246050,3.456588
pl_h100,train,254283944,3.480383
pl_h100,train,255321837,3.498781
pl_h100,train,256359731,3.449382
pl_h100,train,257397625,3.487383
pl_h100,train,258435518,3.473023
pl_h100,train,259473412,3.458194
pl_h100,train,260511306,3.441194
pl_h100,train,261549199,3.427440
pl_h100,train,262587093,3.476070
pl_h100,train,263624986,3.493918
pl_h100,train,264662880,3.453063
pl_h100,train,265700774,3.482718
pl_h100,train,266738667,3.423686
pl_h100,train,267776561,3.421195
pl_h100,train,268814455,3.455259
pl_h100,train,269852348,3.466808
pl_h100,train,270890242,3.474185
pl_h100,train,271928136,3.481959
pl_h100,train,272966029,3.458620
pl_h100,train,274003923,3.418022
pl_h100,train,275041817,3.417313
pl_h100,train,276079710,3.437533
pl_h100,train,277117604,3.456951
pl_h100,train,278155498,3.438657
pl_h100,train,279193391,3.449675
pl_h100,train,280231285,3.456228
pl_h100,train,281269178,3.422741
pl_h100,train,282307072,3.451369
pl_h100,train,283344966,3.439060
pl_h100,train,284382859,3.486994
pl_h100,train,285420753,3.447916
pl_h100,train,286458647,3.398809
pl_h100,train,287496540,3.379752
pl_h100,train,288534434,3.407387
pl_h100,train,289572328,3.414522
pl_h100,train,290610221,3.406885
pl_h100,train,291648115,3.396562
pl_h100,train,292686009,3.474793
pl_h100,train,293723902,3.426353
pl_h100,train,294761796,3.405000
pl_h100,train,295799690,3.448670
pl_h100,train,296837583,3.411391
pl_h100,train,297875477,3.384343
pl_h100,train,298913370,3.367094
pl_h100,train,299951264,3.392172
pl_h100,train,300989158,3.366746
pl_h100,train,302027051,3.416730
pl_h100,train,303064945,3.361108
pl_h100,train,304102839,3.342626
pl_h100,train,305140732,3.400018
pl_h100,train,306178626,3.394746
pl_h100,train,307216520,3.403386
pl_h100,train,308254413,3.355948
pl_h100,train,309292307,3.369810
pl_h100,train,310330201,3.411587
pl_h100,train,311368094,3.407210
pl_h100,train,312405988,3.340587
pl_h100,train,313443882,3.396221
pl_h100,train,314481775,3.372741
pl_h100,train,315519669,3.388290
pl_h100,train,316557562,3.383867
pl_h100,train,317595456,3.292416
pl_h100,train,318633350,3.379247
pl_h100,train,319671243,3.349553
pl_h100,train,320709137,3.370215
pl_h100,train,321747031,3.398423
pl_h100,train,322784924,3.400281
pl_h100,train,323822818,3.369063
pl_h100,train,324860712,3.370512
pl_h100,train,325898605,3.331411
pl_h100,train,326936499,3.418052
pl_h100,train,327974393,3.363199
pl_h100,train,329012286,3.368183
pl_h100,train,330050180,3.386812
pl_h100,train,331088074,3.413239
pl_h100,train,332125967,3.359817
pl_h100,train,333163861,3.433368
pl_h100,train,334201754,3.333746
pl_h100,train,335239648,3.405910
pl_h100,train,336277542,3.361045
pl_h100,train,337315435,3.327778
pl_h100,train,338353329,3.364474
pl_h100,train,339391223,3.351652
pl_h100,train,340429116,3.371495
pl_h100,train,341467010,3.380905
pl_h100,train,342504904,3.381594
pl_h100,train,343542797,3.347321
pl_h100,train,344580691,3.362289
pl_h100,train,345618585,3.316632
pl_h100,train,346656478,3.321831
pl_h100,train,347694372,3.336611
pl_h100,train,348732266,3.354157
pl_h100,train,349770159,3.350998
pl_h100,train,350808053,3.303007
pl_h100,train,351845946,3.345389
pl_h100,train,352883840,3.308538
pl_h100,train,353921734,3.346928
pl_h100,train,354959627,3.309206
pl_h100,train,355997521,3.369784
pl_h100,train,357035415,3.315382
pl_h100,train,358073308,3.294543
pl_h100,train,359111202,3.356253
pl_h100,train,360149096,3.328516
pl_h100,train,361186989,3.381472
pl_h100,train,362224883,3.322689
pl_h100,train,363262777,3.321686
pl_h100,train,364300670,3.295692
pl_h100,train,365338564,3.330038
pl_h100,train,366376458,3.311614
pl_h100,train,367414351,3.312263
pl_h100,train,368452245,3.290603
pl_h100,train,369490138,3.349089
pl_h100,train,370528032,3.300662
pl_h100,train,371565926,3.298993
pl_h100,train,372603819,3.316921
pl_h100,train,373641713,3.269606
pl_h100,train,374679607,3.366935
pl_h100,train,375717500,3.303672
pl_h100,train,376755394,3.281798
pl_h100,train,377793288,3.318524
pl_h100,train,378831181,3.353915
pl_h100,train,379869075,3.487600
pl_h100,train,380906969,3.310600
pl_h100,train,381944862,3.363709
pl_h100,train,382982756,3.315434
pl_h100,train,384020650,3.309500
pl_h100,train,385058543,3.335351
pl_h100,train,386096437,3.334093
pl_h100,train,387134331,3.290921
pl_h100,train,388172224,3.313168
pl_h100,train,389210118,3.299091
pl_h100,train,390248011,3.263111
pl_h100,train,391285905,3.245797
pl_h100,train,392323799,3.271308
pl_h100,train,393361692,3.317783
pl_h100,train,394399586,3.272411
pl_h100,train,395437480,3.275789
pl_h100,train,396475373,3.266474
pl_h100,train,397513267,3.291739
pl_h100,train,398551161,3.282455
pl_h100,train,399589054,3.295415
pl_h100,train,400626948,3.290107
pl_h100,train,401664842,3.308869
pl_h100,train,402702735,3.306734
pl_h100,train,403740629,3.300817
pl_h100,train,404778523,3.245682
pl_h100,train,405816416,3.302138
pl_h100,train,406854310,3.307915
pl_h100,train,407892203,3.308186
pl_h100,train,408930097,3.262974
pl_h100,train,409967991,3.262872
pl_h100,train,411005884,3.281356
pl_h100,train,412043778,3.259775
pl_h100,train,413081672,3.320016
pl_h100,train,414119565,3.304775
pl_h100,train,415157459,3.312158
pl_h100,train,416195353,3.239756
pl_h100,train,417233246,3.296780
pl_h100,train,418271140,3.296177
pl_h100,train,419309034,3.302837
pl_h100,train,420346927,3.315350
pl_h100,train,421384821,3.264529
pl_h100,train,422422715,3.253770
pl_h100,train,423460608,3.258716
pl_h100,train,424498502,3.331660
pl_h100,train,425536395,3.335129
pl_h100,train,426574289,3.317051
pl_h100,train,427612183,3.298724
pl_h100,train,428650076,3.280818
pl_h100,train,429687970,3.233576
pl_h100,train,430725864,3.245278
pl_h100,train,431763757,3.252661
pl_h100,train,432801651,3.270369
pl_h100,train,433839545,3.301880
pl_h100,train,434877438,3.274369
pl_h100,train,435915332,3.240826
pl_h100,train,436953226,3.261178
pl_h100,train,437991119,3.260484
pl_h100,train,439029013,3.255207
pl_h100,train,440066907,3.257230
pl_h100,train,441104800,3.303312
pl_h100,train,442142694,3.208813
pl_h100,train,443180587,3.273715
pl_h100,train,444218481,3.245219
pl_h100,train,445256375,3.273297
pl_h100,train,446294268,3.248488
pl_h100,train,447332162,3.249040
pl_h100,train,448370056,3.241994
pl_h100,train,449407949,3.211277
pl_h100,train,450445843,3.243437
pl_h100,train,451483737,3.224591
pl_h100,train,452521630,3.272348
pl_h100,train,453559524,3.280704
pl_h100,train,454597418,3.207407
pl_h100,train,455635311,3.244106
pl_h100,train,456673205,3.245856
pl_h100,train,457711099,3.237965
pl_h100,train,458748992,3.275011
pl_h100,train,459786886,3.251582
pl_h100,train,460824779,3.263954
pl_h100,train,461862673,3.209259
pl_h100,train,462900567,3.235183
pl_h100,train,463938460,3.292642
pl_h100,train,464976354,3.255945
pl_h100,train,466014248,3.269096
pl_h100,train,467052141,3.229669
pl_h100,train,468090035,3.193460
pl_h100,train,469127929,3.204326
pl_h100,train,470165822,3.234170
pl_h100,train,471203716,3.194499
pl_h100,train,472241610,3.267964
pl_h100,train,473279503,3.262071
pl_h100,train,474317397,3.224684
pl_h100,train,475355291,3.190954
pl_h100,train,476393184,3.226577
pl_h100,train,477431078,3.283838
pl_h100,train,478468971,3.261749
pl_h100,train,479506865,3.226332
pl_h100,train,480544759,3.240036
pl_h100,train,481582652,3.210919
pl_h100,train,482620546,3.209495
pl_h100,train,483658440,3.211604
pl_h100,train,484696333,3.248950
pl_h100,train,485734227,3.241060
pl_h100,train,486772121,3.238897
pl_h100,train,487810014,3.250859
pl_h100,train,488847908,3.256120
pl_h100,train,489885802,3.212395
pl_h100,train,490923695,3.276881
pl_h100,train,491961589,3.192210
pl_h100,train,492999483,3.209969
pl_h100,train,494037376,3.136878
pl_h100,train,495075270,3.208796
pl_h100,train,496113163,3.247720
pl_h100,train,497151057,3.219800
pl_h100,train,498188951,3.224050
pl_h100,train,499226844,3.251462
pl_h100,train,500264738,3.237367
pl_h100,train,501302632,3.227961
pl_h100,train,502340525,3.197862
pl_h100,train,503378419,3.192577
pl_h100,train,504416313,3.219096
pl_h100,train,505454206,3.225856
pl_h100,train,506492100,3.244059
pl_h100,train,507529994,3.182872
pl_h100,train,508567887,3.197409
pl_h100,train,509605781,3.225914
pl_h100,train,510643675,3.237547
pl_h100,train,511681568,3.228898
pl_h100,train,512719462,3.260780
pl_h100,train,513757355,3.181677
pl_h100,train,514795249,3.196191
pl_h100,train,515833143,3.255864
pl_h100,train,516871036,3.238676
pl_h100,train,517908930,3.261156
pl_h100,train,518946824,3.264431
pl_h100,train,519984717,3.251519
pl_h100,train,521022611,3.203754
pl_h100,train,522060505,3.196771
pl_h100,train,523098398,3.230455
pl_h100,train,524136292,3.191865
pl_h100,train,525174186,3.230205
pl_h100,train,526212079,3.201341
pl_h100,train,527249973,3.239279
pl_h100,train,528287867,3.236586
pl_h100,train,529325760,3.209557
pl_h100,train,530363654,3.219628
pl_h100,train,531401548,3.271324
pl_h100,train,532439441,3.183453
pl_h100,train,533477335,3.223408
pl_h100,train,534515228,3.218676
pl_h100,train,535553122,3.209347
pl_h100,train,536591016,3.171176
pl_h100,train,537628909,3.244820
pl_h100,train,538666803,3.214637
pl_h100,train,539704697,3.193518
pl_h100,train,540742590,3.239811
pl_h100,train,541780484,3.233899
pl_h100,train,542818378,3.185217
pl_h100,train,543856271,3.169396
pl_h100,train,544894165,3.218752
pl_h100,train,545932059,3.159387
pl_h100,train,546969952,3.202083
pl_h100,train,548007846,3.236709
pl_h100,train,549045740,3.163424
pl_h100,train,550083633,3.221360
pl_h100,train,551121527,3.261780
pl_h100,train,552159420,3.177741
pl_h100,train,553197314,3.199891
pl_h100,train,554235208,3.197048
pl_h100,train,555273101,3.165635
pl_h100,train,556310995,3.181264
pl_h100,train,557348889,3.173665
pl_h100,train,558386782,3.172818
pl_h100,train,559424676,3.171667
pl_h100,train,560462570,3.174794
pl_h100,train,561500463,3.249106
pl_h100,train,562538357,3.228702
pl_h100,train,563576251,3.190026
pl_h100,train,564614144,3.196337
pl_h100,train,565652038,3.148584
pl_h100,train,566689932,3.181844
pl_h100,train,567727825,3.176737
pl_h100,train,568765719,3.211146
pl_h100,train,569803612,3.173865
pl_h100,train,570841506,3.160798
pl_h100,train,571879400,3.161406
pl_h100,train,572917293,3.132121
pl_h100,train,573955187,3.159586
pl_h100,train,574993081,3.153453
pl_h100,train,576030974,3.218641
pl_h100,train,577068868,3.194872
pl_h100,train,578106762,3.179823
pl_h100,train,579144655,3.197246
pl_h100,train,580182549,3.159338
pl_h100,train,581220443,3.162846
pl_h100,train,582258336,3.176582
pl_h100,train,583296230,3.197961
pl_h100,train,584334124,3.233350
pl_h100,train,585372017,3.179677
pl_h100,train,586409911,3.144916
pl_h100,train,587447804,3.132532
pl_h100,train,588485698,3.228720
pl_h100,train,589523592,3.196246
pl_h100,train,590561485,3.213826
pl_h100,train,591599379,3.184018
pl_h100,train,592637273,3.180527
pl_h100,train,593675166,3.134372
pl_h100,train,594713060,3.175757
pl_h100,train,595750954,3.193333
pl_h100,train,596788847,3.229420
pl_h100,train,597826741,3.181928
pl_h100,train,598864635,3.197540
pl_h100,train,599902528,3.130869
pl_h100,train,600940422,3.160819
pl_h100,train,601978316,3.162657
pl_h100,train,603016209,3.195661
pl_h100,train,604054103,3.189331
pl_h100,train,605091996,3.192370
pl_h100,train,606129890,3.192181
pl_h100,train,607167784,3.159595
pl_h100,train,608205677,3.206743
pl_h100,train,609243571,3.155920
pl_h100,train,610281465,3.163334
pl_h100,train,611319358,3.178364
pl_h100,train,612357252,3.181820
pl_h100,train,613395146,3.159763
pl_h100,train,614433039,3.108222
pl_h100,train,615470933,3.183964
pl_h100,train,616508827,3.186556
pl_h100,train,617546720,3.137395
pl_h100,train,618584614,3.185506
pl_h100,train,619622508,3.143784
pl_h100,train,620660401,3.187884
pl_h100,train,621698295,3.162268
pl_h100,train,622736188,3.180384
pl_h100,train,623774082,3.136210
pl_h100,train,624811976,3.155850
pl_h100,train,625849869,3.140956
pl_h100,train,626887763,3.133198
pl_h100,train,627925657,3.147611
pl_h100,train,628963550,3.121674
pl_h100,train,630001444,3.129147
pl_h100,train,631039338,3.133290
pl_h100,train,632077231,3.194809
pl_h100,train,633115125,3.169098
pl_h100,train,634153019,3.123109
pl_h100,train,635190912,3.222746
pl_h100,train,636228806,3.131243
pl_h100,train,637266700,3.146269
pl_h100,train,638304593,3.143600
pl_h100,train,639342487,3.173421
pl_h100,train,640380380,3.160141
pl_h100,train,641418274,3.161979
pl_h100,train,642456168,3.111391
pl_h100,train,643494061,3.147868
pl_h100,train,644531955,3.122302
pl_h100,train,645569849,3.121766
pl_h100,train,646607742,3.165456
pl_h100,train,647645636,3.206225
pl_h100,train,648683530,3.142115
pl_h100,train,649721423,3.127071
pl_h100,train,650759317,3.107186
pl_h100,train,651797211,3.164178
pl_h100,train,652835104,3.156224
pl_h100,train,653872998,3.178774
pl_h100,train,654910892,3.182493
pl_h100,train,655948785,3.169668
pl_h100,train,656986679,3.147999
pl_h100,train,658024572,3.173826
pl_h100,train,659062466,3.145789
pl_h100,train,660100360,3.162563
pl_h100,train,661138253,3.153907
pl_h100,train,662176147,3.138435
pl_h100,train,663214041,3.134036
pl_h100,train,664251934,3.120826
pl_h100,train,665289828,3.118773
pl_h100,train,666327722,3.139373
pl_h100,train,667365615,3.149001
pl_h100,train,668403509,3.124163
pl_h100,train,669441403,3.087215
pl_h100,train,670479296,3.095224
pl_h100,train,671517190,3.196369
pl_h100,train,672555084,3.089944
pl_h100,train,673592977,3.135586
pl_h100,train,674630871,3.136041
pl_h100,train,675668765,3.104189
pl_h100,train,676706658,3.100750
pl_h100,train,677744552,3.148609
pl_h100,train,678782445,3.060756
pl_h100,train,679820339,3.158644
pl_h100,train,680858233,3.147944
pl_h100,train,681896126,3.135067
pl_h100,train,682934020,3.122054
pl_h100,train,683971914,3.200733
pl_h100,train,685009807,3.125834
pl_h100,train,686047701,3.128678
pl_h100,train,687085595,3.127761
pl_h100,train,688123488,3.131442
pl_h100,train,689161382,3.154313
pl_h100,train,690199276,3.138231
pl_h100,train,691237169,3.162835
pl_h100,train,692275063,3.209035
pl_h100,train,693312957,3.111019
pl_h100,train,694350850,3.163479
pl_h100,train,695388744,3.120172
pl_h100,train,696426637,3.132499
pl_h100,train,697464531,3.112571
pl_h100,train,698502425,3.124195
pl_h100,train,699540318,3.167620
pl_h100,train,700578212,3.143212
pl_h100,train,701616106,3.107342
pl_h100,train,702653999,3.108286
pl_h100,train,703691893,3.134592
pl_h100,train,704729787,3.158193
pl_h100,train,705767680,3.183658
pl_h100,train,706805574,3.133880
pl_h100,train,707843468,3.134409
pl_h100,train,708881361,3.215475
pl_h100,train,709919255,3.151797
pl_h100,train,710957149,3.152180
pl_h100,train,711995042,3.170568
pl_h100,train,713032936,3.140296
pl_h100,train,714070829,3.174271
pl_h100,train,715108723,3.113179
pl_h100,train,716146617,3.172430
pl_h100,train,717184510,3.167421
pl_h100,train,718222404,3.159709
pl_h100,train,719260298,3.137670
pl_h100,train,720298191,3.172670
pl_h100,train,721336085,3.176283
pl_h100,train,722373979,3.163960
pl_h100,train,723411872,3.162116
pl_h100,train,724449766,3.159585
pl_h100,train,725487660,3.139693
pl_h100,train,726525553,3.161232
pl_h100,train,727563447,3.134058
pl_h100,train,728601341,3.154289
pl_h100,train,729639234,3.147377
pl_h100,train,730677128,3.113296
pl_h100,train,731715021,3.159970
pl_h100,train,732752915,3.173511
pl_h100,train,733790809,3.163007
pl_h100,train,734828702,3.147188
pl_h100,train,735866596,3.112629
pl_h100,train,736904490,3.146134
pl_h100,train,737942383,3.155584
pl_h100,train,738980277,3.142472
pl_h100,train,740018171,3.111770
pl_h100,train,741056064,3.152245
pl_h100,train,742093958,3.128099
pl_h100,train,743131852,3.143208
pl_h100,train,744169745,3.094850
pl_h100,train,745207639,3.116803
pl_h100,train,746245533,3.138970
pl_h100,train,747283426,3.085737
pl_h100,train,748321320,3.165589
pl_h100,train,749359213,3.098898
pl_h100,train,750397107,3.126862
pl_h100,train,751435001,3.113055
pl_h100,train,752472894,3.129237
pl_h100,train,753510788,3.072047
pl_h100,train,754548682,3.164812
pl_h100,train,755586575,3.118896
pl_h100,train,756624469,3.120038
pl_h100,train,757662363,3.175636
pl_h100,train,758700256,3.090183
pl_h100,train,759738150,3.106381
pl_h100,train,760776044,3.086311
pl_h100,train,761813937,3.129821
pl_h100,train,762851831,3.163527
pl_h100,train,763889725,3.099053
pl_h100,train,764927618,3.146633
pl_h100,train,765965512,3.096947
pl_h100,train,767003405,3.121315
pl_h100,train,768041299,3.112387
pl_h100,train,769079193,3.182392
pl_h100,train,770117086,3.127112
pl_h100,train,771154980,3.137618
pl_h100,train,772192874,3.155449
pl_h100,train,773230767,3.140255
pl_h100,train,774268661,3.117690
pl_h100,train,775306555,3.136825
pl_h100,train,776344448,3.149537
pl_h100,train,777382342,3.155906
pl_h100,train,778420236,3.148528
pl_h100,train,779458129,3.121977
pl_h100,train,780496023,3.142816
pl_h100,train,781533917,3.146390
pl_h100,train,782571810,3.143247
pl_h100,train,783609704,3.172321
pl_h100,train,784647597,3.141002
pl_h100,train,785685491,3.118769
pl_h100,train,786723385,3.148781
pl_h100,train,787761278,3.141331
pl_h100,train,788799172,3.145187
pl_h100,train,789837066,3.116776
pl_h100,train,790874959,3.082041
pl_h100,train,791912853,3.103257
pl_h100,train,792950747,3.105937
pl_h100,train,793988640,3.124756
pl_h100,train,795026534,3.162930
pl_h100,train,796064428,3.128650
pl_h100,train,797102321,3.113252
pl_h100,train,798140215,3.124118
pl_h100,train,799178109,3.074637
pl_h100,train,800216002,3.115344
pl_h100,train,801253896,3.114967
pl_h100,train,802291789,3.094857
pl_h100,train,803329683,3.070575
pl_h100,train,804367577,3.143824
pl_h100,train,805405470,3.100276
pl_h100,train,806443364,3.122015
pl_h100,train,807481258,3.126720
pl_h100,train,808519151,3.116311
pl_h100,train,809557045,3.112719
pl_h100,train,810594939,3.136802
pl_h100,train,811632832,3.137550
pl_h100,train,812670726,3.137563
pl_h100,train,813708620,3.144082
pl_h100,train,814746513,3.127770
pl_h100,train,815784407,3.136263
pl_h100,train,816822301,3.134420
pl_h100,train,817860194,3.123051
pl_h100,train,818898088,3.073295
pl_h100,train,819935982,3.108785
pl_h100,train,820973875,3.112271
pl_h100,train,822011769,3.103253
pl_h100,train,823049662,3.134795
pl_h100,train,824087556,3.125907
pl_h100,train,825125450,3.101136
pl_h100,train,826163343,3.137267
pl_h100,train,827201237,3.116181
pl_h100,train,828239131,3.191822
pl_h100,train,829277024,3.082528
pl_h100,train,830314918,3.135045
pl_h100,train,831352812,3.097245
pl_h100,train,832390705,3.108123
pl_h100,train,833428599,3.109660
pl_h100,train,834466493,3.137241
pl_h100,train,835504386,3.105130
pl_h100,train,836542280,3.158854
pl_h100,train,837580174,3.088297
pl_h100,train,838618067,3.081873
pl_h100,train,839655961,3.098404
pl_h100,train,840693854,3.127606
pl_h100,train,841731748,3.162045
pl_h100,train,842769642,3.113741
pl_h100,train,843807535,3.121697
pl_h100,train,844845429,3.109569
pl_h100,train,845883323,3.110713
pl_h100,train,846921216,3.106579
pl_h100,train,847959110,3.106996
pl_h100,train,848997004,3.129366
pl_h100,train,850034897,3.116811
pl_h100,train,851072791,3.101030
pl_h100,train,852110685,3.115904
pl_h100,train,853148578,3.142678
pl_h100,train,854186472,3.129478
pl_h100,train,855224366,3.116676
pl_h100,train,856262259,3.074648
pl_h100,train,857300153,3.057806
pl_h100,train,858338046,3.102551
pl_h100,train,859375940,3.131787
pl_h100,train,860413834,3.102462
pl_h100,train,861451727,3.101803
pl_h100,train,862489621,3.102324
pl_h100,train,863527515,3.085234
pl_h100,train,864565408,3.085563
pl_h100,train,865603302,3.080686
pl_h100,train,866641196,3.033962
pl_h100,train,867679089,3.075715
pl_h100,train,868716983,3.104852
pl_h100,train,869754877,3.111557
pl_h100,train,870792770,3.067045
pl_h100,train,871830664,3.127786
pl_h100,train,872868558,3.069016
pl_h100,train,873906451,3.105340
pl_h100,train,874944345,3.120239
pl_h100,train,875982238,3.132318
pl_h100,train,877020132,3.102308
pl_h100,train,878058026,3.124465
pl_h100,train,879095919,3.085697
pl_h100,train,880133813,3.092129
pl_h100,train,881171707,3.135797
pl_h100,train,882209600,3.132356
pl_h100,train,883247494,3.065228
pl_h100,train,884285388,3.055381
pl_h100,train,885323281,3.076488
pl_h100,train,886361175,3.080906
pl_h100,train,887399069,3.115712
pl_h100,train,888436962,3.132806
pl_h100,train,889474856,3.113360
pl_h100,train,890512750,3.078785
pl_h100,train,891550643,3.107790
pl_h100,train,892588537,3.122163
pl_h100,train,893626430,3.143856
pl_h100,train,894664324,3.139199
pl_h100,train,895702218,3.099721
pl_h100,train,896740111,3.114248
pl_h100,train,897778005,3.125017
pl_h100,train,898815899,3.097241
pl_h100,train,899853792,3.086424
pl_h100,train,900891686,3.139689
pl_h100,train,901929580,3.115244
pl_h100,train,902967473,3.065719
pl_h100,train,904005367,3.096973
pl_h100,train,905043261,3.114585
pl_h100,train,906081154,3.122612
pl_h100,train,907119048,3.097362
pl_h100,train,908156942,3.129862
pl_h100,train,909194835,3.135576
pl_h100,train,910232729,3.081705
pl_h100,train,911270622,3.092673
pl_h100,train,912308516,3.096671
pl_h100,train,913346410,3.096387
pl_h100,train,914384303,3.092910
pl_h100,train,915422197,3.045819
pl_h100,train,916460091,3.078939
pl_h100,train,917497984,3.104984
pl_h100,train,918535878,3.109837
pl_h100,train,919573772,3.116469
pl_h100,train,920611665,3.136689
pl_h100,train,921649559,3.099664
pl_h100,train,922687453,3.176035
pl_h100,train,923725346,3.081250
pl_h100,train,924763240,3.092505
pl_h100,train,925801134,3.098141
pl_h100,train,926839027,3.075657
pl_h100,train,927876921,3.050401
pl_h100,train,928914814,3.134701
pl_h100,train,929952708,3.096877
pl_h100,train,930990602,3.120646
pl_h100,train,932028495,3.054578
pl_h100,train,933066389,3.106513
pl_h100,train,934104283,3.137501
pl_h100,train,935142176,3.080168
pl_h100,train,936180070,3.066911
pl_h100,train,937217964,3.098587
pl_h100,train,938255857,3.065814
pl_h100,train,939293751,3.078887
pl_h100,train,940331645,3.067378
pl_h100,train,941369538,3.057478
pl_h100,train,942407432,3.076926
pl_h100,train,943445326,3.039729
pl_h100,train,944483219,3.112609
pl_h100,train,945521113,3.088561
pl_h100,train,946559006,3.075661
pl_h100,train,947596900,3.111407
pl_h100,train,948634794,3.092055
pl_h100,train,949672687,3.064237
pl_h100,train,950710581,3.137501
pl_h100,train,951748475,3.101675
pl_h100,train,952786368,3.116213
pl_h100,train,953824262,3.112537
pl_h100,train,954862156,3.115097
pl_h100,train,955900049,3.130833
pl_h100,train,956937943,3.130850
pl_h100,train,957975837,3.102993
pl_h100,train,959013730,3.078958
pl_h100,train,960051624,3.087106
pl_h100,train,961089518,3.070655
pl_h100,train,962127411,3.098919
pl_h100,train,963165305,3.065607
pl_h100,train,964203198,3.095805
pl_h100,train,965241092,3.111929
pl_h100,train,966278986,3.108235
pl_h100,train,967316879,3.032197
pl_h100,train,968354773,3.048289
pl_h100,train,969392667,3.106095
pl_h100,train,970430560,3.095678
pl_h100,train,971468454,3.093040
pl_h100,train,972506348,3.069014
pl_h100,train,973544241,3.087477
pl_h100,train,974582135,3.146811
pl_h100,train,975620029,3.097427
pl_h100,train,976657922,3.126663
pl_h100,train,977695816,3.126384
pl_h100,train,978733710,3.072728
pl_h100,train,979771603,3.106895
pl_h100,train,980809497,3.080237
pl_h100,train,981847391,3.128800
pl_h100,train,982885284,3.086546
pl_h100,train,983923178,3.069066
pl_h100,train,984961071,3.064198
pl_h100,train,985998965,3.120018
pl_h100,train,987036859,3.045935
pl_h100,train,988074752,3.071329
pl_h100,train,989112646,3.054565
pl_h100,train,990150540,3.100341
pl_h100,train,991188433,3.096105
pl_h100,train,992226327,3.091183
pl_h100,train,993264221,3.040056
pl_h100,train,994302114,3.036436
pl_h100,train,995340008,3.080512
pl_h100,train,996377902,3.058662
pl_h100,train,997415795,3.026051
pl_h100,train,998453689,3.069832
pl_h100,train,999491583,3.108346
pl_h100,train,1000529476,3.079071
pl_h100,train,1001567370,3.030679
pl_h100,train,1002605263,3.056077
pl_h100,train,1003643157,3.071249
pl_h100,train,1004681051,3.085773
pl_h100,train,1005718944,3.100579
pl_h100,train,1006756838,3.079469
pl_h100,train,1007794732,3.061208
pl_h100,train,1008832625,3.086659
pl_h100,train,1009870519,3.084517
pl_h100,train,1010908413,3.083288
pl_h100,train,1011946306,3.103276
pl_h100,train,1012984200,3.022428
pl_h100,train,1014022094,3.052658
pl_h100,train,1015059987,3.085405
pl_h100,train,1016097881,3.057152
pl_h100,train,1017135775,3.054401
pl_h100,train,1018173668,3.050563
pl_h100,train,1019211562,3.041458
pl_h100,train,1020249455,3.072560
pl_h100,train,1021287349,3.047524
pl_h100,train,1022325243,2.985486
pl_h100,train,1023363136,3.038657
pl_h100,train,1024401030,3.023970
pl_h100,train,1025438924,3.050896
pl_h100,train,1026476817,3.066218
pl_h100,train,1027514711,3.073347
pl_h100,train,1028552605,3.042968
pl_h100,train,1029590498,3.033136
pl_h100,train,1030628392,3.076066
pl_h100,train,1031666286,3.074987
pl_h100,train,1032704179,3.093788
pl_h100,train,1033742073,3.092654
pl_h100,train,1034779967,3.061315
pl_h100,train,1035817860,3.117181
pl_h100,train,1036855754,3.079021
pl_h100,train,1037893647,3.091005
pl_h100,train,1038931541,3.071023
pl_h100,train,1039969435,3.061758
pl_h100,train,1041007328,3.080488
pl_h100,eval,10378936,6.957275
pl_h100,eval,20757873,6.070159
pl_h100,eval,31136809,5.411055
pl_h100,eval,41515746,5.051048
pl_h100,eval,51894682,4.786655
pl_h100,eval,62273619,4.648590
pl_h100,eval,72652555,4.481737
pl_h100,eval,83031492,4.390458
pl_h100,eval,93410428,4.303279
pl_h100,eval,103789365,4.207827
pl_h100,eval,114168301,4.151414
pl_h100,eval,124547238,4.068970
pl_h100,eval,134926174,4.027540
pl_h100,eval,145305111,3.963103
pl_h100,eval,155684047,3.908381
pl_h100,eval,166062984,3.823319
pl_h100,eval,176441920,3.743094
pl_h100,eval,186820857,3.710311
pl_h100,eval,197199793,3.651685
pl_h100,eval,207578729,3.624165
pl_h100,eval,217957666,3.583943
pl_h100,eval,228336602,3.542232
pl_h100,eval,238715539,3.537577
pl_h100,eval,249094475,3.504185
pl_h100,eval,259473412,3.496053
pl_h100,eval,269852348,3.473658
pl_h100,eval,280231285,3.435668
pl_h100,eval,290610221,3.438966
pl_h100,eval,300989158,3.411837
pl_h100,eval,311368094,3.414474
pl_h100,eval,321747031,3.393974
pl_h100,eval,332125967,3.362450
pl_h100,eval,342504904,3.376086
pl_h100,eval,352883840,3.346802
pl_h100,eval,363262777,3.353813
pl_h100,eval,373641713,3.335311
pl_h100,eval,384020650,3.313527
pl_h100,eval,394399586,3.317678
pl_h100,eval,404778523,3.296930
pl_h100,eval,415157459,3.306366
pl_h100,eval,425536395,3.293467
pl_h100,eval,435915332,3.265011
pl_h100,eval,446294268,3.277138
pl_h100,eval,456673205,3.263641
pl_h100,eval,467052141,3.267196
pl_h100,eval,477431078,3.255441
pl_h100,eval,487810014,3.234034
pl_h100,eval,498188951,3.241407
pl_h100,eval,508567887,3.235552
pl_h100,eval,518946824,3.234702
pl_h100,eval,529325760,3.220656
pl_h100,eval,539704697,3.198543
pl_h100,eval,550083633,3.216516
pl_h100,eval,560462570,3.206792
pl_h100,eval,570841506,3.207747
pl_h100,eval,581220443,3.195483
pl_h100,eval,591599379,3.173127
pl_h100,eval,601978316,3.190074
pl_h100,eval,612357252,3.177321
pl_h100,eval,622736188,3.186074
pl_h100,eval,633115125,3.177280
pl_h100,eval,643494061,3.156088
pl_h100,eval,653872998,3.172523
pl_h100,eval,664251934,3.159183
pl_h100,eval,674630871,3.168180
pl_h100,eval,685009807,3.160881
pl_h100,eval,695388744,3.136963
pl_h100,eval,705767680,3.153737
pl_h100,eval,716146617,3.136354
pl_h100,eval,726525553,3.145725
pl_h100,eval,736904490,3.138366
pl_h100,eval,747283426,3.115366
pl_h100,eval,757662363,3.133740
pl_h100,eval,768041299,3.120951
pl_h100,eval,778420236,3.132464
pl_h100,eval,788799172,3.120802
pl_h100,eval,799178109,3.102098
pl_h100,eval,809557045,3.116939
pl_h100,eval,819935982,3.105593
pl_h100,eval,830314918,3.124528
pl_h100,eval,840693854,3.106768
pl_h100,eval,851072791,3.087682
pl_h100,eval,861451727,3.105564
pl_h100,eval,871830664,3.094463
pl_h100,eval,882209600,3.101380
pl_h100,eval,892588537,3.096888
pl_h100,eval,902967473,3.076138
pl_h100,eval,913346410,3.096454
pl_h100,eval,923725346,3.096689
pl_h100,eval,934104283,3.091065
pl_h100,eval,944483219,3.084824
pl_h100,eval,954862156,3.067779
pl_h100,eval,965241092,3.083307
pl_h100,eval,975620029,3.075765
pl_h100,eval,985998965,3.081463
pl_h100,eval,996377902,3.076985
pl_h100,eval,1006756838,3.059484
pl_h100,eval,1017135775,3.076783
pl_h100,eval,1027514711,3.065338
pl_h100,eval,1037893647,3.075370
pl_h20,train,1037894,9.454942
pl_h20,train,2075787,9.418324
pl_h20,train,3113681,9.320564
pl_h20,train,4151575,8.953564
pl_h20,train,5189468,8.136095
pl_h20,train,6227362,7.700866
pl_h20,train,7265256,7.441580
pl_h20,train,8303149,7.269976
pl_h20,train,9341043,7.100341
pl_h20,train,10378936,7.008678
pl_h20,train,11416830,6.943742
pl_h20,train,12454724,6.877212
pl_h20,train,13492617,6.809727
pl_h20,train,14530511,6.706863
pl_h20,train,15568405,6.619481
pl_h20,train,16606298,6.533438
pl_h20,train,17644192,6.455509
pl_h20,train,18682086,6.350718
pl_h20,train,19719979,6.237152
pl_h20,train,20757873,6.138156
pl_h20,train,21795767,6.065774
pl_h20,train,22833660,5.930961
pl_h20,train,23871554,5.872872
pl_h20,train,24909448,5.792434
pl_h20,train,25947341,5.739492
pl_h20,train,26985235,5.648222
pl_h20,train,28023128,5.625473
pl_h20,train,29061022,5.517138
pl_h20,train,30098916,5.522438
pl_h20,train,31136809,5.436974
pl_h20,train,32174703,5.370188
pl_h20,train,33212597,5.326118
pl_h20,train,34250490,5.313751
pl_h20,train,35288384,5.290168
pl_h20,train,36326278,5.221625
pl_h20,train,37364171,5.236664
pl_h20,train,38402065,5.197134
pl_h20,train,39439959,5.117687
pl_h20,train,40477852,5.094207
pl_h20,train,41515746,5.088082
pl_h20,train,42553640,5.017881
pl_h20,train,43591533,4.993931
pl_h20,train,44629427,4.998359
pl_h20,train,45667320,4.963736
pl_h20,train,46705214,4.914665
pl_h20,train,47743108,4.868716
pl_h20,train,48781001,4.887691
pl_h20,train,49818895,4.832683
pl_h20,train,50856789,4.828585
pl_h20,train,51894682,4.808731
pl_h20,train,52932576,4.785903
pl_h20,train,53970470,4.769634
pl_h20,train,55008363,4.744311
pl_h20,train,56046257,4.727515
pl_h20,train,57084151,4.715296
pl_h20,train,58122044,4.708521
pl_h20,train,59159938,4.696414
pl_h20,train,60197832,4.657689
pl_h20,train,61235725,4.648342
pl_h20,train,62273619,4.611266
pl_h20,train,63311512,4.577841
pl_h20,train,64349406,4.627147
pl_h20,train,65387300,4.526799
pl_h20,train,66425193,4.559637
pl_h20,train,67463087,4.521224
pl_h20,train,68500981,4.524039
pl_h20,train,69538874,4.488533
pl_h20,train,70576768,4.493339
pl_h20,train,71614662,4.494062
pl_h20,train,72652555,4.442689
pl_h20,train,73690449,4.440757
pl_h20,train,74728343,4.458010
pl_h20,train,75766236,4.426304
pl_h20,train,76804130,4.404593
pl_h20,train,77842024,4.405006
pl_h20,train,78879917,4.371634
pl_h20,train,79917811,4.354267
pl_h20,train,80955705,4.336450
pl_h20,train,81993598,4.367852
pl_h20,train,83031492,4.387797
pl_h20,train,84069385,4.317252
pl_h20,train,85107279,4.314518
pl_h20,train,86145173,4.299402
pl_h20,train,87183066,4.290698
pl_h20,train,88220960,4.294979
pl_h20,train,89258854,4.274074
pl_h20,train,90296747,4.252408
pl_h20,train,91334641,4.250628
pl_h20,train,92372535,4.270244
pl_h20,train,93410428,4.321187
pl_h20,train,94448322,4.261295
pl_h20,train,95486216,4.235981
pl_h20,train,96524109,4.223988
pl_h20,train,97562003,4.218966
pl_h20,train,98599897,4.189205
pl_h20,train,99637790,4.213711
pl_h20,train,100675684,4.192556
pl_h20,train,101713577,4.214844
pl_h20,train,102751471,4.199141
pl_h20,train,103789365,4.147646
pl_h20,train,104827258,4.145908
pl_h20,train,105865152,4.152983
pl_h20,train,106903046,4.179448
pl_h20,train,107940939,4.145630
pl_h20,train,108978833,4.144125
pl_h20,train,110016727,4.130538
pl_h20,train,111054620,4.114659
pl_h20,train,112092514,4.096108
pl_h20,train,113130408,4.125736
pl_h20,train,114168301,4.109991
pl_h20,train,115206195,4.112569
pl_h20,train,116244089,4.067154
pl_h20,train,117281982,4.118561
pl_h20,train,118319876,4.060314
pl_h20,train,119357769,4.057095
pl_h20,train,120395663,4.049911
pl_h20,train,121433557,4.041767
pl_h20,train,122471450,4.072716
pl_h20,train,123509344,4.022500
pl_h20,train,124547238,4.017165
pl_h20,train,125585131,4.000378
pl_h20,train,126623025,4.013732
pl_h20,train,127660919,4.007714
pl_h20,train,128698812,4.003466
pl_h20,train,129736706,3.961920
pl_h20,train,130774600,3.992757
pl_h20,train,131812493,3.959535
pl_h20,train,132850387,3.979366
pl_h20,train,133888281,4.012541
pl_h20,train,134926174,3.950445
pl_h20,train,135964068,3.973036
pl_h20,train,137001961,3.971615
pl_h20,train,138039855,3.944871
pl_h20,train,139077749,4.018057
pl_h20,train,140115642,3.920843
pl_h20,train,141153536,3.948779
pl_h20,train,142191430,3.926936
pl_h20,train,143229323,3.917166
pl_h20,train,144267217,3.916229
pl_h20,train,145305111,3.938240
pl_h20,train,146343004,3.879075
pl_h20,train,147380898,3.899006
pl_h20,train,148418792,3.870672
pl_h20,train,149456685,3.894022
pl_h20,train,150494579,3.845473
pl_h20,train,151532473,3.887430
pl_h20,train,152570366,3.877490
pl_h20,train,153608260,3.893123
pl_h20,train,154646153,3.818449
pl_h20,train,155684047,3.861867
pl_h20,train,156721941,3.834486
pl_h20,train,157759834,3.800336
pl_h20,train,158797728,3.884679
pl_h20,train,159835622,3.784485
pl_h20,train,160873515,3.775091
pl_h20,train,161911409,3.782181
pl_h20,train,162949303,3.783929
pl_h20,train,163987196,3.778058
pl_h20,train,165025090,3.748758
pl_h20,train,166062984,3.793005
pl_h20,train,167100877,3.754857
pl_h20,train,168138771,3.714296
pl_h20,train,169176665,3.770207
pl_h20,train,170214558,3.709255
pl_h20,train,171252452,3.748476
pl_h20,train,172290345,3.712252
pl_h20,train,173328239,3.724859
pl_h20,train,174366133,3.749241
pl_h20,train,175404026,3.729187
pl_h20,train,176441920,3.694300
pl_h20,train,177479814,3.666027
pl_h20,train,178517707,3.667908
pl_h20,train,179555601,3.727725
pl_h20,train,180593495,3.650531
pl_h20,train,181631388,3.683857
pl_h20,train,182669282,3.675929
pl_h20,train,183707176,3.639430
pl_h20,train,184745069,3.652954
pl_h20,train,185782963,3.649211
pl_h20,train,186820857,3.638733
pl_h20,train,187858750,3.649477
pl_h20,train,188896644,3.641601
pl_h20,train,189934537,3.613262
pl_h20,train,190972431,3.611994
pl_h20,train,192010325,3.607428
pl_h20,train,193048218,3.624354
pl_h20,train,194086112,3.666471
pl_h20,train,195124006,3.600828
pl_h20,train,196161899,3.584364
pl_h20,train,197199793,3.564035
pl_h20,train,198237687,3.598647
pl_h20,train,199275580,3.605645
pl_h20,train,200313474,3.610048
pl_h20,train,201351368,3.597384
pl_h20,train,202389261,3.620602
pl_h20,train,203427155,3.608593
pl_h20,train,204465049,3.625794
pl_h20,train,205502942,3.620625
pl_h20,train,206540836,3.553574
pl_h20,train,207578729,3.572315
pl_h20,train,208616623,3.591364
pl_h20,train,209654517,3.566366
pl_h20,train,210692410,3.657104
pl_h20,train,211730304,3.566294
pl_h20,train,212768198,3.512248
pl_h20,train,213806091,3.535242
pl_h20,train,214843985,3.561726
pl_h20,train,215881879,3.569010
pl_h20,train,216919772,3.522505
pl_h20,train,217957666,3.517862
pl_h20,train,218995560,3.513210
pl_h20,train,220033453,3.529952
pl_h20,train,221071347,3.543781
pl_h20,train,222109241,3.572426
pl_h20,train,223147134,3.535622
pl_h20,train,224185028,3.540560
pl_h20,train,225222922,3.527359
pl_h20,train,226260815,3.569293
pl_h20,train,227298709,3.602009
pl_h20,train,228336602,3.533250
pl_h20,train,229374496,3.500567
pl_h20,train,230412390,3.493230
pl_h20,train,231450283,3.480161
pl_h20,train,232488177,3.469107
pl_h20,train,233526071,3.469476
pl_h20,train,234563964,3.467745
pl_h20,train,235601858,3.492788
pl_h20,train,236639752,3.531510
pl_h20,train,237677645,3.484011
pl_h20,train,238715539,3.485565
pl_h20,train,239753433,3.476524
pl_h20,train,240791326,3.507435
pl_h20,train,241829220,3.496109
pl_h20,train,242867114,3.466088
pl_h20,train,243905007,3.453584
pl_h20,train,244942901,3.463527
pl_h20,train,245980794,3.478039
pl_h20,train,247018688,3.449261
pl_h20,train,248056582,3.447382
pl_h20,train,249094475,3.493603
pl_h20,train,250132369,3.530725
pl_h20,train,251170263,3.455647
pl_h20,train,252208156,3.483063
pl_h20,train,253246050,3.425225
pl_h20,train,254283944,3.470964
pl_h20,train,255321837,3.471718
pl_h20,train,256359731,3.417023
pl_h20,train,257397625,3.451023
pl_h20,train,258435518,3.436088
pl_h20,train,259473412,3.419545
pl_h20,train,260511306,3.429764
pl_h20,train,261549199,3.404308
pl_h20,train,262587093,3.444847
pl_h20,train,263624986,3.460937
pl_h20,train,264662880,3.417403
pl_h20,train,265700774,3.441073
pl_h20,train,266738667,3.407631
pl_h20,train,267776561,3.402977
pl_h20,train,268814455,3.431105
pl_h20,train,269852348,3.436336
pl_h20,train,270890242,3.433277
pl_h20,train,271928136,3.440600
pl_h20,train,272966029,3.433581
pl_h20,train,274003923,3.403689
pl_h20,train,275041817,3.392481
pl_h20,train,276079710,3.401879
pl_h20,train,277117604,3.418646
pl_h20,train,278155498,3.399661
pl_h20,train,279193391,3.419280
pl_h20,train,280231285,3.448421
pl_h20,train,281269178,3.395586
pl_h20,train,282307072,3.418448
pl_h20,train,283344966,3.403906
pl_h20,train,284382859,3.452554
pl_h20,train,285420753,3.410552
pl_h20,train,286458647,3.389125
pl_h20,train,287496540,3.356952
pl_h20,train,288534434,3.378289
pl_h20,train,289572328,3.381645
pl_h20,train,290610221,3.371728
pl_h20,train,291648115,3.352448
pl_h20,train,292686009,3.459465
pl_h20,train,293723902,3.407962
pl_h20,train,294761796,3.380323
pl_h20,train,295799690,3.416517
pl_h20,train,296837583,3.371478
pl_h20,train,297875477,3.343278
pl_h20,train,298913370,3.344293
pl_h20,train,299951264,3.380510
pl_h20,train,300989158,3.343877
pl_h20,train,302027051,3.382607
pl_h20,train,303064945,3.325784
pl_h20,train,304102839,3.304339
pl_h20,train,305140732,3.369203
pl_h20,train,306178626,3.386559
pl_h20,train,307216520,3.377947
pl_h20,train,308254413,3.323397
pl_h20,train,309292307,3.339578
pl_h20,train,310330201,3.377146
pl_h20,train,311368094,3.369794
pl_h20,train,312405988,3.328963
pl_h20,train,313443882,3.375298
pl_h20,train,314481775,3.344948
pl_h20,train,315519669,3.357236
pl_h20,train,316557562,3.350760
pl_h20,train,317595456,3.252895
pl_h20,train,318633350,3.366988
pl_h20,train,319671243,3.333697
pl_h20,train,320709137,3.346812
pl_h20,train,321747031,3.369288
pl_h20,train,322784924,3.363319
pl_h20,train,323822818,3.327115
pl_h20,train,324860712,3.349411
pl_h20,train,325898605,3.321142
pl_h20,train,326936499,3.395859
pl_h20,train,327974393,3.330775
pl_h20,train,329012286,3.332668
pl_h20,train,330050180,3.351004
pl_h20,train,331088074,3.385566
pl_h20,train,332125967,3.354074
pl_h20,train,333163861,3.409903
pl_h20,train,334201754,3.305190
pl_h20,train,335239648,3.373238
pl_h20,train,336277542,3.327113
pl_h20,train,337315435,3.291306
pl_h20,train,338353329,3.356472
pl_h20,train,339391223,3.332522
pl_h20,train,340429116,3.344317
pl_h20,train,341467010,3.350439
pl_h20,train,342504904,3.348104
pl_h20,train,343542797,3.306795
pl_h20,train,344580691,3.349269
pl_h20,train,345618585,3.308928
pl_h20,train,346656478,3.300849
pl_h20,train,347694372,3.310071
pl_h20,train,348732266,3.319026
pl_h20,train,349770159,3.312709
pl_h20,train,350808053,3.283055
pl_h20,train,351845946,3.334390
pl_h20,train,352883840,3.287253
pl_h20,train,353921734,3.315408
pl_h20,train,354959627,3.274674
pl_h20,train,355997521,3.334129
pl_h20,train,357035415,3.286455
pl_h20,train,358073308,3.288918
pl_h20,train,359111202,3.343805
pl_h20,train,360149096,3.296475
pl_h20,train,361186989,3.347017
pl_h20,train,362224883,3.285346
pl_h20,train,363262777,3.284702
pl_h20,train,364300670,3.285388
pl_h20,train,365338564,3.309816
pl_h20,train,366376458,3.283713
pl_h20,train,367414351,3.281023
pl_h20,train,368452245,3.258070
pl_h20,train,369490138,3.310428
pl_h20,train,370528032,3.288088
pl_h20,train,371565926,3.283332
pl_h20,train,372603819,3.293482
pl_h20,train,373641713,3.240974
pl_h20,train,374679607,3.331240
pl_h20,train,375717500,3.266261
pl_h20,train,376755394,3.260190
pl_h20,train,377793288,3.307690
pl_h20,train,378831181,3.331310
pl_h20,train,379869075,3.456532
pl_h20,train,380906969,3.274787
pl_h20,train,381944862,3.325972
pl_h20,train,382982756,3.286760
pl_h20,train,384020650,3.303319
pl_h20,train,385058543,3.311923
pl_h20,train,386096437,3.305259
pl_h20,train,387134331,3.259390
pl_h20,train,388172224,3.280393
pl_h20,train,389210118,3.264973
pl_h20,train,390248011,3.255718
pl_h20,train,391285905,3.227024
pl_h20,train,392323799,3.245689
pl_h20,train,393361692,3.289701
pl_h20,train,394399586,3.240065
pl_h20,train,395437480,3.242026
pl_h20,train,396475373,3.254196
pl_h20,train,397513267,3.278021
pl_h20,train,398551161,3.260813
pl_h20,train,399589054,3.267356
pl_h20,train,400626948,3.254836
pl_h20,train,401664842,3.272147
pl_h20,train,402702735,3.287805
pl_h20,train,403740629,3.291614
pl_h20,train,404778523,3.224610
pl_h20,train,405816416,3.272737
pl_h20,train,406854310,3.275131
pl_h20,train,407892203,3.274076
pl_h20,train,408930097,3.236018
pl_h20,train,409967991,3.257438
pl_h20,train,411005884,3.257733
pl_h20,train,412043778,3.231410
pl_h20,train,413081672,3.288248
pl_h20,train,414119565,3.274804
pl_h20,train,415157459,3.278956
pl_h20,train,416195353,3.232826
pl_h20,train,417233246,3.276218
pl_h20,train,418271140,3.268831
pl_h20,train,419309034,3.272752
pl_h20,train,420346927,3.283603
pl_h20,train,421384821,3.225852
pl_h20,train,422422715,3.241491
pl_h20,train,423460608,3.244826
pl_h20,train,424498502,3.310639
pl_h20,train,425536395,3.307103
pl_h20,train,426574289,3.282357
pl_h20,train,427612183,3.262263
pl_h20,train,428650076,3.261150
pl_h20,train,429687970,3.223705
pl_h20,train,430725864,3.224292
pl_h20,train,431763757,3.222172
pl_h20,train,432801651,3.237804
pl_h20,train,433839545,3.267612
pl_h20,train,434877438,3.247892
pl_h20,train,435915332,3.236049
pl_h20,train,436953226,3.239135
pl_h20,train,437991119,3.231975
pl_h20,train,439029013,3.223896
pl_h20,train,440066907,3.224168
pl_h20,train,441104800,3.268442
pl_h20,train,442142694,3.201888
pl_h20,train,443180587,3.254758
pl_h20,train,444218481,3.219933
pl_h20,train,445256375,3.246318
pl_h20,train,446294268,3.216024
pl_h20,train,447332162,3.210835
pl_h20,train,448370056,3.228296
pl_h20,train,449407949,3.196746
pl_h20,train,450445843,3.222548
pl_h20,train,451483737,3.197720
pl_h20,train,452521630,3.236741
pl_h20,train,453559524,3.245875
pl_h20,train,454597418,3.188378
pl_h20,train,455635311,3.234925
pl_h20,train,456673205,3.225939
pl_h20,train,457711099,3.207219
pl_h20,train,458748992,3.242135
pl_h20,train,459786886,3.216197
pl_h20,train,460824779,3.235004
pl_h20,train,461862673,3.202936
pl_h20,train,462900567,3.213012
pl_h20,train,463938460,3.264664
pl_h20,train,464976354,3.225141
pl_h20,train,466014248,3.237823
pl_h20,train,467052141,3.195832
pl_h20,train,468090035,3.187157
pl_h20,train,469127929,3.187082
pl_h20,train,470165822,3.209770
pl_h20,train,471203716,3.168442
pl_h20,train,472241610,3.238236
pl_h20,train,473279503,3.223050
pl_h20,train,474317397,3.212295
pl_h20,train,475355291,3.176753
pl_h20,train,476393184,3.206199
pl_h20,train,477431078,3.258549
pl_h20,train,478468971,3.227450
pl_h20,train,479506865,3.190001
pl_h20,train,480544759,3.221561
pl_h20,train,481582652,3.203144
pl_h20,train,482620546,3.189979
pl_h20,train,483658440,3.182993
pl_h20,train,484696333,3.218053
pl_h20,train,485734227,3.208124
pl_h20,train,486772121,3.214057
pl_h20,train,487810014,3.247103
pl_h20,train,488847908,3.234766
pl_h20,train,489885802,3.187529
pl_h20,train,490923695,3.250216
pl_h20,train,491961589,3.164202
pl_h20,train,492999483,3.178477
pl_h20,train,494037376,3.132158
pl_h20,train,495075270,3.191186
pl_h20,train,496113163,3.223606
pl_h20,train,497151057,3.193056
pl_h20,train,498188951,3.194278
pl_h20,train,499226844,3.216373
pl_h20,train,500264738,3.226016
pl_h20,train,501302632,3.216129
pl_h20,train,502340525,3.178163
pl_h20,train,503378419,3.167371
pl_h20,train,504416313,3.187930
pl_h20,train,505454206,3.189742
pl_h20,train,506492100,3.225394
pl_h20,train,507529994,3.175316
pl_h20,train,508567887,3.178324
pl_h20,train,509605781,3.198021
pl_h20,train,510643675,3.206651
pl_h20,train,511681568,3.195748
pl_h20,train,512719462,3.235546
pl_h20,train,513757355,3.178036
pl_h20,train,514795249,3.176643
pl_h20,train,515833143,3.230752
pl_h20,train,516871036,3.209021
pl_h20,train,517908930,3.229691
pl_h20,train,518946824,3.230975
pl_h20,train,519984717,3.246947
pl_h20,train,521022611,3.186561
pl_h20,train,522060505,3.173700
pl_h20,train,523098398,3.204775
pl_h20,train,524136292,3.163198
pl_h20,train,525174186,3.194145
pl_h20,train,526212079,3.190154
pl_h20,train,527249973,3.227125
pl_h20,train,528287867,3.217382
pl_h20,train,529325760,3.184019
pl_h20,train,530363654,3.187094
pl_h20,train,531401548,3.237122
pl_h20,train,532439441,3.167584
pl_h20,train,533477335,3.216475
pl_h20,train,534515228,3.200764
pl_h20,train,535553122,3.181903
pl_h20,train,536591016,3.140049
pl_h20,train,537628909,3.213191
pl_h20,train,538666803,3.189930
pl_h20,train,539704697,3.189395
pl_h20,train,540742590,3.219982
pl_h20,train,541780484,3.207647
pl_h20,train,542818378,3.156325
pl_h20,train,543856271,3.139718
pl_h20,train,544894165,3.185972
pl_h20,train,545932059,3.153697
pl_h20,train,546969952,3.184488
pl_h20,train,548007846,3.213095
pl_h20,train,549045740,3.138068
pl_h20,train,550083633,3.191124
pl_h20,train,551121527,3.225304
pl_h20,train,552159420,3.166072
pl_h20,train,553197314,3.186330
pl_h20,train,554235208,3.176754
pl_h20,train,555273101,3.140378
pl_h20,train,556310995,3.148314
pl_h20,train,557348889,3.140232
pl_h20,train,558386782,3.155508
pl_h20,train,559424676,3.165036
pl_h20,train,560462570,3.153816
pl_h20,train,561500463,3.220668
pl_h20,train,562538357,3.196847
pl_h20,train,563576251,3.156788
pl_h20,train,564614144,3.170880
pl_h20,train,565652038,3.144131
pl_h20,train,566689932,3.161443
pl_h20,train,567727825,3.151699
pl_h20,train,568765719,3.183176
pl_h20,train,569803612,3.144649
pl_h20,train,570841506,3.129513
pl_h20,train,571879400,3.155926
pl_h20,train,572917293,3.116029
pl_h20,train,573955187,3.137427
pl_h20,train,574993081,3.127195
pl_h20,train,576030974,3.190560
pl_h20,train,577068868,3.159641
pl_h20,train,578106762,3.169394
pl_h20,train,579144655,3.183802
pl_h20,train,580182549,3.140640
pl_h20,train,581220443,3.138777
pl_h20,train,582258336,3.144040
pl_h20,train,583296230,3.163320
pl_h20,train,584334124,3.216836
pl_h20,train,585372017,3.172448
pl_h20,train,586409911,3.126958
pl_h20,train,587447804,3.103783
pl_h20,train,588485698,3.198976
pl_h20,train,589523592,3.165649
pl_h20,train,590561485,3.189870
pl_h20,train,591599379,3.180524
pl_h20,train,592637273,3.161216
pl_h20,train,593675166,3.109507
pl_h20,train,594713060,3.148359
pl_h20,train,595750954,3.163397
pl_h20,train,596788847,3.197292
pl_h20,train,597826741,3.177724
pl_h20,train,598864635,3.182389
pl_h20,train,599902528,3.108682
pl_h20,train,600940422,3.136984
pl_h20,train,601978316,3.134089
pl_h20,train,603016209,3.161194
pl_h20,train,604054103,3.178078
pl_h20,train,605091996,3.180316
pl_h20,train,606129890,3.173226
pl_h20,train,607167784,3.131104
pl_h20,train,608205677,3.180042
pl_h20,train,609243571,3.122488
pl_h20,train,610281465,3.148264
pl_h20,train,611319358,3.173504
pl_h20,train,612357252,3.166353
pl_h20,train,613395146,3.134144
pl_h20,train,614433039,3.079683
pl_h20,train,615470933,3.153439
pl_h20,train,616508827,3.162400
pl_h20,train,617546720,3.134141
pl_h20,train,618584614,3.166273
pl_h20,train,619622508,3.119053
pl_h20,train,620660401,3.161829
pl_h20,train,621698295,3.133126
pl_h20,train,622736188,3.148746
pl_h20,train,623774082,3.131221
pl_h20,train,624811976,3.141233
pl_h20,train,625849869,3.121302
pl_h20,train,626887763,3.107858
pl_h20,train,627925657,3.119662
pl_h20,train,628963550,3.087135
pl_h20,train,630001444,3.119134
pl_h20,train,631039338,3.119519
pl_h20,train,632077231,3.174623
pl_h20,train,633115125,3.144690
pl_h20,train,634153019,3.091553
pl_h20,train,635190912,3.189669
pl_h20,train,636228806,3.114566
pl_h20,train,637266700,3.140026
pl_h20,train,638304593,3.126068
pl_h20,train,639342487,3.145761
pl_h20,train,640380380,3.131371
pl_h20,train,641418274,3.130162
pl_h20,train,642456168,3.088254
pl_h20,train,643494061,3.145762
pl_h20,train,644531955,3.102925
pl_h20,train,645569849,3.097089
pl_h20,train,646607742,3.138088
pl_h20,train,647645636,3.176803
pl_h20,train,648683530,3.109357
pl_h20,train,649721423,3.122666
pl_h20,train,650759317,3.089469
pl_h20,train,651797211,3.142360
pl_h20,train,652835104,3.129221
pl_h20,train,653872998,3.150953
pl_h20,train,654910892,3.148174
pl_h20,train,655948785,3.161045
pl_h20,train,656986679,3.137296
pl_h20,train,658024572,3.154020
pl_h20,train,659062466,3.121167
pl_h20,train,660100360,3.130311
pl_h20,train,661138253,3.118800
pl_h20,train,662176147,3.120622
pl_h20,train,663214041,3.126346
pl_h20,train,664251934,3.102262
pl_h20,train,665289828,3.091272
pl_h20,train,666327722,3.109267
pl_h20,train,667365615,3.117016
pl_h20,train,668403509,3.101295
pl_h20,train,669441403,3.084886
pl_h20,train,670479296,3.076083
pl_h20,train,671517190,3.172238
pl_h20,train,672555084,3.062310
pl_h20,train,673592977,3.104704
pl_h20,train,674630871,3.104642
pl_h20,train,675668765,3.099592
pl_h20,train,676706658,3.086863
pl_h20,train,677744552,3.128740
pl_h20,train,678782445,3.034662
pl_h20,train,679820339,3.134352
pl_h20,train,680858233,3.118468
pl_h20,train,681896126,3.129534
pl_h20,train,682934020,3.113847
pl_h20,train,683971914,3.182750
pl_h20,train,685009807,3.103916
pl_h20,train,686047701,3.100172
pl_h20,train,687085595,3.096335
pl_h20,train,688123488,3.114500
pl_h20,train,689161382,3.150635
pl_h20,train,690199276,3.124101
pl_h20,train,691237169,3.139001
pl_h20,train,692275063,3.181713
pl_h20,train,693312957,3.078978
pl_h20,train,694350850,3.139102
pl_h20,train,695388744,3.117406
pl_h20,train,696426637,3.112507
pl_h20,train,697464531,3.087472
pl_h20,train,698502425,3.097518
pl_h20,train,699540318,3.138544
pl_h20,train,700578212,3.113157
pl_h20,train,701616106,3.103261
pl_h20,train,702653999,3.094303
pl_h20,train,703691893,3.113451
pl_h20,train,704729787,3.134032
pl_h20,train,705767680,3.156805
pl_h20,train,706805574,3.100563
pl_h20,train,707843468,3.124638
pl_h20,train,708881361,3.205711
pl_h20,train,709919255,3.136126
pl_h20,train,710957149,3.129689
pl_h20,train,711995042,3.137950
pl_h20,train,713032936,3.107267
pl_h20,train,714070829,3.158022
pl_h20,train,715108723,3.108990
pl_h20,train,716146617,3.160697
pl_h20,train,717184510,3.142416
pl_h20,train,718222404,3.131951
pl_h20,train,719260298,3.110845
pl_h20,train,720298191,3.149951
pl_h20,train,721336085,3.174882
pl_h20,train,722373979,3.147628
pl_h20,train,723411872,3.139858
pl_h20,train,724449766,3.131481
pl_h20,train,725487660,3.112725
pl_h20,train,726525553,3.129882
pl_h20,train,727563447,3.129294
pl_h20,train,728601341,3.140442
pl_h20,train,729639234,3.127375
pl_h20,train,730677128,3.089046
pl_h20,train,731715021,3.133105
pl_h20,train,732752915,3.140014
pl_h20,train,733790809,3.152713
pl_h20,train,734828702,3.136712
pl_h20,train,735866596,3.094374
pl_h20,train,736904490,3.124270
pl_h20,train,737942383,3.125341
pl_h20,train,738980277,3.110172
pl_h20,train,740018171,3.099682
pl_h20,train,741056064,3.150476
pl_h20,train,742093958,3.114036
pl_h20,train,743131852,3.118596
pl_h20,train,744169745,3.067875
pl_h20,train,745207639,3.088784
pl_h20,train,746245533,3.117429
pl_h20,train,747283426,3.083138
pl_h20,train,748321320,3.148429
pl_h20,train,749359213,3.076719
pl_h20,train,750397107,3.102116
pl_h20,train,751435001,3.085980
pl_h20,train,752472894,3.099644
pl_h20,train,753510788,3.068558
pl_h20,train,754548682,3.149389
pl_h20,train,755586575,3.098587
pl_h20,train,756624469,3.095873
pl_h20,train,757662363,3.149034
pl_h20,train,758700256,3.056464
pl_h20,train,759738150,3.097210
pl_h20,train,760776044,3.075602
pl_h20,train,761813937,3.110994
pl_h20,train,762851831,3.138427
pl_h20,train,763889725,3.068616
pl_h20,train,764927618,3.113206
pl_h20,train,765965512,3.080267
pl_h20,train,767003405,3.116193
pl_h20,train,768041299,3.097010
pl_h20,train,769079193,3.156567
pl_h20,train,770117086,3.098916
pl_h20,train,771154980,3.108933
pl_h20,train,772192874,3.132608
pl_h20,train,773230767,3.139027
pl_h20,train,774268661,3.099188
pl_h20,train,775306555,3.112762
pl_h20,train,776344448,3.125524
pl_h20,train,777382342,3.129473
pl_h20,train,778420236,3.120983
pl_h20,train,779458129,3.118635
pl_h20,train,780496023,3.129108
pl_h20,train,781533917,3.125274
pl_h20,train,782571810,3.120261
pl_h20,train,783609704,3.145020
pl_h20,train,784647597,3.107614
pl_h20,train,785685491,3.109729
pl_h20,train,786723385,3.139008
pl_h20,train,787761278,3.124036
pl_h20,train,788799172,3.122205
pl_h20,train,789837066,3.087215
pl_h20,train,790874959,3.049829
pl_h20,train,791912853,3.088538
pl_h20,train,792950747,3.100021
pl_h20,train,793988640,3.108428
pl_h20,train,795026534,3.138345
pl_h20,train,796064428,3.101275
pl_h20,train,797102321,3.084644
pl_h20,train,798140215,3.103252
pl_h20,train,799178109,3.073823
pl_h20,train,800216002,3.097885
pl_h20,train,801253896,3.093739
pl_h20,train,802291789,3.070079
pl_h20,train,803329683,3.045220
pl_h20,train,804367577,3.114958
pl_h20,train,805405470,3.097557
pl_h20,train,806443364,3.109020
pl_h20,train,807481258,3.106985
pl_h20,train,808519151,3.093442
pl_h20,train,809557045,3.086771
pl_h20,train,810594939,3.106198
pl_h20,train,811632832,3.128748
pl_h20,train,812670726,3.129078
pl_h20,train,813708620,3.127458
pl_h20,train,814746513,3.107015
pl_h20,train,815784407,3.108215
pl_h20,train,816822301,3.104439
pl_h20,train,817860194,3.108897
pl_h20,train,818898088,3.068491
pl_h20,train,819935982,3.094871
pl_h20,train,820973875,3.088520
pl_h20,train,822011769,3.075892
pl_h20,train,823049662,3.106398
pl_h20,train,824087556,3.104991
pl_h20,train,825125450,3.100108
pl_h20,train,826163343,3.120406
pl_h20,train,827201237,3.094129
pl_h20,train,828239131,3.166321
pl_h20,train,829277024,3.056250
pl_h20,train,830314918,3.105321
pl_h20,train,831352812,3.094981
pl_h20,train,832390705,3.094898
pl_h20,train,833428599,3.089571
pl_h20,train,834466493,3.114213
pl_h20,train,835504386,3.079296
pl_h20,train,836542280,3.127164
pl_h20,train,837580174,3.080016
pl_h20,train,838618067,3.072152
pl_h20,train,839655961,3.082095
pl_h20,train,840693854,3.105880
pl_h20,train,841731748,3.133741
pl_h20,train,842769642,3.082320
pl_h20,train,843807535,3.107946
pl_h20,train,844845429,3.104506
pl_h20,train,845883323,3.095788
pl_h20,train,846921216,3.083990
pl_h20,train,847959110,3.080136
pl_h20,train,848997004,3.101902
pl_h20,train,850034897,3.095095
pl_h20,train,851072791,3.099841
pl_h20,train,852110685,3.099788
pl_h20,train,853148578,3.121603
pl_h20,train,854186472,3.105369
pl_h20,train,855224366,3.086928
pl_h20,train,856262259,3.042686
pl_h20,train,857300153,3.054146
pl_h20,train,858338046,3.088695
pl_h20,train,859375940,3.111820
pl_h20,train,860413834,3.080362
pl_h20,train,861451727,3.074710
pl_h20,train,862489621,3.070680
pl_h20,train,863527515,3.076677
pl_h20,train,864565408,3.076216
pl_h20,train,865603302,3.063043
pl_h20,train,866641196,3.011476
pl_h20,train,867679089,3.046557
pl_h20,train,868716983,3.075280
pl_h20,train,869754877,3.097368
pl_h20,train,870792770,3.061599
pl_h20,train,871830664,3.112779
pl_h20,train,872868558,3.043032
pl_h20,train,873906451,3.076412
pl_h20,train,874944345,3.091805
pl_h20,train,875982238,3.111350
pl_h20,train,877020132,3.102564
pl_h20,train,878058026,3.108345
pl_h20,train,879095919,3.064580
pl_h20,train,880133813,3.068516
pl_h20,train,881171707,3.109773
pl_h20,train,882209600,3.104055
pl_h20,train,883247494,3.062261
pl_h20,train,884285388,3.041531
pl_h20,train,885323281,3.056393
pl_h20,train,886361175,3.059302
pl_h20,train,887399069,3.089768
pl_h20,train,888436962,3.101767
pl_h20,train,889474856,3.105069
pl_h20,train,890512750,3.069339
pl_h20,train,891550643,3.092284
pl_h20,train,892588537,3.100838
pl_h20,train,893626430,3.116849
pl_h20,train,894664324,3.108779
pl_h20,train,895702218,3.087941
pl_h20,train,896740111,3.111114
pl_h20,train,897778005,3.113138
pl_h20,train,898815899,3.073838
pl_h20,train,899853792,3.061082
pl_h20,train,900891686,3.111883
pl_h20,train,901929580,3.093605
pl_h20,train,902967473,3.065080
pl_h20,train,904005367,3.080771
pl_h20,train,905043261,3.094313
pl_h20,train,906081154,3.098751
pl_h20,train,907119048,3.070346
pl_h20,train,908156942,3.102069
pl_h20,train,909194835,3.133143
pl_h20,train,910232729,3.068852
pl_h20,train,911270622,3.073548
pl_h20,train,912308516,3.074376
pl_h20,train,913346410,3.068211
pl_h20,train,914384303,3.059813
pl_h20,train,915422197,3.037114
pl_h20,train,916460091,3.070437
pl_h20,train,917497984,3.090205
pl_h20,train,918535878,3.089230
pl_h20,train,919573772,3.088305
pl_h20,train,920611665,3.107819
pl_h20,train,921649559,3.085849
pl_h20,train,922687453,3.169307
pl_h20,train,923725346,3.068710
pl_h20,train,924763240,3.070031
pl_h20,train,925801134,3.072508
pl_h20,train,926839027,3.046149
pl_h20,train,927876921,3.028905
pl_h20,train,928914814,3.135934
pl_h20,train,929952708,3.080857
pl_h20,train,930990602,3.098975
pl_h20,train,932028495,3.030950
pl_h20,train,933066389,3.080924
pl_h20,train,934104283,3.109662
pl_h20,train,935142176,3.077552
pl_h20,train,936180070,3.054142
pl_h20,train,937217964,3.079741
pl_h20,train,938255857,3.044334
pl_h20,train,939293751,3.055599
pl_h20,train,940331645,3.036237
pl_h20,train,941369538,3.048964
pl_h20,train,942407432,3.067710
pl_h20,train,943445326,3.023972
pl_h20,train,944483219,3.092036
pl_h20,train,945521113,3.058119
pl_h20,train,946559006,3.046966
pl_h20,train,947596900,3.096741
pl_h20,train,948634794,3.087594
pl_h20,train,949672687,3.049758
pl_h20,train,950710581,3.114876
pl_h20,train,951748475,3.078442
pl_h20,train,952786368,3.088603
pl_h20,train,953824262,3.091722
pl_h20,train,954862156,3.110977
pl_h20,train,955900049,3.114154
pl_h20,train,956937943,3.110116
pl_h20,train,957975837,3.079536
pl_h20,train,959013730,3.052680
pl_h20,train,960051624,3.059734
pl_h20,train,961089518,3.067920
pl_h20,train,962127411,3.086027
pl_h20,train,963165305,3.047901
pl_h20,train,964203198,3.074455
pl_h20,train,965241092,3.087124
pl_h20,train,966278986,3.077929
pl_h20,train,967316879,3.024341
pl_h20,train,968354773,3.039704
pl_h20,train,969392667,3.090484
pl_h20,train,970430560,3.076451
pl_h20,train,971468454,3.065605
pl_h20,train,972506348,3.039141
pl_h20,train,973544241,3.073374
pl_h20,train,974582135,3.142608
pl_h20,train,975620029,3.082654
pl_h20,train,976657922,3.104421
pl_h20,train,977695816,3.101351
pl_h20,train,978733710,3.046465
pl_h20,train,979771603,3.086343
pl_h20,train,980809497,3.080607
pl_h20,train,981847391,3.113430
pl_h20,train,982885284,3.066054
pl_h20,train,983923178,3.046875
pl_h20,train,984961071,3.038873
pl_h20,train,985998965,3.093876
pl_h20,train,987036859,3.043342
pl_h20,train,988074752,3.060064
pl_h20,train,989112646,3.035453
pl_h20,train,990150540,3.079043
pl_h20,train,991188433,3.072144
pl_h20,train,992226327,3.060434
pl_h20,train,993264221,3.033421
pl_h20,train,994302114,3.027294
pl_h20,train,995340008,3.065201
pl_h20,train,996377902,3.038288
pl_h20,train,997415795,2.996881
pl_h20,train,998453689,3.039956
pl_h20,train,999491583,3.094796
pl_h20,train,1000529476,3.076314
pl_h20,train,1001567370,3.017616
pl_h20,train,1002605263,3.032629
pl_h20,train,1003643157,3.045222
pl_h20,train,1004681051,3.059250
pl_h20,train,1005718944,3.078921
pl_h20,train,1006756838,3.079740
pl_h20,train,1007794732,3.045055
pl_h20,train,1008832625,3.065167
pl_h20,train,1009870519,3.060866
pl_h20,train,1010908413,3.056569
pl_h20,train,1011946306,3.076263
pl_h20,train,1012984200,3.019581
pl_h20,train,1014022094,3.041035
pl_h20,train,1015059987,3.067163
pl_h20,train,1016097881,3.035371
pl_h20,train,1017135775,3.030110
pl_h20,train,1018173668,3.020655
pl_h20,train,1019211562,3.032827
pl_h20,train,1020249455,3.062595
pl_h20,train,1021287349,3.030635
pl_h20,train,1022325243,2.965000
pl_h20,train,1023363136,3.010872
pl_h20,train,1024401030,2.999463
pl_h20,train,1025438924,3.042821
pl_h20,train,1026476817,3.067602
pl_h20,train,1027514711,3.062834
pl_h20,train,1028552605,3.023588
pl_h20,train,1029590498,3.009653
pl_h20,train,1030628392,3.052563
pl_h20,train,1031666286,3.056993
pl_h20,train,1032704179,3.094714
pl_h20,train,1033742073,3.078785
pl_h20,train,1034779967,3.043614
pl_h20,train,1035817860,3.094955
pl_h20,train,1036855754,3.053970
pl_h20,train,1037893647,3.064975
pl_h20,train,1038931541,3.069747
pl_h20,train,1039969435,3.050490
pl_h20,train,1041007328,3.063445
pl_h20,eval,10378936,6.957266
pl_h20,eval,20757873,6.070030
pl_h20,eval,31136809,5.411073
pl_h20,eval,41515746,5.051119
pl_h20,eval,51894682,4.786729
pl_h20,eval,62273619,4.632308
pl_h20,eval,72652555,4.475155
pl_h20,eval,83031492,4.366964
pl_h20,eval,93410428,4.287753
pl_h20,eval,103789365,4.178645
pl_h20,eval,114168301,4.124781
pl_h20,eval,124547238,4.057615
pl_h20,eval,134926174,3.995744
pl_h20,eval,145305111,3.935251
pl_h20,eval,155684047,3.864364
pl_h20,eval,166062984,3.786042
pl_h20,eval,176441920,3.725573
pl_h20,eval,186820857,3.676787
pl_h20,eval,197199793,3.628310
pl_h20,eval,207578729,3.589618
pl_h20,eval,217957666,3.558459
pl_h20,eval,228336602,3.533279
pl_h20,eval,238715539,3.509559
pl_h20,eval,249094475,3.485379
pl_h20,eval,259473412,3.466980
pl_h20,eval,269852348,3.451105
pl_h20,eval,280231285,3.430336
pl_h20,eval,290610221,3.413186
pl_h20,eval,300989158,3.394685
pl_h20,eval,311368094,3.388896
pl_h20,eval,321747031,3.372684
pl_h20,eval,332125967,3.358106
pl_h20,eval,342504904,3.352162
pl_h20,eval,352883840,3.331855
pl_h20,eval,363262777,3.325353
pl_h20,eval,373641713,3.315025
pl_h20,eval,384020650,3.309329
pl_h20,eval,394399586,3.295013
pl_h20,eval,404778523,3.282970
pl_h20,eval,415157459,3.280968
pl_h20,eval,425536395,3.274164
pl_h20,eval,435915332,3.262214
pl_h20,eval,446294268,3.254289
pl_h20,eval,456673205,3.252294
pl_h20,eval,467052141,3.243171
pl_h20,eval,477431078,3.237318
pl_h20,eval,487810014,3.231951
pl_h20,eval,498188951,3.220915
pl_h20,eval,508567887,3.224549
pl_h20,eval,518946824,3.210869
pl_h20,eval,529325760,3.203115
pl_h20,eval,539704697,3.196492
pl_h20,eval,550083633,3.195560
pl_h20,eval,560462570,3.193871
pl_h20,eval,570841506,3.185385
pl_h20,eval,581220443,3.178997
pl_h20,eval,591599379,3.171519
pl_h20,eval,601978316,3.170941
pl_h20,eval,612357252,3.168187
pl_h20,eval,622736188,3.162867
pl_h20,eval,633115125,3.160678
pl_h20,eval,643494061,3.154924
pl_h20,eval,653872998,3.151973
pl_h20,eval,664251934,3.146869
pl_h20,eval,674630871,3.146355
pl_h20,eval,685009807,3.148325
pl_h20,eval,695388744,3.135801
pl_h20,eval,705767680,3.134779
pl_h20,eval,716146617,3.125697
pl_h20,eval,726525553,3.123280
pl_h20,eval,736904490,3.122196
pl_h20,eval,747283426,3.115494
pl_h20,eval,757662363,3.114796
pl_h20,eval,768041299,3.111232
pl_h20,eval,778420236,3.112500
pl_h20,eval,788799172,3.105522
pl_h20,eval,799178109,3.103262
pl_h20,eval,809557045,3.100231
pl_h20,eval,819935982,3.095946
pl_h20,eval,830314918,3.104870
pl_h20,eval,840693854,3.092383
pl_h20,eval,851072791,3.088258
pl_h20,eval,861451727,3.087533
pl_h20,eval,871830664,3.086232
pl_h20,eval,882209600,3.080986
pl_h20,eval,892588537,3.083017
pl_h20,eval,902967473,3.077556
pl_h20,eval,913346410,3.077687
pl_h20,eval,923725346,3.089875
pl_h20,eval,934104283,3.071453
pl_h20,eval,944483219,3.071244
pl_h20,eval,954862156,3.068846
pl_h20,eval,965241092,3.066408
pl_h20,eval,975620029,3.069076
pl_h20,eval,985998965,3.063087
pl_h20,eval,996377902,3.065370
pl_h20,eval,1006756838,3.061347
pl_h20,eval,1017135775,3.059139
pl_h20,eval,1027514711,3.060813
pl_h20,eval,1037893647,3.056908
