series,metric,step,value
b0,train_loss,32,9.457840
b0,train_loss,64,9.408040
b0,train_loss,96,9.242430
b0,train_loss,128,8.299320
b0,train_loss,160,7.729810
b0,train_loss,192,7.471370
b0,train_loss,224,7.181440
b0,train_loss,256,7.045660
b0,train_loss,288,6.965990
b0,train_loss,320,6.934780
b0,train_loss,352,6.823200
b0,train_loss,384,6.775980
b0,train_loss,416,6.755640
b0,train_loss,448,6.615120
b0,train_loss,480,6.517460
b0,train_loss,512,6.424360
b0,train_loss,544,6.303630
b0,train_loss,576,6.232240
b0,train_loss,608,6.158360
b0,train_loss,640,6.065640
b0,train_loss,672,5.998150
b0,train_loss,704,5.921070
b0,train_loss,736,5.794820
b0,train_loss,768,5.712580
b0,train_loss,800,5.643850
b0,train_loss,832,5.581340
b0,train_loss,864,5.521570
b0,train_loss,896,5.478050
b0,train_loss,928,5.419330
b0,train_loss,960,5.371700
b0,train_loss,992,5.311090
b0,train_loss,1024,5.309260
b0,train_loss,1056,5.252400
b0,train_loss,1088,5.243080
b0,train_loss,1120,5.184670
b0,train_loss,1152,5.114120
b0,train_loss,1184,5.090150
b0,train_loss,1216,5.064860
b0,train_loss,1248,4.993700
b0,train_loss,1280,4.992480
b0,train_loss,1312,4.969680
b0,train_loss,1344,4.956650
b0,train_loss,1376,4.913820
b0,train_loss,1408,4.918840
b0,train_loss,1440,4.837720
b0,train_loss,1472,4.807320
b0,train_loss,1504,4.759160
b0,train_loss,1536,4.715580
b0,train_loss,1568,4.734030
b0,train_loss,1600,4.675120
b0,train_loss,1632,4.647830
b0,train_loss,1664,4.646330
b0,train_loss,1696,4.569260
b0,train_loss,1728,4.579920
b0,train_loss,1760,4.558120
b0,train_loss,1792,4.541010
b0,train_loss,1824,4.470990
b0,train_loss,1856,4.456760
b0,train_loss,1888,4.513540
b0,train_loss,1920,4.418110
b0,train_loss,1952,4.365120
b0,train_loss,1984,4.424920
b0,train_loss,2016,4.384960
b0,train_loss,2048,4.319940
b0,train_loss,2080,4.322670
b0,train_loss,2112,4.217050
b0,train_loss,2144,4.290420
b0,train_loss,2176,4.272260
b0,train_loss,2208,4.265320
b0,train_loss,2240,4.253620
b0,train_loss,2272,4.252240
b0,train_loss,2304,4.231980
b0,train_loss,2336,4.174190
b0,train_loss,2368,4.149750
b0,train_loss,2400,4.236020
b0,train_loss,2432,4.111170
b0,train_loss,2464,4.132720
b0,train_loss,2496,4.123710
b0,train_loss,2528,4.132500
b0,train_loss,2560,4.103250
b0,train_loss,2592,4.087800
b0,train_loss,2624,4.040300
b0,train_loss,2656,4.086450
b0,train_loss,2688,4.012040
b0,train_loss,2720,4.007880
b0,train_loss,2752,4.024230
b0,train_loss,2784,4.015840
b0,train_loss,2816,4.022060
b0,train_loss,2848,3.977540
b0,train_loss,2880,4.008280
b0,train_loss,2912,3.975410
b0,train_loss,2944,3.951410
b0,train_loss,2976,3.913880
b0,train_loss,3008,3.902950
b0,train_loss,3040,3.913170
b0,train_loss,3072,3.968120
b0,train_loss,3104,3.886970
b0,train_loss,3136,3.879020
b0,train_loss,3168,3.895920
b0,train_loss,3200,3.888680
b0,train_loss,3232,3.875870
b0,train_loss,3264,3.860970
b0,train_loss,3296,3.841280
b0,train_loss,3328,3.849260
b0,train_loss,3360,3.800580
b0,train_loss,3392,3.853370
b0,train_loss,3424,3.825920
b0,train_loss,3456,3.851340
b0,train_loss,3488,3.757950
b0,train_loss,3520,3.816910
b0,train_loss,3552,3.779790
b0,train_loss,3584,3.778210
b0,train_loss,3616,3.747330
b0,train_loss,3648,3.752860
b0,train_loss,3680,3.721520
b0,train_loss,3712,3.760560
b0,train_loss,3744,3.748510
b0,train_loss,3776,3.722390
b0,train_loss,3808,3.720150
b0,train_loss,3840,3.682540
b0,train_loss,3872,3.749960
b0,train_loss,3904,3.684320
b0,train_loss,3936,3.685230
b0,train_loss,3968,3.694610
b0,train_loss,4000,3.711870
b0,train_loss,4032,3.840560
b0,train_loss,4064,3.663700
b0,train_loss,4096,3.688340
b0,train_loss,4128,3.648600
b0,train_loss,4160,3.641680
b0,train_loss,4192,3.648590
b0,train_loss,4224,3.647860
b0,train_loss,4256,3.590620
b0,train_loss,4288,3.593490
b0,train_loss,4320,3.593940
b0,train_loss,4352,3.577750
b0,train_loss,4384,3.550770
b0,train_loss,4416,3.529210
b0,train_loss,4448,3.573560
b0,train_loss,4480,3.517640
b0,train_loss,4512,3.524110
b0,train_loss,4544,3.529220
b0,train_loss,4576,3.538260
b0,train_loss,4608,3.509450
b0,train_loss,4640,3.506830
b0,train_loss,4672,3.511490
b0,train_loss,4704,3.533770
b0,train_loss,4736,3.515480
b0,train_loss,4768,3.495250
b0,train_loss,4800,3.482050
b0,train_loss,4832,3.468730
b0,train_loss,4864,3.497140
b0,train_loss,4896,3.470510
b0,train_loss,4928,3.435860
b0,train_loss,4960,3.450060
b0,train_loss,4992,3.455050
b0,train_loss,5024,3.430090
b0,train_loss,5056,3.465130
b0,train_loss,5088,3.474920
b0,train_loss,5120,3.413980
b0,train_loss,5152,3.402580
b0,train_loss,5184,3.457050
b0,train_loss,5216,3.421570
b0,train_loss,5248,3.397960
b0,train_loss,5280,3.430790
b0,train_loss,5312,3.372320
b0,train_loss,5344,3.395600
b0,train_loss,5376,3.394140
b0,train_loss,5408,3.429690
b0,train_loss,5440,3.432850
b0,train_loss,5472,3.415790
b0,train_loss,5504,3.379270
b0,train_loss,5536,3.362440
b0,train_loss,5568,3.350940
b0,train_loss,5600,3.324260
b0,train_loss,5632,3.330020
b0,train_loss,5664,3.369180
b0,train_loss,5696,3.353420
b0,train_loss,5728,3.346510
b0,train_loss,5760,3.306360
b0,train_loss,5792,3.359990
b0,train_loss,5824,3.297680
b0,train_loss,5856,3.316000
b0,train_loss,5888,3.316340
b0,train_loss,5920,3.334780
b0,train_loss,5952,3.297670
b0,train_loss,5984,3.293790
b0,train_loss,6016,3.302490
b0,train_loss,6048,3.305740
b0,train_loss,6080,3.275430
b0,train_loss,6112,3.251550
b0,train_loss,6144,3.294330
b0,train_loss,6176,3.259700
b0,train_loss,6208,3.280180
b0,train_loss,6240,3.230560
b0,train_loss,6272,3.276830
b0,train_loss,6304,3.298880
b0,train_loss,6336,3.217200
b0,train_loss,6368,3.261710
b0,train_loss,6400,3.248550
b0,train_loss,6432,3.256160
b0,train_loss,6464,3.262530
b0,train_loss,6496,3.247930
b0,train_loss,6528,3.257430
b0,train_loss,6560,3.201820
b0,train_loss,6592,3.252690
b0,train_loss,6624,3.284680
b0,train_loss,6656,3.232010
b0,train_loss,6688,3.239310
b0,train_loss,6720,3.199650
b0,train_loss,6752,3.206440
b0,train_loss,6784,3.205700
b0,train_loss,6816,3.184550
b0,train_loss,6848,3.193450
b0,train_loss,6880,3.220830
b0,train_loss,6912,3.225640
b0,train_loss,6944,3.200120
b0,train_loss,6976,3.178110
b0,train_loss,7008,3.246670
b0,train_loss,7040,3.169880
b0,train_loss,7072,3.223510
b0,train_loss,7104,3.179000
b0,train_loss,7136,3.205440
b0,train_loss,7168,3.177900
b0,train_loss,7200,3.155760
b0,train_loss,7232,3.180620
b0,train_loss,7264,3.196720
b0,train_loss,7296,3.171600
b0,train_loss,7328,3.187910
b0,train_loss,7360,3.207150
b0,train_loss,7392,3.195670
b0,train_loss,7424,3.159580
b0,train_loss,7456,3.181480
b0,train_loss,7488,3.126220
b0,train_loss,7520,3.132270
b0,train_loss,7552,3.115120
b0,train_loss,7584,3.127980
b0,train_loss,7616,3.198030
b0,train_loss,7648,3.152870
b0,train_loss,7680,3.139120
b0,train_loss,7712,3.195470
b0,train_loss,7744,3.180600
b0,train_loss,7776,3.193950
b0,train_loss,7808,3.156870
b0,train_loss,7840,3.166770
b0,train_loss,7872,3.167220
b0,train_loss,7904,3.135230
b0,train_loss,7936,3.175510
b0,train_loss,7968,3.157660
b0,train_loss,8000,3.139620
b0,train_loss,8032,3.184600
b0,train_loss,8064,3.188040
b0,train_loss,8096,3.114640
b0,train_loss,8128,3.162130
b0,train_loss,8160,3.131130
b0,train_loss,8192,3.168610
b0,train_loss,8224,3.183440
b0,train_loss,8256,3.109680
b0,train_loss,8288,3.155770
b0,train_loss,8320,3.129610
b0,train_loss,8352,3.145810
b0,train_loss,8384,3.165650
b0,train_loss,8416,3.158350
b0,train_loss,8448,3.121310
b0,train_loss,8480,3.163480
b0,train_loss,8512,3.163910
b0,train_loss,8544,3.159540
b0,train_loss,8576,3.122040
b0,train_loss,8608,3.139640
b0,train_loss,8640,3.163090
b0,train_loss,8672,3.143350
b0,train_loss,8704,3.139590
b0,train_loss,8736,3.132540
b0,train_loss,8768,3.142620
b0,train_loss,8800,3.135100
b0,train_loss,8832,3.138600
b0,train_loss,8864,3.137650
b0,train_loss,8896,3.112230
b0,train_loss,8928,3.133230
b0,train_loss,8960,3.148580
b0,train_loss,8992,3.118560
b0,train_loss,9024,3.114450
b0,train_loss,9056,3.094820
b0,train_loss,9088,3.041400
b0,train_loss,9120,3.125090
b0,train_loss,9152,3.099760
b0,train_loss,9184,3.122960
b0,train_loss,9216,3.123840
b0,train_loss,9248,3.081270
b0,train_loss,9280,3.079530
b0,train_loss,9312,3.100560
b0,train_loss,9344,3.053960
b0,train_loss,9376,3.123850
b0,train_loss,9408,3.061590
b0,train_loss,9440,3.060990
b0,train_loss,9472,3.063810
b0,train_loss,9504,3.080760
b0,train_loss,9536,3.104890
b0,train_loss,9568,3.093580
b0,train_loss,9600,3.105790
b0,train_loss,9632,3.079110
b0,train_loss,9664,3.075520
b0,train_loss,9696,3.091760
b0,train_loss,9728,3.129150
b0,train_loss,9760,3.112330
b0,train_loss,9792,3.092230
b0,train_loss,9824,3.091870
b0,train_loss,9856,3.069270
b0,train_loss,9888,3.092590
b0,train_loss,9920,3.082870
b0,train_loss,9952,3.040100
b0,train_loss,9984,3.067170
b0,train_loss,10016,3.069200
b0,train_loss,10048,3.063500
b0,train_loss,10080,3.069240
b0,train_loss,10112,3.064360
b0,train_loss,10144,3.106920
b0,train_loss,10176,3.056900
b0,train_loss,10208,3.092850
b0,train_loss,10240,3.089430
b0,train_loss,10272,3.026430
b0,train_loss,10304,3.067130
b0,train_loss,10336,3.045600
b0,train_loss,10368,3.057750
b0,train_loss,10400,3.095110
b0,train_loss,10432,3.034310
b0,train_loss,10464,3.043310
b0,train_loss,10496,3.074550
b0,train_loss,10528,3.047340
b0,train_loss,10560,3.030230
b0,train_loss,10592,3.034800
b0,train_loss,10624,3.095700
b0,train_loss,10656,3.066200
b0,train_loss,10688,3.049650
b0,train_loss,10720,3.064640
b0,train_loss,10752,3.060000
b0,train_loss,10784,3.049330
b0,train_loss,10816,3.029040
b0,train_loss,10848,3.041730
b0,train_loss,10880,3.027170
b0,train_loss,10912,3.084770
b0,train_loss,10944,3.026270
b0,train_loss,10976,3.060750
b0,train_loss,11008,3.065910
b0,train_loss,11040,3.049960
b0,train_loss,11072,3.037010
b0,train_loss,11104,2.963790
b0,train_loss,11136,3.014490
b0,train_loss,11168,3.043380
b0,train_loss,11200,3.068560
b0,train_loss,11232,3.006470
b0,train_loss,11264,3.033730
b0,train_loss,11296,3.022780
b0,train_loss,11328,3.012720
b0,train_loss,11360,3.039620
b0,train_loss,11392,2.975760
b0,train_loss,11424,2.962060
b0,train_loss,11456,3.026130
b0,train_loss,11488,3.013660
b0,train_loss,11520,2.993530
b0,train_loss,11552,3.027330
b0,train_loss,11584,3.030500
b0,train_loss,11616,2.992790
b0,train_loss,11648,3.030660
b0,train_loss,11680,3.028740
b0,train_loss,11712,3.033400
b0,train_loss,11744,3.051500
b0,train_loss,11776,3.044420
b0,train_loss,11808,2.982950
b0,train_loss,11840,3.005260
b0,train_loss,11872,3.049220
b0,train_loss,11904,3.017730
b0,train_loss,11936,2.999630
b0,train_loss,11968,2.987350
b0,train_loss,12000,2.986280
b0,train_loss,12032,2.989700
b0,train_loss,12064,3.028520
b0,train_loss,12096,3.038970
b0,train_loss,12128,3.031210
b0,train_loss,12160,3.019380
b0,train_loss,12192,3.022330
b0,train_loss,12224,3.003890
b0,train_loss,12256,3.065590
b0,train_loss,12288,3.013640
b0,train_loss,12320,3.026290
b0,train_loss,12352,3.051190
b0,train_loss,12384,3.006060
b0,train_loss,12416,2.993940
b0,train_loss,12448,3.007660
b0,train_loss,12480,3.006820
b0,train_loss,12512,3.028510
b0,train_loss,12544,2.976350
b0,train_loss,12576,3.012160
b0,train_loss,12608,3.010720
b0,train_loss,12640,3.020580
b0,train_loss,12672,2.982100
b0,train_loss,12704,3.070890
b0,train_loss,12736,3.006630
b0,train_loss,12768,3.002310
b0,train_loss,12800,2.954290
b0,train_loss,12832,3.009970
b0,train_loss,12864,3.007810
b0,train_loss,12896,2.953920
b0,train_loss,12928,2.966470
b0,train_loss,12960,2.995400
b0,train_loss,12992,3.006170
b0,train_loss,13024,3.029900
b0,train_loss,13056,2.982060
b0,train_loss,13088,2.991840
b0,train_loss,13120,3.019550
b0,train_loss,13152,3.048850
b0,train_loss,13184,2.990600
b0,train_loss,13216,2.969850
b0,train_loss,13248,2.957280
b0,train_loss,13280,2.973940
b0,train_loss,13312,2.968270
b0,train_loss,13344,3.022060
b0,train_loss,13376,2.974820
b0,train_loss,13408,3.003470
b0,train_loss,13440,2.975160
b0,train_loss,13472,2.991380
b0,train_loss,13504,2.996270
b0,train_loss,13536,2.974540
b0,train_loss,13568,2.980220
b0,train_loss,13600,2.968000
b0,train_loss,13632,2.969120
b0,train_loss,13664,2.954360
b0,train_loss,13696,2.931150
b0,train_loss,13728,2.968170
b0,train_loss,13760,2.979280
b0,train_loss,13792,2.931640
b0,train_loss,13824,2.988480
b0,train_loss,13856,2.951370
b0,train_loss,13888,2.984120
b0,train_loss,13920,2.990460
b0,train_loss,13952,2.969090
b0,train_loss,13984,2.982810
b0,train_loss,14016,3.005830
b0,train_loss,14048,2.991630
b0,train_loss,14080,2.969050
b0,train_loss,14112,3.005300
b0,train_loss,14144,3.010840
b0,train_loss,14176,3.027690
b0,train_loss,14208,2.985890
b0,train_loss,14240,2.972570
b0,train_loss,14272,2.949230
b0,train_loss,14304,2.974800
b0,train_loss,14336,2.974060
b0,train_loss,14368,2.957920
b0,train_loss,14400,2.959030
b0,train_loss,14432,2.972170
b0,train_loss,14464,3.001820
b0,train_loss,14496,2.955730
b0,train_loss,14528,2.937370
b0,train_loss,14560,2.939950
b0,train_loss,14592,2.975530
b0,train_loss,14624,2.953280
b0,train_loss,14656,2.947530
b0,train_loss,14688,2.982630
b0,train_loss,14720,2.981550
b0,train_loss,14752,3.025740
b0,train_loss,14784,2.966020
b0,train_loss,14816,3.004000
b0,train_loss,14848,2.985170
b0,train_loss,14880,2.930470
b0,train_loss,14912,2.982910
b0,train_loss,14944,2.984110
b0,train_loss,14976,2.985670
b0,train_loss,15008,2.967160
b0,train_loss,15040,2.913750
b0,train_loss,15072,2.926850
b0,train_loss,15104,2.986770
b0,train_loss,15136,2.954420
b0,train_loss,15168,2.944480
b0,train_loss,15200,2.951870
b0,train_loss,15232,2.957050
b0,train_loss,15264,2.952590
b0,train_loss,15296,2.939970
b0,train_loss,15328,2.919970
b0,train_loss,15360,2.940690
b0,train_loss,15392,2.917560
b0,train_loss,15424,2.908210
b0,train_loss,15456,2.917680
b0,train_loss,15488,2.935540
b0,train_loss,15520,2.991590
b0,train_loss,15552,2.923440
b0,train_loss,15584,2.911190
b0,train_loss,15616,2.917760
b0,train_loss,15648,2.938160
b0,train_loss,15680,2.937280
b0,train_loss,15712,2.964450
b0,train_loss,15744,2.956720
b0,train_loss,15776,2.928550
b0,train_loss,15808,2.944450
b0,train_loss,15840,2.976780
b0,train_loss,15872,2.930930
b0,train_loss,15904,2.941110
b0,train_loss,15936,2.922530
b0,train_loss,15968,2.947270
b0,train_loss,16000,2.911440
b0,train_loss,16032,2.921970
b0,eval_loss,321,6.876860
b0,eval_loss,642,5.996440
b0,eval_loss,963,5.336250
b0,eval_loss,1284,4.978330
b0,eval_loss,1605,4.674200
b0,eval_loss,1926,4.410640
b0,eval_loss,2247,4.236000
b0,eval_loss,2568,4.093400
b0,eval_loss,2889,3.991350
b0,eval_loss,3210,3.879700
b0,eval_loss,3531,3.801730
b0,eval_loss,3852,3.721110
b0,eval_loss,4173,3.641870
b0,eval_loss,4494,3.581770
b0,eval_loss,4815,3.491630
b0,eval_loss,5136,3.435770
b0,eval_loss,5457,3.391240
b0,eval_loss,5778,3.340790
b0,eval_loss,6099,3.303940
b0,eval_loss,6420,3.266810
b0,eval_loss,6741,3.237940
b0,eval_loss,7062,3.212390
b0,eval_loss,7383,3.187600
b0,eval_loss,7704,3.167290
b0,eval_loss,8025,3.147700
b0,eval_loss,8346,3.129610
b0,eval_loss,8667,3.114530
b0,eval_loss,8988,3.097710
b0,eval_loss,9309,3.084570
b0,eval_loss,9630,3.070670
b0,eval_loss,9951,3.055910
b0,eval_loss,10272,3.045290
b0,eval_loss,10593,3.035150
b0,eval_loss,10914,3.026430
b0,eval_loss,11235,3.018730
b0,eval_loss,11556,3.009360
b0,eval_loss,11877,3.000850
b0,eval_loss,12198,2.994860
b0,eval_loss,12519,2.988300
b0,eval_loss,12840,2.982970
b0,eval_loss,13161,2.983250
b0,eval_loss,13482,2.966700
b0,eval_loss,13803,2.965560
b0,eval_loss,14124,2.957260
b0,eval_loss,14445,2.951730
b0,eval_loss,14766,2.947180
b0,eval_loss,15087,2.938570
b0,eval_loss,15408,2.938370
b0,eval_loss,15729,2.932910
b0,eval_loss,16050,2.929440
b0,grad_norm,32,0.449000
b0,grad_norm,64,0.454800
b0,grad_norm,96,0.647200
b0,grad_norm,128,1.055400
b0,grad_norm,160,0.704400
b0,grad_norm,192,0.553000
b0,grad_norm,224,0.509600
b0,grad_norm,256,0.425100
b0,grad_norm,288,0.404400
b0,grad_norm,320,0.685800
b0,grad_norm,352,0.406600
b0,grad_norm,384,0.357200
b0,grad_norm,416,6.398400
b0,grad_norm,448,0.400900
b0,grad_norm,480,0.395000
b0,grad_norm,512,0.552800
b0,grad_norm,544,0.447200
b0,grad_norm,576,1.304300
b0,grad_norm,608,1.031500
b0,grad_norm,640,0.531500
b0,grad_norm,672,0.450200
b0,grad_norm,704,0.645300
b0,grad_norm,736,0.573500
b0,grad_norm,768,0.465700
b0,grad_norm,800,0.501400
b0,grad_norm,832,0.490800
b0,grad_norm,864,0.442900
b0,grad_norm,896,0.423200
b0,grad_norm,928,0.498200
b0,grad_norm,960,0.457300
b0,grad_norm,992,0.477700
b0,grad_norm,1024,0.525500
b0,grad_norm,1056,0.451800
b0,grad_norm,1088,0.428700
b0,grad_norm,1120,0.442300
b0,grad_norm,1152,0.438200
b0,grad_norm,1184,0.469200
b0,grad_norm,1216,0.495700
b0,grad_norm,1248,0.489500
b0,grad_norm,1280,0.445800
b0,grad_norm,1312,0.507800
b0,grad_norm,1344,0.482700
b0,grad_norm,1376,0.479100
b0,grad_norm,1408,0.546000
b0,grad_norm,1440,0.437400
b0,grad_norm,1472,0.444700
b0,grad_norm,1504,0.445900
b0,grad_norm,1536,0.480600
b0,grad_norm,1568,0.464300
b0,grad_norm,1600,0.478800
b0,grad_norm,1632,0.439500
b0,grad_norm,1664,0.436200
b0,grad_norm,1696,0.468800
b0,grad_norm,1728,0.465500
b0,grad_norm,1760,0.445700
b0,grad_norm,1792,0.463100
b0,grad_norm,1824,0.507200
b0,grad_norm,1856,0.479000
b0,grad_norm,1888,0.499300
b0,grad_norm,1920,0.469400
b0,grad_norm,1952,0.455300
b0,grad_norm,1984,0.454500
b0,grad_norm,2016,0.480500
b0,grad_norm,2048,0.437500
b0,grad_norm,2080,0.433500
b0,grad_norm,2112,0.452800
b0,grad_norm,2144,0.462500
b0,grad_norm,2176,0.453500
b0,grad_norm,2208,0.445500
b0,grad_norm,2240,0.480600
b0,grad_norm,2272,0.480500
b0,grad_norm,2304,0.459100
b0,grad_norm,2336,0.413500
b0,grad_norm,2368,0.436900
b0,grad_norm,2400,0.434600
b0,grad_norm,2432,0.423300
b0,grad_norm,2464,0.417200
b0,grad_norm,2496,0.445400
b0,grad_norm,2528,0.426500
b0,grad_norm,2560,0.421500
b0,grad_norm,2592,0.402000
b0,grad_norm,2624,0.424800
b0,grad_norm,2656,0.413900
b0,grad_norm,2688,0.440400
b0,grad_norm,2720,0.442200
b0,grad_norm,2752,0.414600
b0,grad_norm,2784,0.419600
b0,grad_norm,2816,0.420600
b0,grad_norm,2848,0.411700
b0,grad_norm,2880,0.417100
b0,grad_norm,2912,0.412800
b0,grad_norm,2944,0.424100
b0,grad_norm,2976,0.394300
b0,grad_norm,3008,0.396800
b0,grad_norm,3040,0.419700
b0,grad_norm,3072,0.421600
b0,grad_norm,3104,0.407900
b0,grad_norm,3136,0.407300
b0,grad_norm,3168,0.414100
b0,grad_norm,3200,0.408900
b0,grad_norm,3232,0.420700
b0,grad_norm,3264,0.421100
b0,grad_norm,3296,0.403200
b0,grad_norm,3328,0.478300
b0,grad_norm,3360,0.451400
b0,grad_norm,3392,0.650700
b0,grad_norm,3424,0.384800
b0,grad_norm,3456,0.405200
b0,grad_norm,3488,0.390100
b0,grad_norm,3520,0.405500
b0,grad_norm,3552,0.424400
b0,grad_norm,3584,0.392800
b0,grad_norm,3616,0.391100
b0,grad_norm,3648,0.385100
b0,grad_norm,3680,0.389300
b0,grad_norm,3712,0.378400
b0,grad_norm,3744,0.392200
b0,grad_norm,3776,0.388500
b0,grad_norm,3808,0.392000
b0,grad_norm,3840,0.392300
b0,grad_norm,3872,0.393800
b0,grad_norm,3904,0.421500
b0,grad_norm,3936,0.421100
b0,grad_norm,3968,0.393900
b0,grad_norm,4000,0.392400
b0,grad_norm,4032,0.444400
b0,grad_norm,4064,0.379100
b0,grad_norm,4096,0.386100
b0,grad_norm,4128,0.410800
b0,grad_norm,4160,0.384500
b0,grad_norm,4192,0.386700
b0,grad_norm,4224,0.382600
b0,grad_norm,4256,0.365900
b0,grad_norm,4288,0.383300
b0,grad_norm,4320,0.366200
b0,grad_norm,4352,0.382600
b0,grad_norm,4384,0.366700
b0,grad_norm,4416,0.365500
b0,grad_norm,4448,0.361800
b0,grad_norm,4480,0.425000
b0,grad_norm,4512,0.412700
b0,grad_norm,4544,0.363800
b0,grad_norm,4576,0.354300
b0,grad_norm,4608,0.354600
b0,grad_norm,4640,0.386700
b0,grad_norm,4672,0.382400
b0,grad_norm,4704,0.392300
b0,grad_norm,4736,0.359500
b0,grad_norm,4768,0.370500
b0,grad_norm,4800,0.374000
b0,grad_norm,4832,0.374100
b0,grad_norm,4864,0.372800
b0,grad_norm,4896,0.359800
b0,grad_norm,4928,0.369800
b0,grad_norm,4960,0.360700
b0,grad_norm,4992,0.367900
b0,grad_norm,5024,0.361400
b0,grad_norm,5056,0.375100
b0,grad_norm,5088,0.374600
b0,grad_norm,5120,0.369100
b0,grad_norm,5152,0.357200
b0,grad_norm,5184,0.358900
b0,grad_norm,5216,0.367500
b0,grad_norm,5248,0.351700
b0,grad_norm,5280,0.360700
b0,grad_norm,5312,0.372900
b0,grad_norm,5344,0.367500
b0,grad_norm,5376,0.373700
b0,grad_norm,5408,0.351200
b0,grad_norm,5440,0.368100
b0,grad_norm,5472,0.365700
b0,grad_norm,5504,0.358900
b0,grad_norm,5536,0.357200
b0,grad_norm,5568,0.360100
b0,grad_norm,5600,0.367000
b0,grad_norm,5632,0.375700
b0,grad_norm,5664,0.380200
b0,grad_norm,5696,0.365400
b0,grad_norm,5728,0.355100
b0,grad_norm,5760,0.349600
b0,grad_norm,5792,0.359300
b0,grad_norm,5824,0.363600
b0,grad_norm,5856,0.368000
b0,grad_norm,5888,0.381500
b0,grad_norm,5920,0.372000
b0,grad_norm,5952,0.357400
b0,grad_norm,5984,0.352000
b0,grad_norm,6016,0.385300
b0,grad_norm,6048,0.358400
b0,grad_norm,6080,0.371100
b0,grad_norm,6112,0.356400
b0,grad_norm,6144,0.350600
b0,grad_norm,6176,0.363800
b0,grad_norm,6208,0.352100
b0,grad_norm,6240,0.370700
b0,grad_norm,6272,0.369900
b0,grad_norm,6304,0.381900
b0,grad_norm,6336,0.369300
b0,grad_norm,6368,0.356400
b0,grad_norm,6400,0.359700
b0,grad_norm,6432,0.348400
b0,grad_norm,6464,0.368100
b0,grad_norm,6496,0.355700
b0,grad_norm,6528,0.346900
b0,grad_norm,6560,0.352900
b0,grad_norm,6592,0.346000
b0,grad_norm,6624,0.342800
b0,grad_norm,6656,0.361400
b0,grad_norm,6688,0.376200
b0,grad_norm,6720,0.366300
b0,grad_norm,6752,0.362600
b0,grad_norm,6784,0.368000
b0,grad_norm,6816,0.354900
b0,grad_norm,6848,0.356100
b0,grad_norm,6880,0.352800
b0,grad_norm,6912,0.357100
b0,grad_norm,6944,0.357000
b0,grad_norm,6976,0.363600
b0,grad_norm,7008,0.356100
b0,grad_norm,7040,0.366000
b0,grad_norm,7072,0.347700
b0,grad_norm,7104,0.354800
b0,grad_norm,7136,0.342600
b0,grad_norm,7168,0.343900
b0,grad_norm,7200,0.347600
b0,grad_norm,7232,0.353100
b0,grad_norm,7264,0.358100
b0,grad_norm,7296,0.364400
b0,grad_norm,7328,0.369000
b0,grad_norm,7360,0.358900
b0,grad_norm,7392,0.353600
b0,grad_norm,7424,0.354700
b0,grad_norm,7456,0.349600
b0,grad_norm,7488,0.349900
b0,grad_norm,7520,0.356900
b0,grad_norm,7552,0.362400
b0,grad_norm,7584,0.352400
b0,grad_norm,7616,0.357500
b0,grad_norm,7648,0.351300
b0,grad_norm,7680,0.356700
b0,grad_norm,7712,0.365600
b0,grad_norm,7744,0.360600
b0,grad_norm,7776,0.371900
b0,grad_norm,7808,0.342800
b0,grad_norm,7840,0.359200
b0,grad_norm,7872,0.351000
b0,grad_norm,7904,0.383700
b0,grad_norm,7936,0.342000
b0,grad_norm,7968,0.347200
b0,grad_norm,8000,0.356800
b0,grad_norm,8032,0.380100
b0,grad_norm,8064,0.348700
b0,grad_norm,8096,0.338800
b0,grad_norm,8128,0.342600
b0,grad_norm,8160,0.334400
b0,grad_norm,8192,0.366600
b0,grad_norm,8224,0.346500
b0,grad_norm,8256,0.347100
b0,grad_norm,8288,0.348900
b0,grad_norm,8320,0.365900
b0,grad_norm,8352,0.353900
b0,grad_norm,8384,0.342900
b0,grad_norm,8416,0.368900
b0,grad_norm,8448,0.352800
b0,grad_norm,8480,0.359400
b0,grad_norm,8512,0.350400
b0,grad_norm,8544,0.347800
b0,grad_norm,8576,0.354400
b0,grad_norm,8608,0.366500
b0,grad_norm,8640,0.345400
b0,grad_norm,8672,0.349700
b0,grad_norm,8704,0.351000
b0,grad_norm,8736,0.353900
b0,grad_norm,8768,0.346400
b0,grad_norm,8800,0.343200
b0,grad_norm,8832,0.349800
b0,grad_norm,8864,0.348000
b0,grad_norm,8896,0.350800
b0,grad_norm,8928,0.363300
b0,grad_norm,8960,0.350900
b0,grad_norm,8992,0.343400
b0,grad_norm,9024,0.363700
b0,grad_norm,9056,0.369100
b0,grad_norm,9088,0.364400
b0,grad_norm,9120,0.345000
b0,grad_norm,9152,0.344100
b0,grad_norm,9184,0.356800
b0,grad_norm,9216,0.353900
b0,grad_norm,9248,0.358200
b0,grad_norm,9280,0.341400
b0,grad_norm,9312,0.355000
b0,grad_norm,9344,0.344200
b0,grad_norm,9376,0.340100
b0,grad_norm,9408,0.349800
b0,grad_norm,9440,0.342300
b0,grad_norm,9472,0.345800
b0,grad_norm,9504,0.347300
b0,grad_norm,9536,0.342400
b0,grad_norm,9568,0.348600
b0,grad_norm,9600,0.346000
b0,grad_norm,9632,0.356500
b0,grad_norm,9664,0.341100
b0,grad_norm,9696,0.355300
b0,grad_norm,9728,0.353700
b0,grad_norm,9760,0.343400
b0,grad_norm,9792,0.341100
b0,grad_norm,9824,0.342900
b0,grad_norm,9856,0.345100
b0,grad_norm,9888,0.352400
b0,grad_norm,9920,0.340900
b0,grad_norm,9952,0.336400
b0,grad_norm,9984,0.349900
b0,grad_norm,10016,0.344300
b0,grad_norm,10048,0.341500
b0,grad_norm,10080,0.346800
b0,grad_norm,10112,0.350200
b0,grad_norm,10144,0.352100
b0,grad_norm,10176,0.337900
b0,grad_norm,10208,0.346700
b0,grad_norm,10240,0.344200
b0,grad_norm,10272,0.349200
b0,grad_norm,10304,0.352400
b0,grad_norm,10336,0.345500
b0,grad_norm,10368,0.355300
b0,grad_norm,10400,0.335600
b0,grad_norm,10432,0.339600
b0,grad_norm,10464,0.338900
b0,grad_norm,10496,0.344100
b0,grad_norm,10528,0.369300
b0,grad_norm,10560,0.346200
b0,grad_norm,10592,0.332800
b0,grad_norm,10624,0.344200
b0,grad_norm,10656,0.339000
b0,grad_norm,10688,0.339100
b0,grad_norm,10720,0.349300
b0,grad_norm,10752,0.338100
b0,grad_norm,10784,0.346900
b0,grad_norm,10816,0.348900
b0,grad_norm,10848,0.337200
b0,grad_norm,10880,0.345700
b0,grad_norm,10912,0.340200
b0,grad_norm,10944,0.344800
b0,grad_norm,10976,0.355400
b0,grad_norm,11008,0.342400
b0,grad_norm,11040,0.348300
b0,grad_norm,11072,0.351700
b0,grad_norm,11104,0.349900
b0,grad_norm,11136,0.343500
b0,grad_norm,11168,0.339500
b0,grad_norm,11200,0.337600
b0,grad_norm,11232,0.377500
b0,grad_norm,11264,0.353900
b0,grad_norm,11296,0.347000
b0,grad_norm,11328,0.344200
b0,grad_norm,11360,0.330700
b0,grad_norm,11392,0.333300
b0,grad_norm,11424,0.346900
b0,grad_norm,11456,0.356000
b0,grad_norm,11488,0.344200
b0,grad_norm,11520,0.345400
b0,grad_norm,11552,0.345500
b0,grad_norm,11584,0.356400
b0,grad_norm,11616,0.341500
b0,grad_norm,11648,0.334200
b0,grad_norm,11680,0.339000
b0,grad_norm,11712,0.344100
b0,grad_norm,11744,0.336700
b0,grad_norm,11776,0.341400
b0,grad_norm,11808,0.336000
b0,grad_norm,11840,0.330900
b0,grad_norm,11872,0.342800
b0,grad_norm,11904,0.333600
b0,grad_norm,11936,0.337600
b0,grad_norm,11968,0.349600
b0,grad_norm,12000,0.337500
b0,grad_norm,12032,0.345500
b0,grad_norm,12064,0.338800
b0,grad_norm,12096,0.347700
b0,grad_norm,12128,0.329300
b0,grad_norm,12160,0.331700
b0,grad_norm,12192,0.347200
b0,grad_norm,12224,0.330500
b0,grad_norm,12256,0.330400
b0,grad_norm,12288,0.342400
b0,grad_norm,12320,0.357400
b0,grad_norm,12352,0.334800
b0,grad_norm,12384,0.342500
b0,grad_norm,12416,0.337000
b0,grad_norm,12448,0.346200
b0,grad_norm,12480,0.346400
b0,grad_norm,12512,0.326500
b0,grad_norm,12544,0.343800
b0,grad_norm,12576,0.349100
b0,grad_norm,12608,0.348700
b0,grad_norm,12640,0.335800
b0,grad_norm,12672,0.342500
b0,grad_norm,12704,0.344200
b0,grad_norm,12736,0.331900
b0,grad_norm,12768,0.335700
b0,grad_norm,12800,0.335000
b0,grad_norm,12832,0.347700
b0,grad_norm,12864,0.339000
b0,grad_norm,12896,0.339000
b0,grad_norm,12928,0.335700
b0,grad_norm,12960,0.346600
b0,grad_norm,12992,0.339200
b0,grad_norm,13024,0.337600
b0,grad_norm,13056,0.357600
b0,grad_norm,13088,0.340700
b0,grad_norm,13120,0.330100
b0,grad_norm,13152,0.415500
b0,grad_norm,13184,0.361000
b0,grad_norm,13216,0.324700
b0,grad_norm,13248,0.334600
b0,grad_norm,13280,0.359700
b0,grad_norm,13312,0.344900
b0,grad_norm,13344,0.351500
b0,grad_norm,13376,0.342100
b0,grad_norm,13408,0.337300
b0,grad_norm,13440,0.334900
b0,grad_norm,13472,0.354700
b0,grad_norm,13504,0.333600
b0,grad_norm,13536,0.319100
b0,grad_norm,13568,0.334700
b0,grad_norm,13600,0.326800
b0,grad_norm,13632,0.325600
b0,grad_norm,13664,0.329300
b0,grad_norm,13696,0.325900
b0,grad_norm,13728,0.324700
b0,grad_norm,13760,0.338300
b0,grad_norm,13792,0.334400
b0,grad_norm,13824,0.337100
b0,grad_norm,13856,0.336700
b0,grad_norm,13888,0.330000
b0,grad_norm,13920,0.333800
b0,grad_norm,13952,0.323900
b0,grad_norm,13984,0.383200
b0,grad_norm,14016,0.346800
b0,grad_norm,14048,0.324600
b0,grad_norm,14080,0.333700
b0,grad_norm,14112,0.327100
b0,grad_norm,14144,0.323600
b0,grad_norm,14176,0.334400
b0,grad_norm,14208,0.331600
b0,grad_norm,14240,0.343900
b0,grad_norm,14272,0.332900
b0,grad_norm,14304,0.325600
b0,grad_norm,14336,0.328900
b0,grad_norm,14368,0.349200
b0,grad_norm,14400,0.342300
b0,grad_norm,14432,0.332700
b0,grad_norm,14464,0.324300
b0,grad_norm,14496,0.334500
b0,grad_norm,14528,0.343400
b0,grad_norm,14560,0.329300
b0,grad_norm,14592,0.340700
b0,grad_norm,14624,0.324500
b0,grad_norm,14656,0.323600
b0,grad_norm,14688,0.335700
b0,grad_norm,14720,0.344100
b0,grad_norm,14752,0.339300
b0,grad_norm,14784,0.331100
b0,grad_norm,14816,0.348400
b0,grad_norm,14848,0.361900
b0,grad_norm,14880,0.332600
b0,grad_norm,14912,0.330300
b0,grad_norm,14944,0.327400
b0,grad_norm,14976,0.325000
b0,grad_norm,15008,0.332300
b0,grad_norm,15040,0.353800
b0,grad_norm,15072,0.337600
b0,grad_norm,15104,0.330000
b0,grad_norm,15136,0.325800
b0,grad_norm,15168,0.326700
b0,grad_norm,15200,0.320900
b0,grad_norm,15232,0.324100
b0,grad_norm,15264,0.324800
b0,grad_norm,15296,0.323200
b0,grad_norm,15328,0.335600
b0,grad_norm,15360,0.337600
b0,grad_norm,15392,0.332500
b0,grad_norm,15424,0.330200
b0,grad_norm,15456,0.328600
b0,grad_norm,15488,0.346900
b0,grad_norm,15520,0.333800
b0,grad_norm,15552,0.322700
b0,grad_norm,15584,0.322200
b0,grad_norm,15616,0.330000
b0,grad_norm,15648,0.337900
b0,grad_norm,15680,0.346700
b0,grad_norm,15712,0.322200
b0,grad_norm,15744,0.319900
b0,grad_norm,15776,0.329600
b0,grad_norm,15808,0.326600
b0,grad_norm,15840,0.330100
b0,grad_norm,15872,0.328500
b0,grad_norm,15904,0.329600
b0,grad_norm,15936,0.344100
b0,grad_norm,15968,0.333700
b0,grad_norm,16000,0.332100
b0,grad_norm,16032,0.332500
e1,train_loss,32,9.459480
e1,train_loss,64,9.410840
e1,train_loss,96,9.243190
e1,train_loss,128,8.303450
e1,train_loss,160,7.730120
e1,train_loss,192,7.471300
e1,train_loss,224,7.182210
e1,train_loss,256,7.045500
e1,train_loss,288,6.965960
e1,train_loss,320,6.935570
e1,train_loss,352,6.824010
e1,train_loss,384,6.776890
e1,train_loss,416,6.758770
e1,train_loss,448,6.616580
e1,train_loss,480,6.519230
e1,train_loss,512,6.427400
e1,train_loss,544,6.306890
e1,train_loss,576,6.235090
e1,train_loss,608,6.161220
e1,train_loss,640,6.070250
e1,train_loss,672,6.002310
e1,train_loss,704,5.925520
e1,train_loss,736,5.798780
e1,train_loss,768,5.715150
e1,train_loss,800,5.646090
e1,train_loss,832,5.584570
e1,train_loss,864,5.523350
e1,train_loss,896,5.479600
e1,train_loss,928,5.422530
e1,train_loss,960,5.373840
e1,train_loss,992,5.312930
e1,train_loss,1024,5.310390
e1,train_loss,1056,5.254340
e1,train_loss,1088,5.244890
e1,train_loss,1120,5.186850
e1,train_loss,1152,5.116260
e1,train_loss,1184,5.091300
e1,train_loss,1216,5.066510
e1,train_loss,1248,4.995190
e1,train_loss,1280,4.994710
e1,train_loss,1312,4.971640
e1,train_loss,1344,4.958210
e1,train_loss,1376,4.915380
e1,train_loss,1408,4.924260
e1,train_loss,1440,4.841370
e1,train_loss,1472,4.809740
e1,train_loss,1504,4.761730
e1,train_loss,1536,4.717750
e1,train_loss,1568,4.735600
e1,train_loss,1600,4.677230
e1,train_loss,1632,4.651070
e1,train_loss,1664,4.648110
e1,train_loss,1696,4.572970
e1,train_loss,1728,4.585230
e1,train_loss,1760,4.561980
e1,train_loss,1792,4.544410
e1,train_loss,1824,4.475310
e1,train_loss,1856,4.461360
e1,train_loss,1888,4.515930
e1,train_loss,1920,4.421910
e1,train_loss,1952,4.367300
e1,train_loss,1984,4.426820
e1,train_loss,2016,4.389740
e1,train_loss,2048,4.323520
e1,train_loss,2080,4.324510
e1,train_loss,2112,4.221870
e1,train_loss,2144,4.293870
e1,train_loss,2176,4.274720
e1,train_loss,2208,4.268430
e1,train_loss,2240,4.256150
e1,train_loss,2272,4.253670
e1,train_loss,2304,4.234830
e1,train_loss,2336,4.176490
e1,train_loss,2368,4.152130
e1,train_loss,2400,4.237940
e1,train_loss,2432,4.116230
e1,train_loss,2464,4.136810
e1,train_loss,2496,4.125830
e1,train_loss,2528,4.135880
e1,train_loss,2560,4.108360
e1,train_loss,2592,4.088500
e1,train_loss,2624,4.042740
e1,train_loss,2656,4.086510
e1,train_loss,2688,4.011780
e1,train_loss,2720,4.010000
e1,train_loss,2752,4.027390
e1,train_loss,2784,4.017060
e1,train_loss,2816,4.025320
e1,train_loss,2848,3.979040
e1,train_loss,2880,4.008090
e1,train_loss,2912,3.975530
e1,train_loss,2944,3.952290
e1,train_loss,2976,3.916180
e1,train_loss,3008,3.905180
e1,train_loss,3040,3.915060
e1,train_loss,3072,3.970330
e1,train_loss,3104,3.888160
e1,train_loss,3136,3.878330
e1,train_loss,3168,3.894300
e1,train_loss,3200,3.889180
e1,train_loss,3232,3.875370
e1,train_loss,3264,3.859620
e1,train_loss,3296,3.839390
e1,train_loss,3328,3.848200
e1,train_loss,3360,3.804510
e1,train_loss,3392,3.841280
e1,train_loss,3424,3.823110
e1,train_loss,3456,3.851540
e1,train_loss,3488,3.755620
e1,train_loss,3520,3.815610
e1,train_loss,3552,3.777960
e1,train_loss,3584,3.777300
e1,train_loss,3616,3.744110
e1,train_loss,3648,3.749750
e1,train_loss,3680,3.716550
e1,train_loss,3712,3.758100
e1,train_loss,3744,3.745140
e1,train_loss,3776,3.716990
e1,train_loss,3808,3.717160
e1,train_loss,3840,3.678230
e1,train_loss,3872,3.744620
e1,train_loss,3904,3.679840
e1,train_loss,3936,3.677960
e1,train_loss,3968,3.686650
e1,train_loss,4000,3.704370
e1,train_loss,4032,3.832520
e1,train_loss,4064,3.656470
e1,train_loss,4096,3.681390
e1,train_loss,4128,3.639650
e1,train_loss,4160,3.633140
e1,train_loss,4192,3.643080
e1,train_loss,4224,3.640280
e1,train_loss,4256,3.580970
e1,train_loss,4288,3.584840
e1,train_loss,4320,3.586450
e1,train_loss,4352,3.569010
e1,train_loss,4384,3.543260
e1,train_loss,4416,3.520300
e1,train_loss,4448,3.567240
e1,train_loss,4480,3.511010
e1,train_loss,4512,3.516580
e1,train_loss,4544,3.523210
e1,train_loss,4576,3.530500
e1,train_loss,4608,3.501410
e1,train_loss,4640,3.499590
e1,train_loss,4672,3.503690
e1,train_loss,4704,3.525080
e1,train_loss,4736,3.509300
e1,train_loss,4768,3.487680
e1,train_loss,4800,3.474960
e1,train_loss,4832,3.461130
e1,train_loss,4864,3.490170
e1,train_loss,4896,3.463350
e1,train_loss,4928,3.430310
e1,train_loss,4960,3.443930
e1,train_loss,4992,3.448950
e1,train_loss,5024,3.423180
e1,train_loss,5056,3.457800
e1,train_loss,5088,3.468630
e1,train_loss,5120,3.406300
e1,train_loss,5152,3.397110
e1,train_loss,5184,3.451320
e1,train_loss,5216,3.415330
e1,train_loss,5248,3.394480
e1,train_loss,5280,3.425310
e1,train_loss,5312,3.367290
e1,train_loss,5344,3.390700
e1,train_loss,5376,3.388280
e1,train_loss,5408,3.423680
e1,train_loss,5440,3.425710
e1,train_loss,5472,3.409890
e1,train_loss,5504,3.372200
e1,train_loss,5536,3.358130
e1,train_loss,5568,3.345230
e1,train_loss,5600,3.318010
e1,train_loss,5632,3.325270
e1,train_loss,5664,3.365090
e1,train_loss,5696,3.348120
e1,train_loss,5728,3.341020
e1,train_loss,5760,3.301490
e1,train_loss,5792,3.353510
e1,train_loss,5824,3.295020
e1,train_loss,5856,3.312510
e1,train_loss,5888,3.314400
e1,train_loss,5920,3.332260
e1,train_loss,5952,3.293810
e1,train_loss,5984,3.290220
e1,train_loss,6016,3.299730
e1,train_loss,6048,3.304150
e1,train_loss,6080,3.270820
e1,train_loss,6112,3.249570
e1,train_loss,6144,3.289590
e1,train_loss,6176,3.256710
e1,train_loss,6208,3.278780
e1,train_loss,6240,3.228080
e1,train_loss,6272,3.274790
e1,train_loss,6304,3.298080
e1,train_loss,6336,3.217720
e1,train_loss,6368,3.259890
e1,train_loss,6400,3.245150
e1,train_loss,6432,3.255970
e1,train_loss,6464,3.260260
e1,train_loss,6496,3.245000
e1,train_loss,6528,3.255920
e1,train_loss,6560,3.200390
e1,train_loss,6592,3.251760
e1,train_loss,6624,3.285290
e1,train_loss,6656,3.232470
e1,train_loss,6688,3.236540
e1,train_loss,6720,3.197300
e1,train_loss,6752,3.205260
e1,train_loss,6784,3.202070
e1,train_loss,6816,3.183860
e1,train_loss,6848,3.190920
e1,train_loss,6880,3.218160
e1,train_loss,6912,3.224440
e1,train_loss,6944,3.198740
e1,train_loss,6976,3.176300
e1,train_loss,7008,3.246130
e1,train_loss,7040,3.170130
e1,train_loss,7072,3.221510
e1,train_loss,7104,3.179030
e1,train_loss,7136,3.205910
e1,train_loss,7168,3.176140
e1,train_loss,7200,3.157100
e1,train_loss,7232,3.179810
e1,train_loss,7264,3.196650
e1,train_loss,7296,3.169790
e1,train_loss,7328,3.188070
e1,train_loss,7360,3.206900
e1,train_loss,7392,3.194920
e1,train_loss,7424,3.158510
e1,train_loss,7456,3.181350
e1,train_loss,7488,3.125600
e1,train_loss,7520,3.133260
e1,train_loss,7552,3.113390
e1,train_loss,7584,3.127600
e1,train_loss,7616,3.197160
e1,train_loss,7648,3.153410
e1,train_loss,7680,3.137270
e1,train_loss,7712,3.196390
e1,train_loss,7744,3.179710
e1,train_loss,7776,3.192200
e1,train_loss,7808,3.155380
e1,train_loss,7840,3.166000
e1,train_loss,7872,3.166210
e1,train_loss,7904,3.133140
e1,train_loss,7936,3.175210
e1,train_loss,7968,3.157310
e1,train_loss,8000,3.138620
e1,train_loss,8032,3.185580
e1,train_loss,8064,3.185620
e1,train_loss,8096,3.113690
e1,train_loss,8128,3.162350
e1,train_loss,8160,3.130550
e1,train_loss,8192,3.166320
e1,train_loss,8224,3.181270
e1,train_loss,8256,3.108980
e1,train_loss,8288,3.155440
e1,train_loss,8320,3.128230
e1,train_loss,8352,3.145140
e1,train_loss,8384,3.164150
e1,train_loss,8416,3.157270
e1,train_loss,8448,3.121300
e1,train_loss,8480,3.162330
e1,train_loss,8512,3.163530
e1,train_loss,8544,3.159720
e1,train_loss,8576,3.123790
e1,train_loss,8608,3.142320
e1,train_loss,8640,3.164710
e1,train_loss,8672,3.142640
e1,train_loss,8704,3.138730
e1,train_loss,8736,3.131300
e1,train_loss,8768,3.141330
e1,train_loss,8800,3.133680
e1,train_loss,8832,3.138680
e1,train_loss,8864,3.137230
e1,train_loss,8896,3.112890
e1,train_loss,8928,3.133980
e1,train_loss,8960,3.147570
e1,train_loss,8992,3.117050
e1,train_loss,9024,3.114770
e1,train_loss,9056,3.095130
e1,train_loss,9088,3.039960
e1,train_loss,9120,3.123520
e1,train_loss,9152,3.098800
e1,train_loss,9184,3.121550
e1,train_loss,9216,3.123680
e1,train_loss,9248,3.080460
e1,train_loss,9280,3.079490
e1,train_loss,9312,3.099830
e1,train_loss,9344,3.054450
e1,train_loss,9376,3.124330
e1,train_loss,9408,3.062920
e1,train_loss,9440,3.061250
e1,train_loss,9472,3.062690
e1,train_loss,9504,3.080810
e1,train_loss,9536,3.104180
e1,train_loss,9568,3.093660
e1,train_loss,9600,3.104500
e1,train_loss,9632,3.078880
e1,train_loss,9664,3.074570
e1,train_loss,9696,3.091860
e1,train_loss,9728,3.128180
e1,train_loss,9760,3.110010
e1,train_loss,9792,3.092340
e1,train_loss,9824,3.090750
e1,train_loss,9856,3.069300
e1,train_loss,9888,3.090680
e1,train_loss,9920,3.082950
e1,train_loss,9952,3.040290
e1,train_loss,9984,3.064300
e1,train_loss,10016,3.071580
e1,train_loss,10048,3.064300
e1,train_loss,10080,3.070760
e1,train_loss,10112,3.065170
e1,train_loss,10144,3.106330
e1,train_loss,10176,3.055950
e1,train_loss,10208,3.091400
e1,train_loss,10240,3.088540
e1,train_loss,10272,3.027050
e1,train_loss,10304,3.065400
e1,train_loss,10336,3.045440
e1,train_loss,10368,3.057520
e1,train_loss,10400,3.094200
e1,train_loss,10432,3.034780
e1,train_loss,10464,3.042200
e1,train_loss,10496,3.074040
e1,train_loss,10528,3.048550
e1,train_loss,10560,3.030680
e1,train_loss,10592,3.034050
e1,train_loss,10624,3.096000
e1,train_loss,10656,3.066450
e1,train_loss,10688,3.049080
e1,train_loss,10720,3.063920
e1,train_loss,10752,3.059380
e1,train_loss,10784,3.048310
e1,train_loss,10816,3.029320
e1,train_loss,10848,3.042250
e1,train_loss,10880,3.025560
e1,train_loss,10912,3.085180
e1,train_loss,10944,3.025250
e1,train_loss,10976,3.060520
e1,train_loss,11008,3.064320
e1,train_loss,11040,3.048980
e1,train_loss,11072,3.037770
e1,train_loss,11104,2.962560
e1,train_loss,11136,3.013910
e1,train_loss,11168,3.043810
e1,train_loss,11200,3.066640
e1,train_loss,11232,3.007060
e1,train_loss,11264,3.031650
e1,train_loss,11296,3.022210
e1,train_loss,11328,3.012800
e1,train_loss,11360,3.040210
e1,train_loss,11392,2.974130
e1,train_loss,11424,2.963040
e1,train_loss,11456,3.025580
e1,train_loss,11488,3.013410
e1,train_loss,11520,2.992160
e1,train_loss,11552,3.026880
e1,train_loss,11584,3.029990
e1,train_loss,11616,2.994210
e1,train_loss,11648,3.032110
e1,train_loss,11680,3.028620
e1,train_loss,11712,3.034040
e1,train_loss,11744,3.050340
e1,train_loss,11776,3.044350
e1,train_loss,11808,2.982840
e1,train_loss,11840,3.005640
e1,train_loss,11872,3.050300
e1,train_loss,11904,3.017630
e1,train_loss,11936,2.999450
e1,train_loss,11968,2.987810
e1,train_loss,12000,2.985860
e1,train_loss,12032,2.989690
e1,train_loss,12064,3.029790
e1,train_loss,12096,3.038920
e1,train_loss,12128,3.032460
e1,train_loss,12160,3.019750
e1,train_loss,12192,3.022500
e1,train_loss,12224,3.004800
e1,train_loss,12256,3.064740
e1,train_loss,12288,3.014180
e1,train_loss,12320,3.028140
e1,train_loss,12352,3.052690
e1,train_loss,12384,3.008080
e1,train_loss,12416,2.993270
e1,train_loss,12448,3.006920
e1,train_loss,12480,3.008050
e1,train_loss,12512,3.028560
e1,train_loss,12544,2.977160
e1,train_loss,12576,3.013840
e1,train_loss,12608,3.010320
e1,train_loss,12640,3.018240
e1,train_loss,12672,2.980800
e1,train_loss,12704,3.069810
e1,train_loss,12736,3.007120
e1,train_loss,12768,3.001740
e1,train_loss,12800,2.953480
e1,train_loss,12832,3.010160
e1,train_loss,12864,3.008310
e1,train_loss,12896,2.954410
e1,train_loss,12928,2.967370
e1,train_loss,12960,2.994960
e1,train_loss,12992,3.004860
e1,train_loss,13024,3.029640
e1,train_loss,13056,2.982310
e1,train_loss,13088,2.990780
e1,train_loss,13120,3.018770
e1,train_loss,13152,3.049160
e1,train_loss,13184,2.990640
e1,train_loss,13216,2.970340
e1,train_loss,13248,2.957120
e1,train_loss,13280,2.974360
e1,train_loss,13312,2.967590
e1,train_loss,13344,3.021670
e1,train_loss,13376,2.974020
e1,train_loss,13408,3.003970
e1,train_loss,13440,2.976880
e1,train_loss,13472,2.992090
e1,train_loss,13504,2.995840
e1,train_loss,13536,2.974260
e1,train_loss,13568,2.979740
e1,train_loss,13600,2.968790
e1,train_loss,13632,2.969620
e1,train_loss,13664,2.955330
e1,train_loss,13696,2.930680
e1,train_loss,13728,2.969090
e1,train_loss,13760,2.979890
e1,train_loss,13792,2.930780
e1,train_loss,13824,2.990210
e1,train_loss,13856,2.951610
e1,train_loss,13888,2.984510
e1,train_loss,13920,2.989790
e1,train_loss,13952,2.971110
e1,train_loss,13984,2.979440
e1,train_loss,14016,3.004750
e1,train_loss,14048,2.991450
e1,train_loss,14080,2.970700
e1,train_loss,14112,3.004240
e1,train_loss,14144,3.007970
e1,train_loss,14176,3.026390
e1,train_loss,14208,2.985900
e1,train_loss,14240,2.972890
e1,train_loss,14272,2.949770
e1,train_loss,14304,2.974560
e1,train_loss,14336,2.974500
e1,train_loss,14368,2.956770
e1,train_loss,14400,2.957810
e1,train_loss,14432,2.973770
e1,train_loss,14464,3.003150
e1,train_loss,14496,2.955630
e1,train_loss,14528,2.938380
e1,train_loss,14560,2.940030
e1,train_loss,14592,2.974190
e1,train_loss,14624,2.954820
e1,train_loss,14656,2.946740
e1,train_loss,14688,2.982470
e1,train_loss,14720,2.980480
e1,train_loss,14752,3.027760
e1,train_loss,14784,2.964690
e1,train_loss,14816,3.006560
e1,train_loss,14848,2.986720
e1,train_loss,14880,2.929350
e1,train_loss,14912,2.983340
e1,train_loss,14944,2.985590
e1,train_loss,14976,2.987170
e1,train_loss,15008,2.967270
e1,train_loss,15040,2.915940
e1,train_loss,15072,2.928460
e1,train_loss,15104,2.985990
e1,train_loss,15136,2.953350
e1,train_loss,15168,2.945720
e1,train_loss,15200,2.952780
e1,train_loss,15232,2.957730
e1,train_loss,15264,2.953740
e1,train_loss,15296,2.940980
e1,train_loss,15328,2.919790
e1,train_loss,15360,2.940520
e1,train_loss,15392,2.917440
e1,train_loss,15424,2.910060
e1,train_loss,15456,2.918980
e1,train_loss,15488,2.935550
e1,train_loss,15520,2.993620
e1,train_loss,15552,2.925090
e1,train_loss,15584,2.911960
e1,train_loss,15616,2.918910
e1,train_loss,15648,2.939250
e1,train_loss,15680,2.937720
e1,train_loss,15712,2.965750
e1,train_loss,15744,2.958690
e1,train_loss,15776,2.929660
e1,train_loss,15808,2.945170
e1,train_loss,15840,2.977170
e1,train_loss,15872,2.930560
e1,train_loss,15904,2.942370
e1,train_loss,15936,2.923370
e1,train_loss,15968,2.946390
e1,train_loss,16000,2.912220
e1,train_loss,16032,2.924020
e1,eval_loss,321,6.877820
e1,eval_loss,642,6.000870
e1,eval_loss,963,5.337710
e1,eval_loss,1284,4.980620
e1,eval_loss,1605,4.677970
e1,eval_loss,1926,4.413860
e1,eval_loss,2247,4.236810
e1,eval_loss,2568,4.094010
e1,eval_loss,2889,3.992620
e1,eval_loss,3210,3.879210
e1,eval_loss,3531,3.799980
e1,eval_loss,3852,3.714940
e1,eval_loss,4173,3.635400
e1,eval_loss,4494,3.573630
e1,eval_loss,4815,3.482890
e1,eval_loss,5136,3.428070
e1,eval_loss,5457,3.384170
e1,eval_loss,5778,3.334700
e1,eval_loss,6099,3.299210
e1,eval_loss,6420,3.264430
e1,eval_loss,6741,3.234740
e1,eval_loss,7062,3.209390
e1,eval_loss,7383,3.184390
e1,eval_loss,7704,3.165150
e1,eval_loss,8025,3.145280
e1,eval_loss,8346,3.127550
e1,eval_loss,8667,3.113480
e1,eval_loss,8988,3.095400
e1,eval_loss,9309,3.083900
e1,eval_loss,9630,3.069050
e1,eval_loss,9951,3.056080
e1,eval_loss,10272,3.045550
e1,eval_loss,10593,3.034210
e1,eval_loss,10914,3.025650
e1,eval_loss,11235,3.018120
e1,eval_loss,11556,3.008760
e1,eval_loss,11877,2.999740
e1,eval_loss,12198,2.994390
e1,eval_loss,12519,2.987680
e1,eval_loss,12840,2.981930
e1,eval_loss,13161,2.981850
e1,eval_loss,13482,2.965400
e1,eval_loss,13803,2.964120
e1,eval_loss,14124,2.955690
e1,eval_loss,14445,2.951900
e1,eval_loss,14766,2.947050
e1,eval_loss,15087,2.937930
e1,eval_loss,15408,2.937680
e1,eval_loss,15729,2.933680
e1,eval_loss,16050,2.928920
e1,grad_norm,32,0.449000
e1,grad_norm,64,0.454700
e1,grad_norm,96,0.646300
e1,grad_norm,128,1.057600
e1,grad_norm,160,0.704800
e1,grad_norm,192,0.553100
e1,grad_norm,224,0.516000
e1,grad_norm,256,0.425100
e1,grad_norm,288,0.404000
e1,grad_norm,320,0.688500
e1,grad_norm,352,0.407600
e1,grad_norm,384,0.356900
e1,grad_norm,416,6.529600
e1,grad_norm,448,0.401900
e1,grad_norm,480,0.393900
e1,grad_norm,512,0.558000
e1,grad_norm,544,0.450400
e1,grad_norm,576,1.319400
e1,grad_norm,608,0.995700
e1,grad_norm,640,0.532100
e1,grad_norm,672,0.447700
e1,grad_norm,704,0.653300
e1,grad_norm,736,0.557300
e1,grad_norm,768,0.463600
e1,grad_norm,800,0.503100
e1,grad_norm,832,0.504000
e1,grad_norm,864,0.441200
e1,grad_norm,896,0.422400
e1,grad_norm,928,0.512500
e1,grad_norm,960,0.451100
e1,grad_norm,992,0.473500
e1,grad_norm,1024,0.511300
e1,grad_norm,1056,0.452500
e1,grad_norm,1088,0.430700
e1,grad_norm,1120,0.439600
e1,grad_norm,1152,0.440100
e1,grad_norm,1184,0.466300
e1,grad_norm,1216,0.499200
e1,grad_norm,1248,0.479300
e1,grad_norm,1280,0.439800
e1,grad_norm,1312,0.503300
e1,grad_norm,1344,0.479100
e1,grad_norm,1376,0.479900
e1,grad_norm,1408,0.608100
e1,grad_norm,1440,0.442000
e1,grad_norm,1472,0.445400
e1,grad_norm,1504,0.445900
e1,grad_norm,1536,0.473400
e1,grad_norm,1568,0.451900
e1,grad_norm,1600,0.472700
e1,grad_norm,1632,0.444700
e1,grad_norm,1664,0.439600
e1,grad_norm,1696,0.468200
e1,grad_norm,1728,0.477300
e1,grad_norm,1760,0.449400
e1,grad_norm,1792,0.456700
e1,grad_norm,1824,0.506300
e1,grad_norm,1856,0.480900
e1,grad_norm,1888,0.493700
e1,grad_norm,1920,0.462300
e1,grad_norm,1952,0.450300
e1,grad_norm,1984,0.454000
e1,grad_norm,2016,0.485400
e1,grad_norm,2048,0.433200
e1,grad_norm,2080,0.432800
e1,grad_norm,2112,0.464800
e1,grad_norm,2144,0.464500
e1,grad_norm,2176,0.448900
e1,grad_norm,2208,0.444600
e1,grad_norm,2240,0.485400
e1,grad_norm,2272,0.492800
e1,grad_norm,2304,0.458600
e1,grad_norm,2336,0.417900
e1,grad_norm,2368,0.434200
e1,grad_norm,2400,0.433700
e1,grad_norm,2432,0.431000
e1,grad_norm,2464,0.421100
e1,grad_norm,2496,0.440100
e1,grad_norm,2528,0.428100
e1,grad_norm,2560,0.420100
e1,grad_norm,2592,0.398300
e1,grad_norm,2624,0.431200
e1,grad_norm,2656,0.407800
e1,grad_norm,2688,0.430000
e1,grad_norm,2720,0.440400
e1,grad_norm,2752,0.426600
e1,grad_norm,2784,0.418400
e1,grad_norm,2816,0.426200
e1,grad_norm,2848,0.396000
e1,grad_norm,2880,0.411900
e1,grad_norm,2912,0.412200
e1,grad_norm,2944,0.430500
e1,grad_norm,2976,0.398600
e1,grad_norm,3008,0.397700
e1,grad_norm,3040,0.419400
e1,grad_norm,3072,0.418600
e1,grad_norm,3104,0.405000
e1,grad_norm,3136,0.398200
e1,grad_norm,3168,0.405900
e1,grad_norm,3200,0.409400
e1,grad_norm,3232,0.416200
e1,grad_norm,3264,0.413200
e1,grad_norm,3296,0.397400
e1,grad_norm,3328,0.492800
e1,grad_norm,3360,0.460400
e1,grad_norm,3392,0.458400
e1,grad_norm,3424,0.390200
e1,grad_norm,3456,0.404900
e1,grad_norm,3488,0.385100
e1,grad_norm,3520,0.411100
e1,grad_norm,3552,0.432800
e1,grad_norm,3584,0.396200
e1,grad_norm,3616,0.390800
e1,grad_norm,3648,0.384300
e1,grad_norm,3680,0.386900
e1,grad_norm,3712,0.378600
e1,grad_norm,3744,0.391700
e1,grad_norm,3776,0.376600
e1,grad_norm,3808,0.390200
e1,grad_norm,3840,0.392700
e1,grad_norm,3872,0.383500
e1,grad_norm,3904,0.431800
e1,grad_norm,3936,0.397900
e1,grad_norm,3968,0.385700
e1,grad_norm,4000,0.386300
e1,grad_norm,4032,0.441200
e1,grad_norm,4064,0.374900
e1,grad_norm,4096,0.387100
e1,grad_norm,4128,0.406000
e1,grad_norm,4160,0.375400
e1,grad_norm,4192,0.388900
e1,grad_norm,4224,0.375100
e1,grad_norm,4256,0.365800
e1,grad_norm,4288,0.382100
e1,grad_norm,4320,0.369500
e1,grad_norm,4352,0.379700
e1,grad_norm,4384,0.373800
e1,grad_norm,4416,0.363000
e1,grad_norm,4448,0.357900
e1,grad_norm,4480,0.437500
e1,grad_norm,4512,0.409600
e1,grad_norm,4544,0.365100
e1,grad_norm,4576,0.351400
e1,grad_norm,4608,0.359800
e1,grad_norm,4640,0.386300
e1,grad_norm,4672,0.376100
e1,grad_norm,4704,0.397800
e1,grad_norm,4736,0.361200
e1,grad_norm,4768,0.367300
e1,grad_norm,4800,0.369900
e1,grad_norm,4832,0.373200
e1,grad_norm,4864,0.364000
e1,grad_norm,4896,0.360300
e1,grad_norm,4928,0.371900
e1,grad_norm,4960,0.355500
e1,grad_norm,4992,0.360600
e1,grad_norm,5024,0.361400
e1,grad_norm,5056,0.366300
e1,grad_norm,5088,0.368600
e1,grad_norm,5120,0.368200
e1,grad_norm,5152,0.360500
e1,grad_norm,5184,0.354100
e1,grad_norm,5216,0.366400
e1,grad_norm,5248,0.354800
e1,grad_norm,5280,0.357800
e1,grad_norm,5312,0.364500
e1,grad_norm,5344,0.364900
e1,grad_norm,5376,0.371800
e1,grad_norm,5408,0.344900
e1,grad_norm,5440,0.359400
e1,grad_norm,5472,0.366700
e1,grad_norm,5504,0.350400
e1,grad_norm,5536,0.357600
e1,grad_norm,5568,0.351500
e1,grad_norm,5600,0.363700
e1,grad_norm,5632,0.378400
e1,grad_norm,5664,0.370700
e1,grad_norm,5696,0.358400
e1,grad_norm,5728,0.345500
e1,grad_norm,5760,0.342200
e1,grad_norm,5792,0.350700
e1,grad_norm,5824,0.367300
e1,grad_norm,5856,0.357400
e1,grad_norm,5888,0.383000
e1,grad_norm,5920,0.368800
e1,grad_norm,5952,0.355100
e1,grad_norm,5984,0.350400
e1,grad_norm,6016,0.384900
e1,grad_norm,6048,0.355600
e1,grad_norm,6080,0.359000
e1,grad_norm,6112,0.351000
e1,grad_norm,6144,0.343500
e1,grad_norm,6176,0.364100
e1,grad_norm,6208,0.348800
e1,grad_norm,6240,0.366700
e1,grad_norm,6272,0.374100
e1,grad_norm,6304,0.376800
e1,grad_norm,6336,0.375400
e1,grad_norm,6368,0.347200
e1,grad_norm,6400,0.353100
e1,grad_norm,6432,0.358700
e1,grad_norm,6464,0.374700
e1,grad_norm,6496,0.349300
e1,grad_norm,6528,0.345800
e1,grad_norm,6560,0.357900
e1,grad_norm,6592,0.348000
e1,grad_norm,6624,0.348700
e1,grad_norm,6656,0.370800
e1,grad_norm,6688,0.365200
e1,grad_norm,6720,0.351200
e1,grad_norm,6752,0.355700
e1,grad_norm,6784,0.356200
e1,grad_norm,6816,0.340000
e1,grad_norm,6848,0.349000
e1,grad_norm,6880,0.349000
e1,grad_norm,6912,0.363400
e1,grad_norm,6944,0.356500
e1,grad_norm,6976,0.364200
e1,grad_norm,7008,0.369600
e1,grad_norm,7040,0.358300
e1,grad_norm,7072,0.340700
e1,grad_norm,7104,0.366600
e1,grad_norm,7136,0.356600
e1,grad_norm,7168,0.342700
e1,grad_norm,7200,0.351200
e1,grad_norm,7232,0.355300
e1,grad_norm,7264,0.354300
e1,grad_norm,7296,0.355500
e1,grad_norm,7328,0.381700
e1,grad_norm,7360,0.352800
e1,grad_norm,7392,0.357200
e1,grad_norm,7424,0.358700
e1,grad_norm,7456,0.346100
e1,grad_norm,7488,0.355000
e1,grad_norm,7520,0.367900
e1,grad_norm,7552,0.358400
e1,grad_norm,7584,0.347300
e1,grad_norm,7616,0.355600
e1,grad_norm,7648,0.350400
e1,grad_norm,7680,0.353400
e1,grad_norm,7712,0.366600
e1,grad_norm,7744,0.359900
e1,grad_norm,7776,0.360500
e1,grad_norm,7808,0.346100
e1,grad_norm,7840,0.344200
e1,grad_norm,7872,0.343400
e1,grad_norm,7904,0.370300
e1,grad_norm,7936,0.341500
e1,grad_norm,7968,0.349400
e1,grad_norm,8000,0.360300
e1,grad_norm,8032,0.375100
e1,grad_norm,8064,0.343000
e1,grad_norm,8096,0.346500
e1,grad_norm,8128,0.341900
e1,grad_norm,8160,0.331200
e1,grad_norm,8192,0.342700
e1,grad_norm,8224,0.347700
e1,grad_norm,8256,0.342800
e1,grad_norm,8288,0.345800
e1,grad_norm,8320,0.360400
e1,grad_norm,8352,0.344000
e1,grad_norm,8384,0.330400
e1,grad_norm,8416,0.365000
e1,grad_norm,8448,0.354200
e1,grad_norm,8480,0.353500
e1,grad_norm,8512,0.350800
e1,grad_norm,8544,0.347400
e1,grad_norm,8576,0.350000
e1,grad_norm,8608,0.412600
e1,grad_norm,8640,0.346200
e1,grad_norm,8672,0.349900
e1,grad_norm,8704,0.354200
e1,grad_norm,8736,0.352300
e1,grad_norm,8768,0.346900
e1,grad_norm,8800,0.353100
e1,grad_norm,8832,0.355600
e1,grad_norm,8864,0.346400
e1,grad_norm,8896,0.351100
e1,grad_norm,8928,0.354300
e1,grad_norm,8960,0.336700
e1,grad_norm,8992,0.338100
e1,grad_norm,9024,0.371500
e1,grad_norm,9056,0.362600
e1,grad_norm,9088,0.357600
e1,grad_norm,9120,0.337800
e1,grad_norm,9152,0.343400
e1,grad_norm,9184,0.337800
e1,grad_norm,9216,0.352400
e1,grad_norm,9248,0.347100
e1,grad_norm,9280,0.340300
e1,grad_norm,9312,0.344800
e1,grad_norm,9344,0.349400
e1,grad_norm,9376,0.336500
e1,grad_norm,9408,0.359100
e1,grad_norm,9440,0.354200
e1,grad_norm,9472,0.348500
e1,grad_norm,9504,0.343100
e1,grad_norm,9536,0.347400
e1,grad_norm,9568,0.346500
e1,grad_norm,9600,0.338200
e1,grad_norm,9632,0.357900
e1,grad_norm,9664,0.332100
e1,grad_norm,9696,0.356500
e1,grad_norm,9728,0.354200
e1,grad_norm,9760,0.340800
e1,grad_norm,9792,0.339500
e1,grad_norm,9824,0.334700
e1,grad_norm,9856,0.346100
e1,grad_norm,9888,0.349500
e1,grad_norm,9920,0.339100
e1,grad_norm,9952,0.341000
e1,grad_norm,9984,0.348700
e1,grad_norm,10016,0.348300
e1,grad_norm,10048,0.340000
e1,grad_norm,10080,0.346400
e1,grad_norm,10112,0.348400
e1,grad_norm,10144,0.349200
e1,grad_norm,10176,0.336700
e1,grad_norm,10208,0.344200
e1,grad_norm,10240,0.338400
e1,grad_norm,10272,0.347100
e1,grad_norm,10304,0.358900
e1,grad_norm,10336,0.351600
e1,grad_norm,10368,0.343000
e1,grad_norm,10400,0.339200
e1,grad_norm,10432,0.335100
e1,grad_norm,10464,0.338200
e1,grad_norm,10496,0.346200
e1,grad_norm,10528,0.373600
e1,grad_norm,10560,0.345000
e1,grad_norm,10592,0.331900
e1,grad_norm,10624,0.341000
e1,grad_norm,10656,0.334800
e1,grad_norm,10688,0.335500
e1,grad_norm,10720,0.348600
e1,grad_norm,10752,0.329300
e1,grad_norm,10784,0.342200
e1,grad_norm,10816,0.340200
e1,grad_norm,10848,0.337000
e1,grad_norm,10880,0.351900
e1,grad_norm,10912,0.339400
e1,grad_norm,10944,0.337500
e1,grad_norm,10976,0.360100
e1,grad_norm,11008,0.345700
e1,grad_norm,11040,0.339800
e1,grad_norm,11072,0.370500
e1,grad_norm,11104,0.348100
e1,grad_norm,11136,0.342700
e1,grad_norm,11168,0.344800
e1,grad_norm,11200,0.342100
e1,grad_norm,11232,0.362000
e1,grad_norm,11264,0.331300
e1,grad_norm,11296,0.343800
e1,grad_norm,11328,0.336600
e1,grad_norm,11360,0.333600
e1,grad_norm,11392,0.338800
e1,grad_norm,11424,0.361200
e1,grad_norm,11456,0.360300
e1,grad_norm,11488,0.346500
e1,grad_norm,11520,0.345600
e1,grad_norm,11552,0.333100
e1,grad_norm,11584,0.350900
e1,grad_norm,11616,0.352100
e1,grad_norm,11648,0.333000
e1,grad_norm,11680,0.334400
e1,grad_norm,11712,0.333700
e1,grad_norm,11744,0.333400
e1,grad_norm,11776,0.347900
e1,grad_norm,11808,0.336500
e1,grad_norm,11840,0.335500
e1,grad_norm,11872,0.342900
e1,grad_norm,11904,0.323000
e1,grad_norm,11936,0.337900
e1,grad_norm,11968,0.348000
e1,grad_norm,12000,0.331700
e1,grad_norm,12032,0.341400
e1,grad_norm,12064,0.335500
e1,grad_norm,12096,0.341400
e1,grad_norm,12128,0.336200
e1,grad_norm,12160,0.326900
e1,grad_norm,12192,0.327100
e1,grad_norm,12224,0.337400
e1,grad_norm,12256,0.332500
e1,grad_norm,12288,0.348800
e1,grad_norm,12320,0.366900
e1,grad_norm,12352,0.328200
e1,grad_norm,12384,0.347800
e1,grad_norm,12416,0.331600
e1,grad_norm,12448,0.331400
e1,grad_norm,12480,0.338100
e1,grad_norm,12512,0.326500
e1,grad_norm,12544,0.335800
e1,grad_norm,12576,0.351400
e1,grad_norm,12608,0.340500
e1,grad_norm,12640,0.335800
e1,grad_norm,12672,0.347600
e1,grad_norm,12704,0.345700
e1,grad_norm,12736,0.339200
e1,grad_norm,12768,0.336800
e1,grad_norm,12800,0.328900
e1,grad_norm,12832,0.358100
e1,grad_norm,12864,0.347800
e1,grad_norm,12896,0.333400
e1,grad_norm,12928,0.342300
e1,grad_norm,12960,0.349200
e1,grad_norm,12992,0.337500
e1,grad_norm,13024,0.341300
e1,grad_norm,13056,0.347900
e1,grad_norm,13088,0.327700
e1,grad_norm,13120,0.337700
e1,grad_norm,13152,0.403000
e1,grad_norm,13184,0.346200
e1,grad_norm,13216,0.325400
e1,grad_norm,13248,0.337400
e1,grad_norm,13280,0.356200
e1,grad_norm,13312,0.334900
e1,grad_norm,13344,0.344800
e1,grad_norm,13376,0.326400
e1,grad_norm,13408,0.338200
e1,grad_norm,13440,0.331500
e1,grad_norm,13472,0.361600
e1,grad_norm,13504,0.333100
e1,grad_norm,13536,0.330900
e1,grad_norm,13568,0.327800
e1,grad_norm,13600,0.317000
e1,grad_norm,13632,0.325000
e1,grad_norm,13664,0.331200
e1,grad_norm,13696,0.321500
e1,grad_norm,13728,0.321000
e1,grad_norm,13760,0.345500
e1,grad_norm,13792,0.325900
e1,grad_norm,13824,0.336700
e1,grad_norm,13856,0.332900
e1,grad_norm,13888,0.330400
e1,grad_norm,13920,0.328100
e1,grad_norm,13952,0.327200
e1,grad_norm,13984,0.347500
e1,grad_norm,14016,0.329600
e1,grad_norm,14048,0.331600
e1,grad_norm,14080,0.332600
e1,grad_norm,14112,0.323800
e1,grad_norm,14144,0.323400
e1,grad_norm,14176,0.334200
e1,grad_norm,14208,0.330600
e1,grad_norm,14240,0.350600
e1,grad_norm,14272,0.336600
e1,grad_norm,14304,0.320400
e1,grad_norm,14336,0.325700
e1,grad_norm,14368,0.344600
e1,grad_norm,14400,0.340600
e1,grad_norm,14432,0.340600
e1,grad_norm,14464,0.320400
e1,grad_norm,14496,0.333100
e1,grad_norm,14528,0.354400
e1,grad_norm,14560,0.321800
e1,grad_norm,14592,0.334300
e1,grad_norm,14624,0.322700
e1,grad_norm,14656,0.329200
e1,grad_norm,14688,0.321400
e1,grad_norm,14720,0.329000
e1,grad_norm,14752,0.334700
e1,grad_norm,14784,0.323700
e1,grad_norm,14816,0.356600
e1,grad_norm,14848,0.337300
e1,grad_norm,14880,0.321400
e1,grad_norm,14912,0.333800
e1,grad_norm,14944,0.330000
e1,grad_norm,14976,0.331100
e1,grad_norm,15008,0.322700
e1,grad_norm,15040,0.357900
e1,grad_norm,15072,0.337000
e1,grad_norm,15104,0.320700
e1,grad_norm,15136,0.324100
e1,grad_norm,15168,0.320900
e1,grad_norm,15200,0.325100
e1,grad_norm,15232,0.322800
e1,grad_norm,15264,0.327300
e1,grad_norm,15296,0.333400
e1,grad_norm,15328,0.329200
e1,grad_norm,15360,0.324500
e1,grad_norm,15392,0.326000
e1,grad_norm,15424,0.326300
e1,grad_norm,15456,0.318900
e1,grad_norm,15488,0.326300
e1,grad_norm,15520,0.350300
e1,grad_norm,15552,0.327900
e1,grad_norm,15584,0.314200
e1,grad_norm,15616,0.326800
e1,grad_norm,15648,0.332800
e1,grad_norm,15680,0.330700
e1,grad_norm,15712,0.326600
e1,grad_norm,15744,0.324800
e1,grad_norm,15776,0.319300
e1,grad_norm,15808,0.324300
e1,grad_norm,15840,0.320000
e1,grad_norm,15872,0.318500
e1,grad_norm,15904,0.324100
e1,grad_norm,15936,0.328100
e1,grad_norm,15968,0.330100
e1,grad_norm,16000,0.329400
e1,grad_norm,16032,0.328400
e2,train_loss,32,9.458910
e2,train_loss,64,9.411660
e2,train_loss,96,9.246370
e2,train_loss,128,8.312800
e2,train_loss,160,7.754800
e2,train_loss,192,7.463470
e2,train_loss,224,7.203110
e2,train_loss,256,7.075940
e2,train_loss,288,6.969290
e2,train_loss,320,6.948070
e2,train_loss,352,6.854380
e2,train_loss,384,6.769010
e2,train_loss,416,6.783270
e2,train_loss,448,6.588480
e2,train_loss,480,6.481500
e2,train_loss,512,6.405810
e2,train_loss,544,6.295840
e2,train_loss,576,6.224880
e2,train_loss,608,6.172750
e2,train_loss,640,6.061960
e2,train_loss,672,5.986250
e2,train_loss,704,5.868750
e2,train_loss,736,5.783130
e2,train_loss,768,5.700050
e2,train_loss,800,5.674500
e2,train_loss,832,5.568060
e2,train_loss,864,5.535810
e2,train_loss,896,5.435320
e2,train_loss,928,5.433640
e2,train_loss,960,5.352880
e2,train_loss,992,5.297940
e2,train_loss,1024,5.251060
e2,train_loss,1056,5.237810
e2,train_loss,1088,5.226870
e2,train_loss,1120,5.146840
e2,train_loss,1152,5.147480
e2,train_loss,1184,5.124140
e2,train_loss,1216,5.029630
e2,train_loss,1248,4.994510
e2,train_loss,1280,5.006950
e2,train_loss,1312,4.944240
e2,train_loss,1344,4.903200
e2,train_loss,1376,4.908230
e2,train_loss,1408,4.874140
e2,train_loss,1440,4.813380
e2,train_loss,1472,4.771960
e2,train_loss,1504,4.795900
e2,train_loss,1536,4.714430
e2,train_loss,1568,4.728140
e2,train_loss,1600,4.713540
e2,train_loss,1632,4.644680
e2,train_loss,1664,4.625380
e2,train_loss,1696,4.602470
e2,train_loss,1728,4.564160
e2,train_loss,1760,4.554910
e2,train_loss,1792,4.551720
e2,train_loss,1824,4.517010
e2,train_loss,1856,4.470200
e2,train_loss,1888,4.470150
e2,train_loss,1920,4.418880
e2,train_loss,1952,4.375560
e2,train_loss,1984,4.429140
e2,train_loss,2016,4.317490
e2,train_loss,2048,4.347760
e2,train_loss,2080,4.306940
e2,train_loss,2112,4.314350
e2,train_loss,2144,4.268690
e2,train_loss,2176,4.274280
e2,train_loss,2208,4.265340
e2,train_loss,2240,4.205570
e2,train_loss,2272,4.207990
e2,train_loss,2304,4.230340
e2,train_loss,2336,4.166450
e2,train_loss,2368,4.139320
e2,train_loss,2400,4.157960
e2,train_loss,2432,4.115500
e2,train_loss,2464,4.108190
e2,train_loss,2496,4.079920
e2,train_loss,2528,4.108560
e2,train_loss,2560,4.117610
e2,train_loss,2592,4.069770
e2,train_loss,2624,4.044560
e2,train_loss,2656,4.038490
e2,train_loss,2688,4.023710
e2,train_loss,2720,4.024610
e2,train_loss,2752,4.011720
e2,train_loss,2784,3.995540
e2,train_loss,2816,3.975940
e2,train_loss,2848,3.987020
e2,train_loss,2880,4.036700
e2,train_loss,2912,3.977030
e2,train_loss,2944,3.945030
e2,train_loss,2976,3.935540
e2,train_loss,3008,3.946230
e2,train_loss,3040,3.894690
e2,train_loss,3072,3.936450
e2,train_loss,3104,3.914200
e2,train_loss,3136,3.930050
e2,train_loss,3168,3.910000
e2,train_loss,3200,3.863790
e2,train_loss,3232,3.857520
e2,train_loss,3264,3.859460
e2,train_loss,3296,3.887050
e2,train_loss,3328,3.854880
e2,train_loss,3360,3.848540
e2,train_loss,3392,3.838340
e2,train_loss,3424,3.809740
e2,train_loss,3456,3.787110
e2,train_loss,3488,3.811870
e2,train_loss,3520,3.786020
e2,train_loss,3552,3.795790
e2,train_loss,3584,3.759880
e2,train_loss,3616,3.799250
e2,train_loss,3648,3.742240
e2,train_loss,3680,3.743890
e2,train_loss,3712,3.734310
e2,train_loss,3744,3.715700
e2,train_loss,3776,3.754550
e2,train_loss,3808,3.692250
e2,train_loss,3840,3.683660
e2,train_loss,3872,3.672040
e2,train_loss,3904,3.689980
e2,train_loss,3936,3.669080
e2,train_loss,3968,3.656040
e2,train_loss,4000,3.623240
e2,train_loss,4032,3.654870
e2,train_loss,4064,3.626500
e2,train_loss,4096,3.636780
e2,train_loss,4128,3.660890
e2,train_loss,4160,3.604100
e2,train_loss,4192,3.617940
e2,train_loss,4224,3.608200
e2,train_loss,4256,3.588980
e2,train_loss,4288,3.648320
e2,train_loss,4320,3.543910
e2,train_loss,4352,3.591640
e2,train_loss,4384,3.562840
e2,train_loss,4416,3.545120
e2,train_loss,4448,3.526030
e2,train_loss,4480,3.554440
e2,train_loss,4512,3.503630
e2,train_loss,4544,3.523000
e2,train_loss,4576,3.485780
e2,train_loss,4608,3.522940
e2,train_loss,4640,3.461880
e2,train_loss,4672,3.522710
e2,train_loss,4704,3.514220
e2,train_loss,4736,3.530540
e2,train_loss,4768,3.448540
e2,train_loss,4800,3.497260
e2,train_loss,4832,3.467850
e2,train_loss,4864,3.442940
e2,train_loss,4896,3.528160
e2,train_loss,4928,3.416410
e2,train_loss,4960,3.415100
e2,train_loss,4992,3.433440
e2,train_loss,5024,3.435740
e2,train_loss,5056,3.421300
e2,train_loss,5088,3.397090
e2,train_loss,5120,3.442950
e2,train_loss,5152,3.410380
e2,train_loss,5184,3.379830
e2,train_loss,5216,3.435550
e2,train_loss,5248,3.365820
e2,train_loss,5280,3.408380
e2,train_loss,5312,3.376250
e2,train_loss,5344,3.393810
e2,train_loss,5376,3.410330
e2,train_loss,5408,3.388210
e2,train_loss,5440,3.352900
e2,train_loss,5472,3.336020
e2,train_loss,5504,3.345900
e2,train_loss,5536,3.398760
e2,train_loss,5568,3.320390
e2,train_loss,5600,3.354540
e2,train_loss,5632,3.350350
e2,train_loss,5664,3.311590
e2,train_loss,5696,3.323610
e2,train_loss,5728,3.325570
e2,train_loss,5760,3.316330
e2,train_loss,5792,3.326300
e2,train_loss,5824,3.322520
e2,train_loss,5856,3.290820
e2,train_loss,5888,3.290710
e2,train_loss,5920,3.284430
e2,train_loss,5952,3.310550
e2,train_loss,5984,3.348080
e2,train_loss,6016,3.286500
e2,train_loss,6048,3.260650
e2,train_loss,6080,3.243480
e2,train_loss,6112,3.290910
e2,train_loss,6144,3.289080
e2,train_loss,6176,3.292720
e2,train_loss,6208,3.278980
e2,train_loss,6240,3.305300
e2,train_loss,6272,3.295600
e2,train_loss,6304,3.314270
e2,train_loss,6336,3.304690
e2,train_loss,6368,3.235940
e2,train_loss,6400,3.258970
e2,train_loss,6432,3.279530
e2,train_loss,6464,3.254710
e2,train_loss,6496,3.348970
e2,train_loss,6528,3.245380
e2,train_loss,6560,3.186340
e2,train_loss,6592,3.222400
e2,train_loss,6624,3.246160
e2,train_loss,6656,3.260350
e2,train_loss,6688,3.208540
e2,train_loss,6720,3.201820
e2,train_loss,6752,3.204240
e2,train_loss,6784,3.216320
e2,train_loss,6816,3.232750
e2,train_loss,6848,3.258660
e2,train_loss,6880,3.220380
e2,train_loss,6912,3.230580
e2,train_loss,6944,3.214920
e2,train_loss,6976,3.264020
e2,train_loss,7008,3.291790
e2,train_loss,7040,3.218140
e2,train_loss,7072,3.193050
e2,train_loss,7104,3.181470
e2,train_loss,7136,3.170390
e2,train_loss,7168,3.155720
e2,train_loss,7200,3.156070
e2,train_loss,7232,3.158810
e2,train_loss,7264,3.182110
e2,train_loss,7296,3.223330
e2,train_loss,7328,3.169250
e2,train_loss,7360,3.174980
e2,train_loss,7392,3.167960
e2,train_loss,7424,3.200830
e2,train_loss,7456,3.190560
e2,train_loss,7488,3.157960
e2,train_loss,7520,3.138680
e2,train_loss,7552,3.157860
e2,train_loss,7584,3.170180
e2,train_loss,7616,3.136760
e2,train_loss,7648,3.132840
e2,train_loss,7680,3.177510
e2,train_loss,7712,3.170640
e2,train_loss,7744,3.116680
e2,train_loss,7776,3.153890
e2,train_loss,7808,3.114350
e2,train_loss,7840,3.130340
e2,train_loss,7872,3.163780
e2,train_loss,7904,3.112290
e2,train_loss,7936,3.137650
e2,train_loss,7968,3.129000
e2,train_loss,8000,3.129640
e2,train_loss,8032,3.154560
e2,train_loss,8064,3.157370
e2,train_loss,8096,3.125810
e2,train_loss,8128,3.098560
e2,train_loss,8160,3.148110
e2,train_loss,8192,3.155430
e2,train_loss,8224,3.134360
e2,train_loss,8256,3.175220
e2,train_loss,8288,3.174510
e2,train_loss,8320,3.133300
e2,train_loss,8352,3.084500
e2,train_loss,8384,3.122220
e2,train_loss,8416,3.112660
e2,train_loss,8448,3.108810
e2,train_loss,8480,3.100250
e2,train_loss,8512,3.150450
e2,train_loss,8544,3.142650
e2,train_loss,8576,3.111860
e2,train_loss,8608,3.109430
e2,train_loss,8640,3.114580
e2,train_loss,8672,3.149150
e2,train_loss,8704,3.081320
e2,train_loss,8736,3.122100
e2,train_loss,8768,3.107670
e2,train_loss,8800,3.058630
e2,train_loss,8832,3.110470
e2,train_loss,8864,3.111390
e2,train_loss,8896,3.092030
e2,train_loss,8928,3.130450
e2,train_loss,8960,3.120220
e2,train_loss,8992,3.072060
e2,train_loss,9024,3.031400
e2,train_loss,9056,3.118920
e2,train_loss,9088,3.072230
e2,train_loss,9120,3.077400
e2,train_loss,9152,3.099430
e2,train_loss,9184,3.055040
e2,train_loss,9216,3.082780
e2,train_loss,9248,3.129470
e2,train_loss,9280,3.059740
e2,train_loss,9312,3.076930
e2,train_loss,9344,3.085770
e2,train_loss,9376,3.032120
e2,train_loss,9408,3.064800
e2,train_loss,9440,3.018940
e2,train_loss,9472,3.043930
e2,train_loss,9504,3.055540
e2,train_loss,9536,3.028140
e2,train_loss,9568,3.112920
e2,train_loss,9600,3.077810
e2,train_loss,9632,3.066520
e2,train_loss,9664,3.051900
e2,train_loss,9696,3.025980
e2,train_loss,9728,3.069240
e2,train_loss,9760,3.041290
e2,train_loss,9792,3.041450
e2,train_loss,9824,3.044100
e2,train_loss,9856,3.047620
e2,train_loss,9888,3.007310
e2,train_loss,9920,3.007610
e2,train_loss,9952,3.023350
e2,train_loss,9984,3.016680
e2,train_loss,10016,3.038220
e2,train_loss,10048,3.051430
e2,train_loss,10080,3.056560
e2,train_loss,10112,3.052940
e2,train_loss,10144,3.055690
e2,train_loss,10176,3.005080
e2,train_loss,10208,3.009130
e2,train_loss,10240,3.053570
e2,train_loss,10272,3.055870
e2,train_loss,10304,3.085330
e2,train_loss,10336,2.975910
e2,train_loss,10368,3.015120
e2,train_loss,10400,3.046040
e2,train_loss,10432,3.046280
e2,train_loss,10464,3.044440
e2,train_loss,10496,3.040700
e2,train_loss,10528,3.071870
e2,train_loss,10560,2.991880
e2,train_loss,10592,3.001680
e2,train_loss,10624,3.016970
e2,train_loss,10656,3.058450
e2,train_loss,10688,3.027370
e2,train_loss,10720,3.102260
e2,train_loss,10752,2.992120
e2,train_loss,10784,2.969370
e2,train_loss,10816,2.998760
e2,train_loss,10848,3.017340
e2,train_loss,10880,3.026620
e2,train_loss,10912,3.056820
e2,train_loss,10944,3.021460
e2,train_loss,10976,3.025060
e2,train_loss,11008,2.964680
e2,train_loss,11040,3.010320
e2,train_loss,11072,2.977780
e2,train_loss,11104,3.037770
e2,train_loss,11136,3.015340
e2,train_loss,11168,3.000110
e2,train_loss,11200,2.961760
e2,train_loss,11232,2.984750
e2,train_loss,11264,3.011830
e2,train_loss,11296,2.984090
e2,train_loss,11328,3.030410
e2,train_loss,11360,2.983880
e2,train_loss,11392,3.013180
e2,train_loss,11424,2.961620
e2,train_loss,11456,3.001630
e2,train_loss,11488,2.981480
e2,train_loss,11520,2.986280
e2,train_loss,11552,3.002430
e2,train_loss,11584,2.938170
e2,train_loss,11616,2.961380
e2,train_loss,11648,2.944590
e2,train_loss,11680,2.964000
e2,train_loss,11712,2.930230
e2,train_loss,11744,3.039010
e2,train_loss,11776,3.013590
e2,train_loss,11808,2.930740
e2,train_loss,11840,3.015440
e2,train_loss,11872,3.001620
e2,train_loss,11904,2.942700
e2,train_loss,11936,2.999600
e2,train_loss,11968,2.971210
e2,train_loss,12000,3.007250
e2,train_loss,12032,2.959310
e2,train_loss,12064,2.947160
e2,train_loss,12096,2.974520
e2,train_loss,12128,2.970610
e2,train_loss,12160,2.920880
e2,train_loss,12192,2.988120
e2,train_loss,12224,3.010250
e2,train_loss,12256,2.964520
e2,train_loss,12288,2.947200
e2,train_loss,12320,2.982260
e2,train_loss,12352,2.952340
e2,train_loss,12384,2.982740
e2,train_loss,12416,2.986090
e2,train_loss,12448,2.974060
e2,train_loss,12480,2.993160
e2,train_loss,12512,2.986590
e2,train_loss,12544,2.948380
e2,train_loss,12576,3.005340
e2,train_loss,12608,2.981380
e2,train_loss,12640,2.938050
e2,train_loss,12672,2.950350
e2,train_loss,12704,2.984620
e2,train_loss,12736,2.919460
e2,train_loss,12768,2.934360
e2,train_loss,12800,2.922460
e2,train_loss,12832,2.947360
e2,train_loss,12864,2.968840
e2,train_loss,12896,2.931220
e2,train_loss,12928,2.909880
e2,train_loss,12960,3.000120
e2,train_loss,12992,2.910550
e2,train_loss,13024,2.932010
e2,train_loss,13056,2.951790
e2,train_loss,13088,2.929760
e2,train_loss,13120,2.909460
e2,train_loss,13152,2.940650
e2,train_loss,13184,2.905670
e2,train_loss,13216,2.936860
e2,train_loss,13248,2.944880
e2,train_loss,13280,2.965130
e2,train_loss,13312,2.930220
e2,train_loss,13344,2.966100
e2,train_loss,13376,2.974170
e2,train_loss,13408,2.945650
e2,train_loss,13440,2.914180
e2,train_loss,13472,2.935060
e2,train_loss,13504,2.980960
e2,train_loss,13536,2.934340
e2,train_loss,13568,2.975140
e2,train_loss,13600,2.996870
e2,train_loss,13632,2.935850
e2,train_loss,13664,2.973750
e2,train_loss,13696,2.936300
e2,train_loss,13728,2.962130
e2,train_loss,13760,2.936500
e2,train_loss,13792,2.928790
e2,train_loss,13824,2.934750
e2,train_loss,13856,2.919590
e2,train_loss,13888,2.950370
e2,train_loss,13920,2.938280
e2,train_loss,13952,2.939720
e2,train_loss,13984,2.976170
e2,train_loss,14016,2.953270
e2,train_loss,14048,2.950710
e2,train_loss,14080,2.943930
e2,train_loss,14112,3.002770
e2,train_loss,14144,2.978180
e2,train_loss,14176,2.944490
e2,train_loss,14208,2.969020
e2,train_loss,14240,2.938540
e2,train_loss,14272,2.984920
e2,train_loss,14304,2.929250
e2,train_loss,14336,2.989430
e2,train_loss,14368,2.958950
e2,train_loss,14400,2.971470
e2,train_loss,14432,2.919310
e2,train_loss,14464,2.984780
e2,train_loss,14496,3.012010
e2,train_loss,14528,2.969320
e2,train_loss,14560,2.971130
e2,train_loss,14592,2.957250
e2,train_loss,14624,2.934830
e2,train_loss,14656,2.959120
e2,train_loss,14688,2.955000
e2,train_loss,14720,2.954870
e2,train_loss,14752,2.957600
e2,train_loss,14784,2.936270
e2,train_loss,14816,2.923780
e2,train_loss,14848,2.990070
e2,train_loss,14880,2.951210
e2,train_loss,14912,2.996970
e2,train_loss,14944,2.905810
e2,train_loss,14976,2.950730
e2,train_loss,15008,2.967460
e2,train_loss,15040,2.941830
e2,train_loss,15072,2.906210
e2,train_loss,15104,2.967400
e2,train_loss,15136,2.942730
e2,train_loss,15168,2.940470
e2,train_loss,15200,2.901230
e2,train_loss,15232,2.884770
e2,train_loss,15264,2.926780
e2,train_loss,15296,2.922980
e2,train_loss,15328,2.897950
e2,train_loss,15360,2.905350
e2,train_loss,15392,2.912470
e2,train_loss,15424,2.903940
e2,train_loss,15456,2.896970
e2,train_loss,15488,2.906150
e2,train_loss,15520,2.918880
e2,train_loss,15552,2.928760
e2,train_loss,15584,2.868810
e2,train_loss,15616,2.922100
e2,train_loss,15648,2.914920
e2,train_loss,15680,2.881690
e2,train_loss,15712,2.919580
e2,train_loss,15744,2.878710
e2,train_loss,15776,2.886850
e2,train_loss,15808,2.887770
e2,train_loss,15840,2.878460
e2,train_loss,15872,2.885720
e2,train_loss,15904,2.934770
e2,train_loss,15936,2.895570
e2,train_loss,15968,2.925750
e2,train_loss,16000,2.884120
e2,train_loss,16032,2.913310
e2,eval_loss,321,6.878960
e2,eval_loss,642,5.980140
e2,eval_loss,963,5.335440
e2,eval_loss,1284,4.979700
e2,eval_loss,1605,4.678190
e2,eval_loss,1926,4.415640
e2,eval_loss,2247,4.226520
e2,eval_loss,2568,4.099930
e2,eval_loss,2889,3.989580
e2,eval_loss,3210,3.875830
e2,eval_loss,3531,3.796390
e2,eval_loss,3852,3.710370
e2,eval_loss,4173,3.631050
e2,eval_loss,4494,3.554140
e2,eval_loss,4815,3.483430
e2,eval_loss,5136,3.427800
e2,eval_loss,5457,3.377800
e2,eval_loss,5778,3.339200
e2,eval_loss,6099,3.297770
e2,eval_loss,6420,3.267310
e2,eval_loss,6741,3.237960
e2,eval_loss,7062,3.206680
e2,eval_loss,7383,3.183710
e2,eval_loss,7704,3.162380
e2,eval_loss,8025,3.143870
e2,eval_loss,8346,3.127330
e2,eval_loss,8667,3.112730
e2,eval_loss,8988,3.094780
e2,eval_loss,9309,3.082670
e2,eval_loss,9630,3.067800
e2,eval_loss,9951,3.054070
e2,eval_loss,10272,3.042180
e2,eval_loss,10593,3.030360
e2,eval_loss,10914,3.027470
e2,eval_loss,11235,3.016350
e2,eval_loss,11556,3.008830
e2,eval_loss,11877,3.000120
e2,eval_loss,12198,2.991970
e2,eval_loss,12519,2.985290
e2,eval_loss,12840,2.977150
e2,eval_loss,13161,2.970340
e2,eval_loss,13482,2.968530
e2,eval_loss,13803,2.962060
e2,eval_loss,14124,2.958150
e2,eval_loss,14445,2.949900
e2,eval_loss,14766,2.942510
e2,eval_loss,15087,2.939650
e2,eval_loss,15408,2.937060
e2,eval_loss,15729,2.930410
e2,eval_loss,16050,2.928050
e2,grad_norm,32,0.443300
e2,grad_norm,64,0.448000
e2,grad_norm,96,0.639800
e2,grad_norm,128,1.078000
e2,grad_norm,160,0.714200
e2,grad_norm,192,0.542800
e2,grad_norm,224,0.500900
e2,grad_norm,256,0.422800
e2,grad_norm,288,0.398700
e2,grad_norm,320,0.713000
e2,grad_norm,352,0.441800
e2,grad_norm,384,0.368300
e2,grad_norm,416,5.361300
e2,grad_norm,448,0.407300
e2,grad_norm,480,0.356300
e2,grad_norm,512,0.594200
e2,grad_norm,544,0.428200
e2,grad_norm,576,0.420700
e2,grad_norm,608,0.926400
e2,grad_norm,640,0.461300
e2,grad_norm,672,0.437800
e2,grad_norm,704,0.678300
e2,grad_norm,736,0.535800
e2,grad_norm,768,0.428300
e2,grad_norm,800,0.446800
e2,grad_norm,832,0.541000
e2,grad_norm,864,0.442800
e2,grad_norm,896,0.489800
e2,grad_norm,928,0.542000
e2,grad_norm,960,0.442500
e2,grad_norm,992,0.436700
e2,grad_norm,1024,0.502600
e2,grad_norm,1056,0.426700
e2,grad_norm,1088,0.440200
e2,grad_norm,1120,0.472000
e2,grad_norm,1152,0.455900
e2,grad_norm,1184,0.456200
e2,grad_norm,1216,0.518200
e2,grad_norm,1248,0.464800
e2,grad_norm,1280,0.439500
e2,grad_norm,1312,0.486500
e2,grad_norm,1344,0.463300
e2,grad_norm,1376,0.463400
e2,grad_norm,1408,0.527600
e2,grad_norm,1440,0.460800
e2,grad_norm,1472,0.509800
e2,grad_norm,1504,0.468300
e2,grad_norm,1536,0.494500
e2,grad_norm,1568,0.507300
e2,grad_norm,1600,0.457800
e2,grad_norm,1632,0.459100
e2,grad_norm,1664,0.461700
e2,grad_norm,1696,0.473000
e2,grad_norm,1728,0.439300
e2,grad_norm,1760,0.441400
e2,grad_norm,1792,0.458700
e2,grad_norm,1824,0.512500
e2,grad_norm,1856,0.448600
e2,grad_norm,1888,0.462200
e2,grad_norm,1920,0.461500
e2,grad_norm,1952,0.449800
e2,grad_norm,1984,0.446000
e2,grad_norm,2016,0.447700
e2,grad_norm,2048,0.436300
e2,grad_norm,2080,0.433900
e2,grad_norm,2112,0.461600
e2,grad_norm,2144,0.432700
e2,grad_norm,2176,0.433800
e2,grad_norm,2208,0.453300
e2,grad_norm,2240,0.448000
e2,grad_norm,2272,0.445100
e2,grad_norm,2304,0.464100
e2,grad_norm,2336,0.461000
e2,grad_norm,2368,0.541100
e2,grad_norm,2400,0.453500
e2,grad_norm,2432,0.440300
e2,grad_norm,2464,0.428700
e2,grad_norm,2496,0.441400
e2,grad_norm,2528,0.431200
e2,grad_norm,2560,0.424300
e2,grad_norm,2592,0.415300
e2,grad_norm,2624,0.421300
e2,grad_norm,2656,0.415500
e2,grad_norm,2688,0.411000
e2,grad_norm,2720,0.443700
e2,grad_norm,2752,0.420900
e2,grad_norm,2784,0.412500
e2,grad_norm,2816,0.429600
e2,grad_norm,2848,0.462000
e2,grad_norm,2880,0.445400
e2,grad_norm,2912,0.421300
e2,grad_norm,2944,0.423300
e2,grad_norm,2976,0.398600
e2,grad_norm,3008,0.413300
e2,grad_norm,3040,0.395800
e2,grad_norm,3072,0.394300
e2,grad_norm,3104,0.395100
e2,grad_norm,3136,0.414900
e2,grad_norm,3168,0.397700
e2,grad_norm,3200,0.396100
e2,grad_norm,3232,0.394400
e2,grad_norm,3264,0.399000
e2,grad_norm,3296,0.394400
e2,grad_norm,3328,0.398300
e2,grad_norm,3360,0.411500
e2,grad_norm,3392,0.414000
e2,grad_norm,3424,0.388200
e2,grad_norm,3456,0.389200
e2,grad_norm,3488,0.419400
e2,grad_norm,3520,0.400200
e2,grad_norm,3552,0.397600
e2,grad_norm,3584,0.381700
e2,grad_norm,3616,0.418400
e2,grad_norm,3648,0.391900
e2,grad_norm,3680,0.379600
e2,grad_norm,3712,0.380400
e2,grad_norm,3744,0.381100
e2,grad_norm,3776,0.389400
e2,grad_norm,3808,0.416000
e2,grad_norm,3840,0.396000
e2,grad_norm,3872,0.385800
e2,grad_norm,3904,0.375700
e2,grad_norm,3936,0.400700
e2,grad_norm,3968,0.384000
e2,grad_norm,4000,0.389500
e2,grad_norm,4032,0.386200
e2,grad_norm,4064,0.383300
e2,grad_norm,4096,0.380500
e2,grad_norm,4128,0.379300
e2,grad_norm,4160,0.385300
e2,grad_norm,4192,0.393500
e2,grad_norm,4224,0.393200
e2,grad_norm,4256,0.377500
e2,grad_norm,4288,0.373300
e2,grad_norm,4320,0.379200
e2,grad_norm,4352,0.371200
e2,grad_norm,4384,0.382400
e2,grad_norm,4416,0.372100
e2,grad_norm,4448,0.381500
e2,grad_norm,4480,0.369000
e2,grad_norm,4512,0.369100
e2,grad_norm,4544,0.387300
e2,grad_norm,4576,0.363300
e2,grad_norm,4608,0.376700
e2,grad_norm,4640,0.376200
e2,grad_norm,4672,0.370000
e2,grad_norm,4704,0.360600
e2,grad_norm,4736,0.373500
e2,grad_norm,4768,0.368200
e2,grad_norm,4800,0.369000
e2,grad_norm,4832,0.363300
e2,grad_norm,4864,0.364700
e2,grad_norm,4896,0.359500
e2,grad_norm,4928,0.357800
e2,grad_norm,4960,0.371900
e2,grad_norm,4992,0.377700
e2,grad_norm,5024,0.373100
e2,grad_norm,5056,0.381100
e2,grad_norm,5088,0.355100
e2,grad_norm,5120,0.367700
e2,grad_norm,5152,0.363800
e2,grad_norm,5184,0.348000
e2,grad_norm,5216,0.350600
e2,grad_norm,5248,0.353700
e2,grad_norm,5280,0.356500
e2,grad_norm,5312,0.361700
e2,grad_norm,5344,0.362500
e2,grad_norm,5376,0.364700
e2,grad_norm,5408,0.351300
e2,grad_norm,5440,0.366600
e2,grad_norm,5472,0.356900
e2,grad_norm,5504,0.371200
e2,grad_norm,5536,0.378100
e2,grad_norm,5568,0.348800
e2,grad_norm,5600,0.352600
e2,grad_norm,5632,0.341300
e2,grad_norm,5664,0.339700
e2,grad_norm,5696,0.345300
e2,grad_norm,5728,0.350000
e2,grad_norm,5760,0.363400
e2,grad_norm,5792,0.377700
e2,grad_norm,5824,0.358600
e2,grad_norm,5856,0.349900
e2,grad_norm,5888,0.345500
e2,grad_norm,5920,0.350500
e2,grad_norm,5952,0.348100
e2,grad_norm,5984,0.358500
e2,grad_norm,6016,0.369500
e2,grad_norm,6048,0.353700
e2,grad_norm,6080,0.355200
e2,grad_norm,6112,0.356900
e2,grad_norm,6144,0.363200
e2,grad_norm,6176,0.344200
e2,grad_norm,6208,0.347800
e2,grad_norm,6240,0.353500
e2,grad_norm,6272,0.353800
e2,grad_norm,6304,0.367300
e2,grad_norm,6336,0.363500
e2,grad_norm,6368,0.360400
e2,grad_norm,6400,0.358100
e2,grad_norm,6432,0.354600
e2,grad_norm,6464,0.345900
e2,grad_norm,6496,0.362700
e2,grad_norm,6528,0.349600
e2,grad_norm,6560,0.358100
e2,grad_norm,6592,0.338000
e2,grad_norm,6624,0.357300
e2,grad_norm,6656,0.344900
e2,grad_norm,6688,0.383900
e2,grad_norm,6720,0.360000
e2,grad_norm,6752,0.378000
e2,grad_norm,6784,0.358700
e2,grad_norm,6816,0.369700
e2,grad_norm,6848,0.365600
e2,grad_norm,6880,0.346900
e2,grad_norm,6912,0.344500
e2,grad_norm,6944,0.346600
e2,grad_norm,6976,0.344500
e2,grad_norm,7008,0.366700
e2,grad_norm,7040,0.358500
e2,grad_norm,7072,0.340600
e2,grad_norm,7104,0.341000
e2,grad_norm,7136,0.366300
e2,grad_norm,7168,0.344800
e2,grad_norm,7200,0.354900
e2,grad_norm,7232,0.335500
e2,grad_norm,7264,0.350800
e2,grad_norm,7296,0.343500
e2,grad_norm,7328,0.348100
e2,grad_norm,7360,0.353200
e2,grad_norm,7392,0.348700
e2,grad_norm,7424,0.352100
e2,grad_norm,7456,0.353900
e2,grad_norm,7488,0.335800
e2,grad_norm,7520,0.343500
e2,grad_norm,7552,0.346700
e2,grad_norm,7584,0.333800
e2,grad_norm,7616,0.355600
e2,grad_norm,7648,0.354300
e2,grad_norm,7680,0.337900
e2,grad_norm,7712,0.340600
e2,grad_norm,7744,0.362100
e2,grad_norm,7776,0.339500
e2,grad_norm,7808,0.352400
e2,grad_norm,7840,0.346800
e2,grad_norm,7872,0.358700
e2,grad_norm,7904,0.345300
e2,grad_norm,7936,0.362100
e2,grad_norm,7968,0.337800
e2,grad_norm,8000,0.353400
e2,grad_norm,8032,0.354000
e2,grad_norm,8064,0.346800
e2,grad_norm,8096,0.351800
e2,grad_norm,8128,0.356900
e2,grad_norm,8160,0.356000
e2,grad_norm,8192,0.345800
e2,grad_norm,8224,0.357600
e2,grad_norm,8256,0.336700
e2,grad_norm,8288,0.334900
e2,grad_norm,8320,0.353900
e2,grad_norm,8352,0.353800
e2,grad_norm,8384,0.353000
e2,grad_norm,8416,0.351500
e2,grad_norm,8448,0.336000
e2,grad_norm,8480,0.352900
e2,grad_norm,8512,0.362300
e2,grad_norm,8544,0.348800
e2,grad_norm,8576,0.340700
e2,grad_norm,8608,0.342800
e2,grad_norm,8640,0.368600
e2,grad_norm,8672,0.359600
e2,grad_norm,8704,0.337900
e2,grad_norm,8736,0.366900
e2,grad_norm,8768,0.334500
e2,grad_norm,8800,0.349100
e2,grad_norm,8832,0.344400
e2,grad_norm,8864,0.336800
e2,grad_norm,8896,0.345100
e2,grad_norm,8928,0.340200
e2,grad_norm,8960,0.339400
e2,grad_norm,8992,0.352000
e2,grad_norm,9024,0.380600
e2,grad_norm,9056,0.360200
e2,grad_norm,9088,0.338000
e2,grad_norm,9120,0.341900
e2,grad_norm,9152,0.355900
e2,grad_norm,9184,0.339500
e2,grad_norm,9216,0.352200
e2,grad_norm,9248,0.360100
e2,grad_norm,9280,0.348300
e2,grad_norm,9312,0.347100
e2,grad_norm,9344,0.341400
e2,grad_norm,9376,0.347900
e2,grad_norm,9408,0.344200
e2,grad_norm,9440,0.362300
e2,grad_norm,9472,0.351800
e2,grad_norm,9504,0.336100
e2,grad_norm,9536,0.343800
e2,grad_norm,9568,0.337800
e2,grad_norm,9600,0.349800
e2,grad_norm,9632,0.346100
e2,grad_norm,9664,0.344600
e2,grad_norm,9696,0.340200
e2,grad_norm,9728,0.352200
e2,grad_norm,9760,0.342100
e2,grad_norm,9792,0.331500
e2,grad_norm,9824,0.343000
e2,grad_norm,9856,0.337900
e2,grad_norm,9888,0.331500
e2,grad_norm,9920,0.347700
e2,grad_norm,9952,0.338200
e2,grad_norm,9984,0.334400
e2,grad_norm,10016,0.344200
e2,grad_norm,10048,0.346100
e2,grad_norm,10080,0.339700
e2,grad_norm,10112,0.348800
e2,grad_norm,10144,0.341900
e2,grad_norm,10176,0.334400
e2,grad_norm,10208,0.346700
e2,grad_norm,10240,0.363000
e2,grad_norm,10272,0.354800
e2,grad_norm,10304,0.332800
e2,grad_norm,10336,0.349800
e2,grad_norm,10368,0.355200
e2,grad_norm,10400,0.336000
e2,grad_norm,10432,0.342000
e2,grad_norm,10464,0.338400
e2,grad_norm,10496,0.336900
e2,grad_norm,10528,0.357000
e2,grad_norm,10560,0.347200
e2,grad_norm,10592,0.333700
e2,grad_norm,10624,0.336800
e2,grad_norm,10656,0.339300
e2,grad_norm,10688,0.344400
e2,grad_norm,10720,0.369400
e2,grad_norm,10752,0.328600
e2,grad_norm,10784,0.330200
e2,grad_norm,10816,0.339500
e2,grad_norm,10848,0.329400
e2,grad_norm,10880,0.349200
e2,grad_norm,10912,0.340800
e2,grad_norm,10944,0.341200
e2,grad_norm,10976,0.352600
e2,grad_norm,11008,0.352300
e2,grad_norm,11040,0.340000
e2,grad_norm,11072,0.333700
e2,grad_norm,11104,0.346800
e2,grad_norm,11136,0.349100
e2,grad_norm,11168,0.339100
e2,grad_norm,11200,0.336800
e2,grad_norm,11232,0.344500
e2,grad_norm,11264,0.330700
e2,grad_norm,11296,0.334800
e2,grad_norm,11328,0.346200
e2,grad_norm,11360,0.340600
e2,grad_norm,11392,0.346700
e2,grad_norm,11424,0.347900
e2,grad_norm,11456,0.347200
e2,grad_norm,11488,0.329400
e2,grad_norm,11520,0.338700
e2,grad_norm,11552,0.354100
e2,grad_norm,11584,0.339800
e2,grad_norm,11616,0.333600
e2,grad_norm,11648,0.337300
e2,grad_norm,11680,0.325600
e2,grad_norm,11712,0.327900
e2,grad_norm,11744,0.354800
e2,grad_norm,11776,0.360000
e2,grad_norm,11808,0.355400
e2,grad_norm,11840,0.332500
e2,grad_norm,11872,0.361800
e2,grad_norm,11904,0.347400
e2,grad_norm,11936,0.338400
e2,grad_norm,11968,0.346900
e2,grad_norm,12000,0.335000
e2,grad_norm,12032,0.353200
e2,grad_norm,12064,0.327000
e2,grad_norm,12096,0.331900
e2,grad_norm,12128,0.338100
e2,grad_norm,12160,0.331700
e2,grad_norm,12192,0.342900
e2,grad_norm,12224,0.344300
e2,grad_norm,12256,0.336400
e2,grad_norm,12288,0.324700
e2,grad_norm,12320,0.336900
e2,grad_norm,12352,0.339900
e2,grad_norm,12384,0.351900
e2,grad_norm,12416,0.348400
e2,grad_norm,12448,0.362500
e2,grad_norm,12480,0.341000
e2,grad_norm,12512,0.330700
e2,grad_norm,12544,0.347300
e2,grad_norm,12576,0.335100
e2,grad_norm,12608,0.340700
e2,grad_norm,12640,0.348200
e2,grad_norm,12672,0.342900
e2,grad_norm,12704,0.342100
e2,grad_norm,12736,0.333300
e2,grad_norm,12768,0.326600
e2,grad_norm,12800,0.326500
e2,grad_norm,12832,0.335700
e2,grad_norm,12864,0.328500
e2,grad_norm,12896,0.315400
e2,grad_norm,12928,0.352000
e2,grad_norm,12960,0.346100
e2,grad_norm,12992,0.332300
e2,grad_norm,13024,0.335400
e2,grad_norm,13056,0.341200
e2,grad_norm,13088,0.334400
e2,grad_norm,13120,0.336800
e2,grad_norm,13152,0.333200
e2,grad_norm,13184,0.332800
e2,grad_norm,13216,0.346700
e2,grad_norm,13248,0.329800
e2,grad_norm,13280,0.332700
e2,grad_norm,13312,0.330800
e2,grad_norm,13344,0.330300
e2,grad_norm,13376,0.342800
e2,grad_norm,13408,0.328600
e2,grad_norm,13440,0.337600
e2,grad_norm,13472,0.320700
e2,grad_norm,13504,0.344800
e2,grad_norm,13536,0.344900
e2,grad_norm,13568,0.325400
e2,grad_norm,13600,0.322400
e2,grad_norm,13632,0.335400
e2,grad_norm,13664,0.319600
e2,grad_norm,13696,0.328900
e2,grad_norm,13728,0.346000
e2,grad_norm,13760,0.331500
e2,grad_norm,13792,0.354700
e2,grad_norm,13824,0.332300
e2,grad_norm,13856,0.325200
e2,grad_norm,13888,0.325700
e2,grad_norm,13920,0.333800
e2,grad_norm,13952,0.337600
e2,grad_norm,13984,0.352500
e2,grad_norm,14016,0.353900
e2,grad_norm,14048,0.338000
e2,grad_norm,14080,0.340700
e2,grad_norm,14112,0.361100
e2,grad_norm,14144,0.346100
e2,grad_norm,14176,0.330600
e2,grad_norm,14208,0.387200
e2,grad_norm,14240,0.338500
e2,grad_norm,14272,0.321500
e2,grad_norm,14304,0.311400
e2,grad_norm,14336,0.328500
e2,grad_norm,14368,0.314300
e2,grad_norm,14400,0.321500
e2,grad_norm,14432,0.329800
e2,grad_norm,14464,0.335400
e2,grad_norm,14496,0.318500
e2,grad_norm,14528,0.328300
e2,grad_norm,14560,0.319500
e2,grad_norm,14592,0.334500
e2,grad_norm,14624,0.322100
e2,grad_norm,14656,0.324700
e2,grad_norm,14688,0.327500
e2,grad_norm,14720,0.325400
e2,grad_norm,14752,0.331200
e2,grad_norm,14784,0.330300
e2,grad_norm,14816,0.325000
e2,grad_norm,14848,0.324700
e2,grad_norm,14880,0.327300
e2,grad_norm,14912,0.341400
e2,grad_norm,14944,0.343200
e2,grad_norm,14976,0.314000
e2,grad_norm,15008,0.322300
e2,grad_norm,15040,0.343100
e2,grad_norm,15072,0.327000
e2,grad_norm,15104,0.337000
e2,grad_norm,15136,0.357500
e2,grad_norm,15168,0.314900
e2,grad_norm,15200,0.307100
e2,grad_norm,15232,0.319600
e2,grad_norm,15264,0.324700
e2,grad_norm,15296,0.320100
e2,grad_norm,15328,0.315300
e2,grad_norm,15360,0.315800
e2,grad_norm,15392,0.326800
e2,grad_norm,15424,0.327500
e2,grad_norm,15456,0.321700
e2,grad_norm,15488,0.311500
e2,grad_norm,15520,0.326300
e2,grad_norm,15552,0.309200
e2,grad_norm,15584,0.316000
e2,grad_norm,15616,0.332200
e2,grad_norm,15648,0.326900
e2,grad_norm,15680,0.314800
e2,grad_norm,15712,0.316400
e2,grad_norm,15744,0.326000
e2,grad_norm,15776,0.322800
e2,grad_norm,15808,0.308200
e2,grad_norm,15840,0.318800
e2,grad_norm,15872,0.314500
e2,grad_norm,15904,0.321900
e2,grad_norm,15936,0.324900
e2,grad_norm,15968,0.324100
e2,grad_norm,16000,0.310800
e2,grad_norm,16032,0.321000
e3,train_loss,32,9.457240
e3,train_loss,64,9.408880
e3,train_loss,96,9.245720
e3,train_loss,128,8.309090
e3,train_loss,160,7.754470
e3,train_loss,192,7.463440
e3,train_loss,224,7.202060
e3,train_loss,256,7.075890
e3,train_loss,288,6.969120
e3,train_loss,320,6.946890
e3,train_loss,352,6.853410
e3,train_loss,384,6.767950
e3,train_loss,416,6.784560
e3,train_loss,448,6.587800
e3,train_loss,480,6.481420
e3,train_loss,512,6.405310
e3,train_loss,544,6.295840
e3,train_loss,576,6.225360
e3,train_loss,608,6.174770
e3,train_loss,640,6.063420
e3,train_loss,672,5.987740
e3,train_loss,704,5.870890
e3,train_loss,736,5.782910
e3,train_loss,768,5.701050
e3,train_loss,800,5.675680
e3,train_loss,832,5.567930
e3,train_loss,864,5.537010
e3,train_loss,896,5.435910
e3,train_loss,928,5.432750
e3,train_loss,960,5.352900
e3,train_loss,992,5.298480
e3,train_loss,1024,5.251000
e3,train_loss,1056,5.237980
e3,train_loss,1088,5.226320
e3,train_loss,1120,5.145580
e3,train_loss,1152,5.147020
e3,train_loss,1184,5.124720
e3,train_loss,1216,5.028980
e3,train_loss,1248,4.993690
e3,train_loss,1280,5.007070
e3,train_loss,1312,4.945470
e3,train_loss,1344,4.902950
e3,train_loss,1376,4.910000
e3,train_loss,1408,4.874110
e3,train_loss,1440,4.813600
e3,train_loss,1472,4.772680
e3,train_loss,1504,4.795560
e3,train_loss,1536,4.715380
e3,train_loss,1568,4.727200
e3,train_loss,1600,4.712100
e3,train_loss,1632,4.642950
e3,train_loss,1664,4.625060
e3,train_loss,1696,4.602420
e3,train_loss,1728,4.562360
e3,train_loss,1760,4.552190
e3,train_loss,1792,4.550990
e3,train_loss,1824,4.516170
e3,train_loss,1856,4.470070
e3,train_loss,1888,4.469780
e3,train_loss,1920,4.416470
e3,train_loss,1952,4.374190
e3,train_loss,1984,4.428100
e3,train_loss,2016,4.316970
e3,train_loss,2048,4.345650
e3,train_loss,2080,4.305830
e3,train_loss,2112,4.312920
e3,train_loss,2144,4.268440
e3,train_loss,2176,4.274120
e3,train_loss,2208,4.262890
e3,train_loss,2240,4.206210
e3,train_loss,2272,4.207780
e3,train_loss,2304,4.228940
e3,train_loss,2336,4.164940
e3,train_loss,2368,4.137250
e3,train_loss,2400,4.157770
e3,train_loss,2432,4.114800
e3,train_loss,2464,4.106220
e3,train_loss,2496,4.079410
e3,train_loss,2528,4.106550
e3,train_loss,2560,4.117660
e3,train_loss,2592,4.069130
e3,train_loss,2624,4.044790
e3,train_loss,2656,4.038330
e3,train_loss,2688,4.023700
e3,train_loss,2720,4.024980
e3,train_loss,2752,4.011840
e3,train_loss,2784,3.995740
e3,train_loss,2816,3.975690
e3,train_loss,2848,3.989400
e3,train_loss,2880,4.036900
e3,train_loss,2912,3.978080
e3,train_loss,2944,3.944970
e3,train_loss,2976,3.936760
e3,train_loss,3008,3.946970
e3,train_loss,3040,3.895660
e3,train_loss,3072,3.937010
e3,train_loss,3104,3.915730
e3,train_loss,3136,3.931170
e3,train_loss,3168,3.912070
e3,train_loss,3200,3.864040
e3,train_loss,3232,3.860260
e3,train_loss,3264,3.861970
e3,train_loss,3296,3.888830
e3,train_loss,3328,3.858420
e3,train_loss,3360,3.851810
e3,train_loss,3392,3.842340
e3,train_loss,3424,3.811070
e3,train_loss,3456,3.791950
e3,train_loss,3488,3.813960
e3,train_loss,3520,3.788750
e3,train_loss,3552,3.799490
e3,train_loss,3584,3.761900
e3,train_loss,3616,3.803320
e3,train_loss,3648,3.747340
e3,train_loss,3680,3.749120
e3,train_loss,3712,3.738380
e3,train_loss,3744,3.722360
e3,train_loss,3776,3.760970
e3,train_loss,3808,3.698140
e3,train_loss,3840,3.689150
e3,train_loss,3872,3.677450
e3,train_loss,3904,3.696440
e3,train_loss,3936,3.676840
e3,train_loss,3968,3.665260
e3,train_loss,4000,3.631430
e3,train_loss,4032,3.662430
e3,train_loss,4064,3.632430
e3,train_loss,4096,3.645450
e3,train_loss,4128,3.668810
e3,train_loss,4160,3.611750
e3,train_loss,4192,3.627640
e3,train_loss,4224,3.616610
e3,train_loss,4256,3.595410
e3,train_loss,4288,3.655110
e3,train_loss,4320,3.552330
e3,train_loss,4352,3.597720
e3,train_loss,4384,3.570620
e3,train_loss,4416,3.553660
e3,train_loss,4448,3.533410
e3,train_loss,4480,3.562610
e3,train_loss,4512,3.512150
e3,train_loss,4544,3.532820
e3,train_loss,4576,3.495510
e3,train_loss,4608,3.528790
e3,train_loss,4640,3.469560
e3,train_loss,4672,3.529430
e3,train_loss,4704,3.520690
e3,train_loss,4736,3.534720
e3,train_loss,4768,3.453610
e3,train_loss,4800,3.502450
e3,train_loss,4832,3.472440
e3,train_loss,4864,3.449440
e3,train_loss,4896,3.534320
e3,train_loss,4928,3.421950
e3,train_loss,4960,3.420510
e3,train_loss,4992,3.438390
e3,train_loss,5024,3.439130
e3,train_loss,5056,3.427430
e3,train_loss,5088,3.400330
e3,train_loss,5120,3.446560
e3,train_loss,5152,3.414850
e3,train_loss,5184,3.383890
e3,train_loss,5216,3.439790
e3,train_loss,5248,3.369710
e3,train_loss,5280,3.413380
e3,train_loss,5312,3.380770
e3,train_loss,5344,3.397610
e3,train_loss,5376,3.413450
e3,train_loss,5408,3.391760
e3,train_loss,5440,3.356060
e3,train_loss,5472,3.337250
e3,train_loss,5504,3.345800
e3,train_loss,5536,3.401230
e3,train_loss,5568,3.322100
e3,train_loss,5600,3.355880
e3,train_loss,5632,3.352880
e3,train_loss,5664,3.313900
e3,train_loss,5696,3.325870
e3,train_loss,5728,3.327660
e3,train_loss,5760,3.317370
e3,train_loss,5792,3.325790
e3,train_loss,5824,3.321460
e3,train_loss,5856,3.291640
e3,train_loss,5888,3.292120
e3,train_loss,5920,3.282210
e3,train_loss,5952,3.310110
e3,train_loss,5984,3.348420
e3,train_loss,6016,3.284350
e3,train_loss,6048,3.260270
e3,train_loss,6080,3.242650
e3,train_loss,6112,3.291330
e3,train_loss,6144,3.286990
e3,train_loss,6176,3.292680
e3,train_loss,6208,3.278170
e3,train_loss,6240,3.304180
e3,train_loss,6272,3.295070
e3,train_loss,6304,3.313030
e3,train_loss,6336,3.301700
e3,train_loss,6368,3.233210
e3,train_loss,6400,3.257830
e3,train_loss,6432,3.276560
e3,train_loss,6464,3.252490
e3,train_loss,6496,3.347680
e3,train_loss,6528,3.243800
e3,train_loss,6560,3.185330
e3,train_loss,6592,3.219090
e3,train_loss,6624,3.241270
e3,train_loss,6656,3.259670
e3,train_loss,6688,3.205420
e3,train_loss,6720,3.196110
e3,train_loss,6752,3.200650
e3,train_loss,6784,3.214040
e3,train_loss,6816,3.228410
e3,train_loss,6848,3.255830
e3,train_loss,6880,3.218820
e3,train_loss,6912,3.228940
e3,train_loss,6944,3.211200
e3,train_loss,6976,3.260040
e3,train_loss,7008,3.287350
e3,train_loss,7040,3.214680
e3,train_loss,7072,3.190740
e3,train_loss,7104,3.178870
e3,train_loss,7136,3.164500
e3,train_loss,7168,3.151850
e3,train_loss,7200,3.152130
e3,train_loss,7232,3.156380
e3,train_loss,7264,3.177690
e3,train_loss,7296,3.220850
e3,train_loss,7328,3.166050
e3,train_loss,7360,3.170460
e3,train_loss,7392,3.166290
e3,train_loss,7424,3.198190
e3,train_loss,7456,3.186940
e3,train_loss,7488,3.155810
e3,train_loss,7520,3.134300
e3,train_loss,7552,3.154630
e3,train_loss,7584,3.166380
e3,train_loss,7616,3.133290
e3,train_loss,7648,3.128380
e3,train_loss,7680,3.173830
e3,train_loss,7712,3.167600
e3,train_loss,7744,3.111210
e3,train_loss,7776,3.149250
e3,train_loss,7808,3.111460
e3,train_loss,7840,3.127200
e3,train_loss,7872,3.160820
e3,train_loss,7904,3.107790
e3,train_loss,7936,3.134120
e3,train_loss,7968,3.126340
e3,train_loss,8000,3.126530
e3,train_loss,8032,3.151130
e3,train_loss,8064,3.154360
e3,train_loss,8096,3.121170
e3,train_loss,8128,3.093910
e3,train_loss,8160,3.144220
e3,train_loss,8192,3.151920
e3,train_loss,8224,3.130680
e3,train_loss,8256,3.171300
e3,train_loss,8288,3.172070
e3,train_loss,8320,3.130140
e3,train_loss,8352,3.080620
e3,train_loss,8384,3.118220
e3,train_loss,8416,3.109520
e3,train_loss,8448,3.104850
e3,train_loss,8480,3.096960
e3,train_loss,8512,3.146550
e3,train_loss,8544,3.139190
e3,train_loss,8576,3.106510
e3,train_loss,8608,3.106350
e3,train_loss,8640,3.111190
e3,train_loss,8672,3.145240
e3,train_loss,8704,3.078220
e3,train_loss,8736,3.117120
e3,train_loss,8768,3.105100
e3,train_loss,8800,3.055740
e3,train_loss,8832,3.106770
e3,train_loss,8864,3.107310
e3,train_loss,8896,3.087610
e3,train_loss,8928,3.127230
e3,train_loss,8960,3.115660
e3,train_loss,8992,3.067480
e3,train_loss,9024,3.026300
e3,train_loss,9056,3.113540
e3,train_loss,9088,3.068770
e3,train_loss,9120,3.073740
e3,train_loss,9152,3.095890
e3,train_loss,9184,3.052370
e3,train_loss,9216,3.080310
e3,train_loss,9248,3.125750
e3,train_loss,9280,3.055960
e3,train_loss,9312,3.073220
e3,train_loss,9344,3.082160
e3,train_loss,9376,3.029060
e3,train_loss,9408,3.061490
e3,train_loss,9440,3.015910
e3,train_loss,9472,3.040510
e3,train_loss,9504,3.051880
e3,train_loss,9536,3.025040
e3,train_loss,9568,3.107870
e3,train_loss,9600,3.074630
e3,train_loss,9632,3.061730
e3,train_loss,9664,3.048360
e3,train_loss,9696,3.023030
e3,train_loss,9728,3.066500
e3,train_loss,9760,3.039220
e3,train_loss,9792,3.039460
e3,train_loss,9824,3.038900
e3,train_loss,9856,3.043220
e3,train_loss,9888,3.003810
e3,train_loss,9920,3.003890
e3,train_loss,9952,3.020470
e3,train_loss,9984,3.013390
e3,train_loss,10016,3.035240
e3,train_loss,10048,3.047270
e3,train_loss,10080,3.053480
e3,train_loss,10112,3.048370
e3,train_loss,10144,3.051840
e3,train_loss,10176,3.002500
e3,train_loss,10208,3.005210
e3,train_loss,10240,3.048800
e3,train_loss,10272,3.050810
e3,train_loss,10304,3.080870
e3,train_loss,10336,2.971250
e3,train_loss,10368,3.012360
e3,train_loss,10400,3.042950
e3,train_loss,10432,3.041630
e3,train_loss,10464,3.042820
e3,train_loss,10496,3.038210
e3,train_loss,10528,3.068480
e3,train_loss,10560,2.988680
e3,train_loss,10592,2.998450
e3,train_loss,10624,3.012450
e3,train_loss,10656,3.053880
e3,train_loss,10688,3.022850
e3,train_loss,10720,3.097970
e3,train_loss,10752,2.989180
e3,train_loss,10784,2.966870
e3,train_loss,10816,2.995610
e3,train_loss,10848,3.014890
e3,train_loss,10880,3.023100
e3,train_loss,10912,3.052920
e3,train_loss,10944,3.018960
e3,train_loss,10976,3.020050
e3,train_loss,11008,2.961650
e3,train_loss,11040,3.006530
e3,train_loss,11072,2.973820
e3,train_loss,11104,3.033970
e3,train_loss,11136,3.009950
e3,train_loss,11168,2.996450
e3,train_loss,11200,2.956880
e3,train_loss,11232,2.978380
e3,train_loss,11264,3.008830
e3,train_loss,11296,2.980940
e3,train_loss,11328,3.027040
e3,train_loss,11360,2.979370
e3,train_loss,11392,3.006990
e3,train_loss,11424,2.957640
e3,train_loss,11456,2.995690
e3,train_loss,11488,2.978770
e3,train_loss,11520,2.981820
e3,train_loss,11552,2.999860
e3,train_loss,11584,2.933540
e3,train_loss,11616,2.958150
e3,train_loss,11648,2.941560
e3,train_loss,11680,2.960990
e3,train_loss,11712,2.926100
e3,train_loss,11744,3.035050
e3,train_loss,11776,3.010110
e3,train_loss,11808,2.924550
e3,train_loss,11840,3.010960
e3,train_loss,11872,2.997780
e3,train_loss,11904,2.938980
e3,train_loss,11936,2.994690
e3,train_loss,11968,2.966340
e3,train_loss,12000,3.005050
e3,train_loss,12032,2.955740
e3,train_loss,12064,2.943290
e3,train_loss,12096,2.971130
e3,train_loss,12128,2.968410
e3,train_loss,12160,2.917080
e3,train_loss,12192,2.985090
e3,train_loss,12224,3.006460
e3,train_loss,12256,2.961110
e3,train_loss,12288,2.944570
e3,train_loss,12320,2.978600
e3,train_loss,12352,2.949830
e3,train_loss,12384,2.980520
e3,train_loss,12416,2.983640
e3,train_loss,12448,2.970350
e3,train_loss,12480,2.990220
e3,train_loss,12512,2.984230
e3,train_loss,12544,2.944610
e3,train_loss,12576,3.002460
e3,train_loss,12608,2.978620
e3,train_loss,12640,2.934980
e3,train_loss,12672,2.946610
e3,train_loss,12704,2.980370
e3,train_loss,12736,2.917110
e3,train_loss,12768,2.930600
e3,train_loss,12800,2.919680
e3,train_loss,12832,2.944270
e3,train_loss,12864,2.966190
e3,train_loss,12896,2.929040
e3,train_loss,12928,2.907430
e3,train_loss,12960,2.996570
e3,train_loss,12992,2.908010
e3,train_loss,13024,2.930060
e3,train_loss,13056,2.950360
e3,train_loss,13088,2.927570
e3,train_loss,13120,2.907240
e3,train_loss,13152,2.939330
e3,train_loss,13184,2.901210
e3,train_loss,13216,2.934000
e3,train_loss,13248,2.943740
e3,train_loss,13280,2.961260
e3,train_loss,13312,2.927700
e3,train_loss,13344,2.963550
e3,train_loss,13376,2.970190
e3,train_loss,13408,2.942800
e3,train_loss,13440,2.914380
e3,train_loss,13472,2.933550
e3,train_loss,13504,2.982000
e3,train_loss,13536,2.931050
e3,train_loss,13568,2.972490
e3,train_loss,13600,2.994820
e3,train_loss,13632,2.933420
e3,train_loss,13664,2.973160
e3,train_loss,13696,2.934270
e3,train_loss,13728,2.958230
e3,train_loss,13760,2.934690
e3,train_loss,13792,2.927090
e3,train_loss,13824,2.932000
e3,train_loss,13856,2.918980
e3,train_loss,13888,2.948040
e3,train_loss,13920,2.935910
e3,train_loss,13952,2.937390
e3,train_loss,13984,2.973300
e3,train_loss,14016,2.950080
e3,train_loss,14048,2.948530
e3,train_loss,14080,2.940400
e3,train_loss,14112,2.999550
e3,train_loss,14144,2.976070
e3,train_loss,14176,2.941150
e3,train_loss,14208,2.963680
e3,train_loss,14240,2.934270
e3,train_loss,14272,2.982370
e3,train_loss,14304,2.927370
e3,train_loss,14336,2.984610
e3,train_loss,14368,2.956480
e3,train_loss,14400,2.968370
e3,train_loss,14432,2.915850
e3,train_loss,14464,2.982500
e3,train_loss,14496,3.008930
e3,train_loss,14528,2.965910
e3,train_loss,14560,2.968380
e3,train_loss,14592,2.953510
e3,train_loss,14624,2.931390
e3,train_loss,14656,2.957290
e3,train_loss,14688,2.952230
e3,train_loss,14720,2.953510
e3,train_loss,14752,2.954700
e3,train_loss,14784,2.933240
e3,train_loss,14816,2.921280
e3,train_loss,14848,2.987950
e3,train_loss,14880,2.948530
e3,train_loss,14912,2.995050
e3,train_loss,14944,2.900690
e3,train_loss,14976,2.947960
e3,train_loss,15008,2.965040
e3,train_loss,15040,2.936930
e3,train_loss,15072,2.904010
e3,train_loss,15104,2.963940
e3,train_loss,15136,2.940020
e3,train_loss,15168,2.937810
e3,train_loss,15200,2.898330
e3,train_loss,15232,2.880620
e3,train_loss,15264,2.925070
e3,train_loss,15296,2.921010
e3,train_loss,15328,2.894690
e3,train_loss,15360,2.902970
e3,train_loss,15392,2.909590
e3,train_loss,15424,2.900290
e3,train_loss,15456,2.894220
e3,train_loss,15488,2.904490
e3,train_loss,15520,2.915710
e3,train_loss,15552,2.926570
e3,train_loss,15584,2.864810
e3,train_loss,15616,2.918570
e3,train_loss,15648,2.910940
e3,train_loss,15680,2.878640
e3,train_loss,15712,2.918360
e3,train_loss,15744,2.875700
e3,train_loss,15776,2.885060
e3,train_loss,15808,2.885270
e3,train_loss,15840,2.876660
e3,train_loss,15872,2.883120
e3,train_loss,15904,2.931940
e3,train_loss,15936,2.893910
e3,train_loss,15968,2.921580
e3,train_loss,16000,2.881530
e3,train_loss,16032,2.909450
e3,eval_loss,321,6.877680
e3,eval_loss,642,5.981820
e3,eval_loss,963,5.336310
e3,eval_loss,1284,4.979660
e3,eval_loss,1605,4.675630
e3,eval_loss,1926,4.414480
e3,eval_loss,2247,4.227170
e3,eval_loss,2568,4.101680
e3,eval_loss,2889,3.991180
e3,eval_loss,3210,3.877370
e3,eval_loss,3531,3.798610
e3,eval_loss,3852,3.716910
e3,eval_loss,4173,3.638190
e3,eval_loss,4494,3.560500
e3,eval_loss,4815,3.487480
e3,eval_loss,5136,3.431640
e3,eval_loss,5457,3.380860
e3,eval_loss,5778,3.339960
e3,eval_loss,6099,3.297110
e3,eval_loss,6420,3.265070
e3,eval_loss,6741,3.233860
e3,eval_loss,7062,3.204010
e3,eval_loss,7383,3.181750
e3,eval_loss,7704,3.160340
e3,eval_loss,8025,3.140910
e3,eval_loss,8346,3.124330
e3,eval_loss,8667,3.108270
e3,eval_loss,8988,3.092640
e3,eval_loss,9309,3.079450
e3,eval_loss,9630,3.064050
e3,eval_loss,9951,3.050910
e3,eval_loss,10272,3.039470
e3,eval_loss,10593,3.027420
e3,eval_loss,10914,3.023440
e3,eval_loss,11235,3.012800
e3,eval_loss,11556,3.005840
e3,eval_loss,11877,2.997120
e3,eval_loss,12198,2.989950
e3,eval_loss,12519,2.983490
e3,eval_loss,12840,2.973320
e3,eval_loss,13161,2.967630
e3,eval_loss,13482,2.967070
e3,eval_loss,13803,2.960250
e3,eval_loss,14124,2.955560
e3,eval_loss,14445,2.946090
e3,eval_loss,14766,2.940310
e3,eval_loss,15087,2.935260
e3,eval_loss,15408,2.934780
e3,eval_loss,15729,2.927860
e3,eval_loss,16050,2.926120
e3,grad_norm,32,0.443300
e3,grad_norm,64,0.448100
e3,grad_norm,96,0.640300
e3,grad_norm,128,1.075600
e3,grad_norm,160,0.714000
e3,grad_norm,192,0.542800
e3,grad_norm,224,0.495500
e3,grad_norm,256,0.422500
e3,grad_norm,288,0.398400
e3,grad_norm,320,0.706700
e3,grad_norm,352,0.439500
e3,grad_norm,384,0.368200
e3,grad_norm,416,5.583100
e3,grad_norm,448,0.407200
e3,grad_norm,480,0.356600
e3,grad_norm,512,0.586900
e3,grad_norm,544,0.426900
e3,grad_norm,576,0.421900
e3,grad_norm,608,0.981700
e3,grad_norm,640,0.461800
e3,grad_norm,672,0.438000
e3,grad_norm,704,0.668800
e3,grad_norm,736,0.529100
e3,grad_norm,768,0.430600
e3,grad_norm,800,0.450600
e3,grad_norm,832,0.525500
e3,grad_norm,864,0.448400
e3,grad_norm,896,0.493900
e3,grad_norm,928,0.517600
e3,grad_norm,960,0.449700
e3,grad_norm,992,0.448400
e3,grad_norm,1024,0.503800
e3,grad_norm,1056,0.429800
e3,grad_norm,1088,0.441700
e3,grad_norm,1120,0.472100
e3,grad_norm,1152,0.461200
e3,grad_norm,1184,0.459000
e3,grad_norm,1216,0.514900
e3,grad_norm,1248,0.465300
e3,grad_norm,1280,0.444100
e3,grad_norm,1312,0.505100
e3,grad_norm,1344,0.465300
e3,grad_norm,1376,0.463600
e3,grad_norm,1408,0.513700
e3,grad_norm,1440,0.465600
e3,grad_norm,1472,0.509200
e3,grad_norm,1504,0.467800
e3,grad_norm,1536,0.503200
e3,grad_norm,1568,0.502100
e3,grad_norm,1600,0.450500
e3,grad_norm,1632,0.450800
e3,grad_norm,1664,0.465400
e3,grad_norm,1696,0.486200
e3,grad_norm,1728,0.442200
e3,grad_norm,1760,0.444500
e3,grad_norm,1792,0.464500
e3,grad_norm,1824,0.515400
e3,grad_norm,1856,0.453900
e3,grad_norm,1888,0.460400
e3,grad_norm,1920,0.455500
e3,grad_norm,1952,0.447100
e3,grad_norm,1984,0.451400
e3,grad_norm,2016,0.448600
e3,grad_norm,2048,0.429700
e3,grad_norm,2080,0.444300
e3,grad_norm,2112,0.461500
e3,grad_norm,2144,0.439700
e3,grad_norm,2176,0.441400
e3,grad_norm,2208,0.448100
e3,grad_norm,2240,0.451600
e3,grad_norm,2272,0.451900
e3,grad_norm,2304,0.458300
e3,grad_norm,2336,0.454900
e3,grad_norm,2368,0.533300
e3,grad_norm,2400,0.451800
e3,grad_norm,2432,0.435300
e3,grad_norm,2464,0.421900
e3,grad_norm,2496,0.435200
e3,grad_norm,2528,0.428400
e3,grad_norm,2560,0.430300
e3,grad_norm,2592,0.418100
e3,grad_norm,2624,0.419900
e3,grad_norm,2656,0.418700
e3,grad_norm,2688,0.411200
e3,grad_norm,2720,0.439200
e3,grad_norm,2752,0.427400
e3,grad_norm,2784,0.410800
e3,grad_norm,2816,0.422000
e3,grad_norm,2848,0.464500
e3,grad_norm,2880,0.443600
e3,grad_norm,2912,0.426100
e3,grad_norm,2944,0.424000
e3,grad_norm,2976,0.399700
e3,grad_norm,3008,0.413800
e3,grad_norm,3040,0.396600
e3,grad_norm,3072,0.395800
e3,grad_norm,3104,0.402600
e3,grad_norm,3136,0.411900
e3,grad_norm,3168,0.399300
e3,grad_norm,3200,0.397100
e3,grad_norm,3232,0.401500
e3,grad_norm,3264,0.400200
e3,grad_norm,3296,0.392200
e3,grad_norm,3328,0.396200
e3,grad_norm,3360,0.420400
e3,grad_norm,3392,0.421300
e3,grad_norm,3424,0.389500
e3,grad_norm,3456,0.390800
e3,grad_norm,3488,0.414800
e3,grad_norm,3520,0.392100
e3,grad_norm,3552,0.397500
e3,grad_norm,3584,0.379400
e3,grad_norm,3616,0.412600
e3,grad_norm,3648,0.394200
e3,grad_norm,3680,0.379900
e3,grad_norm,3712,0.380300
e3,grad_norm,3744,0.380900
e3,grad_norm,3776,0.387800
e3,grad_norm,3808,0.411500
e3,grad_norm,3840,0.392400
e3,grad_norm,3872,0.386100
e3,grad_norm,3904,0.384300
e3,grad_norm,3936,0.412600
e3,grad_norm,3968,0.389900
e3,grad_norm,4000,0.386900
e3,grad_norm,4032,0.385900
e3,grad_norm,4064,0.382300
e3,grad_norm,4096,0.384300
e3,grad_norm,4128,0.371100
e3,grad_norm,4160,0.386900
e3,grad_norm,4192,0.404300
e3,grad_norm,4224,0.386900
e3,grad_norm,4256,0.375000
e3,grad_norm,4288,0.372000
e3,grad_norm,4320,0.373100
e3,grad_norm,4352,0.375800
e3,grad_norm,4384,0.387000
e3,grad_norm,4416,0.376600
e3,grad_norm,4448,0.394500
e3,grad_norm,4480,0.367000
e3,grad_norm,4512,0.377400
e3,grad_norm,4544,0.399100
e3,grad_norm,4576,0.365500
e3,grad_norm,4608,0.369300
e3,grad_norm,4640,0.376100
e3,grad_norm,4672,0.368500
e3,grad_norm,4704,0.365300
e3,grad_norm,4736,0.366700
e3,grad_norm,4768,0.367400
e3,grad_norm,4800,0.377000
e3,grad_norm,4832,0.363800
e3,grad_norm,4864,0.373900
e3,grad_norm,4896,0.360900
e3,grad_norm,4928,0.365100
e3,grad_norm,4960,0.388100
e3,grad_norm,4992,0.376600
e3,grad_norm,5024,0.375700
e3,grad_norm,5056,0.393300
e3,grad_norm,5088,0.358600
e3,grad_norm,5120,0.358500
e3,grad_norm,5152,0.384500
e3,grad_norm,5184,0.356100
e3,grad_norm,5216,0.359000
e3,grad_norm,5248,0.362400
e3,grad_norm,5280,0.371200
e3,grad_norm,5312,0.366300
e3,grad_norm,5344,0.369600
e3,grad_norm,5376,0.370500
e3,grad_norm,5408,0.366900
e3,grad_norm,5440,0.364100
e3,grad_norm,5472,0.361400
e3,grad_norm,5504,0.373400
e3,grad_norm,5536,0.377400
e3,grad_norm,5568,0.357300
e3,grad_norm,5600,0.360900
e3,grad_norm,5632,0.361700
e3,grad_norm,5664,0.360300
e3,grad_norm,5696,0.345900
e3,grad_norm,5728,0.361000
e3,grad_norm,5760,0.374800
e3,grad_norm,5792,0.378100
e3,grad_norm,5824,0.361400
e3,grad_norm,5856,0.356000
e3,grad_norm,5888,0.355600
e3,grad_norm,5920,0.359200
e3,grad_norm,5952,0.359100
e3,grad_norm,5984,0.362600
e3,grad_norm,6016,0.371900
e3,grad_norm,6048,0.367900
e3,grad_norm,6080,0.380200
e3,grad_norm,6112,0.374600
e3,grad_norm,6144,0.360300
e3,grad_norm,6176,0.358000
e3,grad_norm,6208,0.360600
e3,grad_norm,6240,0.366600
e3,grad_norm,6272,0.359200
e3,grad_norm,6304,0.373600
e3,grad_norm,6336,0.363500
e3,grad_norm,6368,0.358800
e3,grad_norm,6400,0.368500
e3,grad_norm,6432,0.365900
e3,grad_norm,6464,0.362600
e3,grad_norm,6496,0.380800
e3,grad_norm,6528,0.356500
e3,grad_norm,6560,0.366000
e3,grad_norm,6592,0.354200
e3,grad_norm,6624,0.361100
e3,grad_norm,6656,0.351500
e3,grad_norm,6688,0.372500
e3,grad_norm,6720,0.362500
e3,grad_norm,6752,0.381100
e3,grad_norm,6784,0.368200
e3,grad_norm,6816,0.380500
e3,grad_norm,6848,0.379500
e3,grad_norm,6880,0.368300
e3,grad_norm,6912,0.357300
e3,grad_norm,6944,0.355600
e3,grad_norm,6976,0.363900
e3,grad_norm,7008,0.377700
e3,grad_norm,7040,0.361000
e3,grad_norm,7072,0.361100
e3,grad_norm,7104,0.350300
e3,grad_norm,7136,0.361600
e3,grad_norm,7168,0.361200
e3,grad_norm,7200,0.364800
e3,grad_norm,7232,0.345300
e3,grad_norm,7264,0.364200
e3,grad_norm,7296,0.349800
e3,grad_norm,7328,0.355400
e3,grad_norm,7360,0.365900
e3,grad_norm,7392,0.370600
e3,grad_norm,7424,0.363800
e3,grad_norm,7456,0.361300
e3,grad_norm,7488,0.351700
e3,grad_norm,7520,0.353800
e3,grad_norm,7552,0.351500
e3,grad_norm,7584,0.352400
e3,grad_norm,7616,0.355700
e3,grad_norm,7648,0.369100
e3,grad_norm,7680,0.348100
e3,grad_norm,7712,0.352500
e3,grad_norm,7744,0.370500
e3,grad_norm,7776,0.350600
e3,grad_norm,7808,0.372500
e3,grad_norm,7840,0.358600
e3,grad_norm,7872,0.369500
e3,grad_norm,7904,0.351200
e3,grad_norm,7936,0.372400
e3,grad_norm,7968,0.360900
e3,grad_norm,8000,0.372200
e3,grad_norm,8032,0.367600
e3,grad_norm,8064,0.357500
e3,grad_norm,8096,0.361800
e3,grad_norm,8128,0.364400
e3,grad_norm,8160,0.367800
e3,grad_norm,8192,0.361800
e3,grad_norm,8224,0.356600
e3,grad_norm,8256,0.348900
e3,grad_norm,8288,0.348500
e3,grad_norm,8320,0.377500
e3,grad_norm,8352,0.363900
e3,grad_norm,8384,0.354600
e3,grad_norm,8416,0.358600
e3,grad_norm,8448,0.350800
e3,grad_norm,8480,0.376200
e3,grad_norm,8512,0.368300
e3,grad_norm,8544,0.362200
e3,grad_norm,8576,0.350200
e3,grad_norm,8608,0.355800
e3,grad_norm,8640,0.377300
e3,grad_norm,8672,0.364600
e3,grad_norm,8704,0.345600
e3,grad_norm,8736,0.368500
e3,grad_norm,8768,0.348400
e3,grad_norm,8800,0.360800
e3,grad_norm,8832,0.351400
e3,grad_norm,8864,0.346600
e3,grad_norm,8896,0.355800
e3,grad_norm,8928,0.352600
e3,grad_norm,8960,0.354700
e3,grad_norm,8992,0.366100
e3,grad_norm,9024,0.389000
e3,grad_norm,9056,0.370600
e3,grad_norm,9088,0.356900
e3,grad_norm,9120,0.357200
e3,grad_norm,9152,0.364800
e3,grad_norm,9184,0.355200
e3,grad_norm,9216,0.362200
e3,grad_norm,9248,0.364400
e3,grad_norm,9280,0.362100
e3,grad_norm,9312,0.352700
e3,grad_norm,9344,0.357700
e3,grad_norm,9376,0.354300
e3,grad_norm,9408,0.360800
e3,grad_norm,9440,0.373700
e3,grad_norm,9472,0.365000
e3,grad_norm,9504,0.349600
e3,grad_norm,9536,0.354400
e3,grad_norm,9568,0.352800
e3,grad_norm,9600,0.365100
e3,grad_norm,9632,0.359500
e3,grad_norm,9664,0.349800
e3,grad_norm,9696,0.357500
e3,grad_norm,9728,0.373400
e3,grad_norm,9760,0.357900
e3,grad_norm,9792,0.347700
e3,grad_norm,9824,0.346600
e3,grad_norm,9856,0.358200
e3,grad_norm,9888,0.349800
e3,grad_norm,9920,0.346100
e3,grad_norm,9952,0.346800
e3,grad_norm,9984,0.351500
e3,grad_norm,10016,0.348100
e3,grad_norm,10048,0.355600
e3,grad_norm,10080,0.351200
e3,grad_norm,10112,0.357000
e3,grad_norm,10144,0.351300
e3,grad_norm,10176,0.347200
e3,grad_norm,10208,0.354700
e3,grad_norm,10240,0.366900
e3,grad_norm,10272,0.352400
e3,grad_norm,10304,0.344800
e3,grad_norm,10336,0.362100
e3,grad_norm,10368,0.364600
e3,grad_norm,10400,0.356800
e3,grad_norm,10432,0.362000
e3,grad_norm,10464,0.352900
e3,grad_norm,10496,0.344000
e3,grad_norm,10528,0.361600
e3,grad_norm,10560,0.357700
e3,grad_norm,10592,0.339900
e3,grad_norm,10624,0.345000
e3,grad_norm,10656,0.350500
e3,grad_norm,10688,0.358100
e3,grad_norm,10720,0.377900
e3,grad_norm,10752,0.340500
e3,grad_norm,10784,0.352400
e3,grad_norm,10816,0.360500
e3,grad_norm,10848,0.345200
e3,grad_norm,10880,0.359100
e3,grad_norm,10912,0.350400
e3,grad_norm,10944,0.349000
e3,grad_norm,10976,0.363200
e3,grad_norm,11008,0.384400
e3,grad_norm,11040,0.345800
e3,grad_norm,11072,0.352400
e3,grad_norm,11104,0.364100
e3,grad_norm,11136,0.356100
e3,grad_norm,11168,0.348800
e3,grad_norm,11200,0.347100
e3,grad_norm,11232,0.350300
e3,grad_norm,11264,0.336900
e3,grad_norm,11296,0.342100
e3,grad_norm,11328,0.350000
e3,grad_norm,11360,0.347700
e3,grad_norm,11392,0.351600
e3,grad_norm,11424,0.351900
e3,grad_norm,11456,0.345000
e3,grad_norm,11488,0.338500
e3,grad_norm,11520,0.345600
e3,grad_norm,11552,0.361100
e3,grad_norm,11584,0.343700
e3,grad_norm,11616,0.343300
e3,grad_norm,11648,0.351100
e3,grad_norm,11680,0.338600
e3,grad_norm,11712,0.336200
e3,grad_norm,11744,0.347000
e3,grad_norm,11776,0.373100
e3,grad_norm,11808,0.371400
e3,grad_norm,11840,0.346300
e3,grad_norm,11872,0.363900
e3,grad_norm,11904,0.359800
e3,grad_norm,11936,0.337200
e3,grad_norm,11968,0.347000
e3,grad_norm,12000,0.346900
e3,grad_norm,12032,0.359100
e3,grad_norm,12064,0.339100
e3,grad_norm,12096,0.348200
e3,grad_norm,12128,0.354900
e3,grad_norm,12160,0.347000
e3,grad_norm,12192,0.358200
e3,grad_norm,12224,0.356500
e3,grad_norm,12256,0.353700
e3,grad_norm,12288,0.333800
e3,grad_norm,12320,0.341200
e3,grad_norm,12352,0.358000
e3,grad_norm,12384,0.371400
e3,grad_norm,12416,0.353300
e3,grad_norm,12448,0.362700
e3,grad_norm,12480,0.362000
e3,grad_norm,12512,0.347200
e3,grad_norm,12544,0.361700
e3,grad_norm,12576,0.360600
e3,grad_norm,12608,0.354800
e3,grad_norm,12640,0.370900
e3,grad_norm,12672,0.345800
e3,grad_norm,12704,0.348800
e3,grad_norm,12736,0.346200
e3,grad_norm,12768,0.344500
e3,grad_norm,12800,0.337600
e3,grad_norm,12832,0.340700
e3,grad_norm,12864,0.343600
e3,grad_norm,12896,0.334600
e3,grad_norm,12928,0.353000
e3,grad_norm,12960,0.355300
e3,grad_norm,12992,0.381000
e3,grad_norm,13024,0.350600
e3,grad_norm,13056,0.354000
e3,grad_norm,13088,0.346700
e3,grad_norm,13120,0.350300
e3,grad_norm,13152,0.350500
e3,grad_norm,13184,0.344300
e3,grad_norm,13216,0.349800
e3,grad_norm,13248,0.344200
e3,grad_norm,13280,0.351100
e3,grad_norm,13312,0.347600
e3,grad_norm,13344,0.348500
e3,grad_norm,13376,0.360300
e3,grad_norm,13408,0.344100
e3,grad_norm,13440,0.391800
e3,grad_norm,13472,0.338300
e3,grad_norm,13504,0.378200
e3,grad_norm,13536,0.341300
e3,grad_norm,13568,0.338100
e3,grad_norm,13600,0.343300
e3,grad_norm,13632,0.354100
e3,grad_norm,13664,0.335700
e3,grad_norm,13696,0.341500
e3,grad_norm,13728,0.343700
e3,grad_norm,13760,0.343700
e3,grad_norm,13792,0.367700
e3,grad_norm,13824,0.339900
e3,grad_norm,13856,0.338800
e3,grad_norm,13888,0.339500
e3,grad_norm,13920,0.342100
e3,grad_norm,13952,0.343400
e3,grad_norm,13984,0.337400
e3,grad_norm,14016,0.350000
e3,grad_norm,14048,0.353600
e3,grad_norm,14080,0.358300
e3,grad_norm,14112,0.353800
e3,grad_norm,14144,0.355000
e3,grad_norm,14176,0.336900
e3,grad_norm,14208,0.347600
e3,grad_norm,14240,0.342500
e3,grad_norm,14272,0.330300
e3,grad_norm,14304,0.326200
e3,grad_norm,14336,0.322200
e3,grad_norm,14368,0.327300
e3,grad_norm,14400,0.341000
e3,grad_norm,14432,0.335100
e3,grad_norm,14464,0.352700
e3,grad_norm,14496,0.337300
e3,grad_norm,14528,0.347900
e3,grad_norm,14560,0.337500
e3,grad_norm,14592,0.354000
e3,grad_norm,14624,0.336800
e3,grad_norm,14656,0.340200
e3,grad_norm,14688,0.339900
e3,grad_norm,14720,0.336900
e3,grad_norm,14752,0.350500
e3,grad_norm,14784,0.330900
e3,grad_norm,14816,0.343800
e3,grad_norm,14848,0.336500
e3,grad_norm,14880,0.339200
e3,grad_norm,14912,0.342900
e3,grad_norm,14944,0.343700
e3,grad_norm,14976,0.328400
e3,grad_norm,15008,0.329400
e3,grad_norm,15040,0.348600
e3,grad_norm,15072,0.346100
e3,grad_norm,15104,0.361700
e3,grad_norm,15136,0.360400
e3,grad_norm,15168,0.331600
e3,grad_norm,15200,0.323000
e3,grad_norm,15232,0.330800
e3,grad_norm,15264,0.342000
e3,grad_norm,15296,0.335700
e3,grad_norm,15328,0.322100
e3,grad_norm,15360,0.323100
e3,grad_norm,15392,0.334400
e3,grad_norm,15424,0.327400
e3,grad_norm,15456,0.336000
e3,grad_norm,15488,0.323700
e3,grad_norm,15520,0.331200
e3,grad_norm,15552,0.319700
e3,grad_norm,15584,0.312600
e3,grad_norm,15616,0.328900
e3,grad_norm,15648,0.335500
e3,grad_norm,15680,0.327800
e3,grad_norm,15712,0.317500
e3,grad_norm,15744,0.332300
e3,grad_norm,15776,0.340900
e3,grad_norm,15808,0.327000
e3,grad_norm,15840,0.342400
e3,grad_norm,15872,0.323800
e3,grad_norm,15904,0.337900
e3,grad_norm,15936,0.328600
e3,grad_norm,15968,0.336600
e3,grad_norm,16000,0.318500
e3,grad_norm,16032,0.349700
e4,train_loss,32,9.447280
e4,train_loss,64,9.266270
e4,train_loss,96,8.204480
e4,train_loss,128,7.429850
e4,train_loss,160,7.141890
e4,train_loss,192,7.010510
e4,train_loss,224,6.921610
e4,train_loss,256,6.781180
e4,train_loss,288,6.640790
e4,train_loss,320,6.588780
e4,train_loss,352,6.396230
e4,train_loss,384,6.313600
e4,train_loss,416,6.188740
e4,train_loss,448,6.013310
e4,train_loss,480,5.890690
e4,train_loss,512,5.765440
e4,train_loss,544,5.615760
e4,train_loss,576,5.523130
e4,train_loss,608,5.468020
e4,train_loss,640,5.382860
e4,train_loss,672,5.352870
e4,train_loss,704,5.306110
e4,train_loss,736,5.200200
e4,train_loss,768,5.161210
e4,train_loss,800,5.105450
e4,train_loss,832,5.058770
e4,train_loss,864,5.003560
e4,train_loss,896,4.978160
e4,train_loss,928,4.911020
e4,train_loss,960,4.865690
e4,train_loss,992,4.813560
e4,train_loss,1024,4.800570
e4,train_loss,1056,4.750570
e4,train_loss,1088,4.735950
e4,train_loss,1120,4.668850
e4,train_loss,1152,4.594650
e4,train_loss,1184,4.573240
e4,train_loss,1216,4.543650
e4,train_loss,1248,4.476620
e4,train_loss,1280,4.478380
e4,train_loss,1312,4.451700
e4,train_loss,1344,4.445720
e4,train_loss,1376,4.411410
e4,train_loss,1408,4.423560
e4,train_loss,1440,4.342510
e4,train_loss,1472,4.297850
e4,train_loss,1504,4.256400
e4,train_loss,1536,4.205880
e4,train_loss,1568,4.235570
e4,train_loss,1600,4.183460
e4,train_loss,1632,4.156540
e4,train_loss,1664,4.168040
e4,train_loss,1696,4.090230
e4,train_loss,1728,4.122410
e4,train_loss,1760,4.103710
e4,train_loss,1792,4.095770
e4,train_loss,1824,4.033500
e4,train_loss,1856,4.022530
e4,train_loss,1888,4.093470
e4,train_loss,1920,4.004530
e4,train_loss,1952,3.950770
e4,train_loss,1984,4.020780
e4,train_loss,2016,3.967660
e4,train_loss,2048,3.918170
e4,train_loss,2080,3.925040
e4,train_loss,2112,3.814930
e4,train_loss,2144,3.893720
e4,train_loss,2176,3.879210
e4,train_loss,2208,3.868050
e4,train_loss,2240,3.860990
e4,train_loss,2272,3.853270
e4,train_loss,2304,3.831850
e4,train_loss,2336,3.791090
e4,train_loss,2368,3.752360
e4,train_loss,2400,3.842320
e4,train_loss,2432,3.731590
e4,train_loss,2464,3.752210
e4,train_loss,2496,3.739030
e4,train_loss,2528,3.756250
e4,train_loss,2560,3.725310
e4,train_loss,2592,3.733710
e4,train_loss,2624,3.662120
e4,train_loss,2656,3.716480
e4,train_loss,2688,3.639250
e4,train_loss,2720,3.624370
e4,train_loss,2752,3.662930
e4,train_loss,2784,3.637000
e4,train_loss,2816,3.652890
e4,train_loss,2848,3.621520
e4,train_loss,2880,3.629840
e4,train_loss,2912,3.604340
e4,train_loss,2944,3.584570
e4,train_loss,2976,3.547250
e4,train_loss,3008,3.543050
e4,train_loss,3040,3.537940
e4,train_loss,3072,3.584280
e4,train_loss,3104,3.517140
e4,train_loss,3136,3.523860
e4,train_loss,3168,3.535130
e4,train_loss,3200,3.519170
e4,train_loss,3232,3.508890
e4,train_loss,3264,3.495840
e4,train_loss,3296,3.487530
e4,train_loss,3328,3.478290
e4,train_loss,3360,3.465800
e4,train_loss,3392,3.523150
e4,train_loss,3424,3.476220
e4,train_loss,3456,3.494460
e4,train_loss,3488,3.431830
e4,train_loss,3520,3.455200
e4,train_loss,3552,3.430470
e4,train_loss,3584,3.447630
e4,train_loss,3616,3.417360
e4,train_loss,3648,3.429460
e4,train_loss,3680,3.392180
e4,train_loss,3712,3.435760
e4,train_loss,3744,3.417770
e4,train_loss,3776,3.393000
e4,train_loss,3808,3.399290
e4,train_loss,3840,3.364290
e4,train_loss,3872,3.434670
e4,train_loss,3904,3.361180
e4,train_loss,3936,3.374010
e4,train_loss,3968,3.384880
e4,train_loss,4000,3.422240
e4,train_loss,4032,3.534830
e4,train_loss,4064,3.371720
e4,train_loss,4096,3.396160
e4,train_loss,4128,3.356210
e4,train_loss,4160,3.356030
e4,train_loss,4192,3.375850
e4,train_loss,4224,3.384420
e4,train_loss,4256,3.314520
e4,train_loss,4288,3.322030
e4,train_loss,4320,3.336090
e4,train_loss,4352,3.304240
e4,train_loss,4384,3.296430
e4,train_loss,4416,3.276520
e4,train_loss,4448,3.344380
e4,train_loss,4480,3.269280
e4,train_loss,4512,3.282390
e4,train_loss,4544,3.296100
e4,train_loss,4576,3.315180
e4,train_loss,4608,3.285160
e4,train_loss,4640,3.285000
e4,train_loss,4672,3.286990
e4,train_loss,4704,3.306690
e4,train_loss,4736,3.310280
e4,train_loss,4768,3.281580
e4,train_loss,4800,3.272700
e4,train_loss,4832,3.267630
e4,train_loss,4864,3.302170
e4,train_loss,4896,3.273560
e4,train_loss,4928,3.249120
e4,train_loss,4960,3.264660
e4,train_loss,4992,3.263450
e4,train_loss,5024,3.252200
e4,train_loss,5056,3.273760
e4,train_loss,5088,3.292790
e4,train_loss,5120,3.237910
e4,train_loss,5152,3.229290
e4,train_loss,5184,3.287690
e4,train_loss,5216,3.252370
e4,train_loss,5248,3.235250
e4,train_loss,5280,3.271830
e4,train_loss,5312,3.204960
e4,train_loss,5344,3.235580
e4,train_loss,5376,3.232030
e4,train_loss,5408,3.276850
e4,train_loss,5440,3.282210
e4,train_loss,5472,3.266000
e4,train_loss,5504,3.227340
e4,train_loss,5536,3.222020
e4,train_loss,5568,3.206130
e4,train_loss,5600,3.179470
e4,train_loss,5632,3.184730
e4,train_loss,5664,3.231460
e4,train_loss,5696,3.210850
e4,train_loss,5728,3.216560
e4,train_loss,5760,3.177050
e4,train_loss,5792,3.228480
e4,train_loss,5824,3.167260
e4,train_loss,5856,3.190480
e4,train_loss,5888,3.191250
e4,train_loss,5920,3.213260
e4,train_loss,5952,3.176510
e4,train_loss,5984,3.173250
e4,train_loss,6016,3.185580
e4,train_loss,6048,3.191840
e4,train_loss,6080,3.160780
e4,train_loss,6112,3.140440
e4,train_loss,6144,3.183230
e4,train_loss,6176,3.151140
e4,train_loss,6208,3.177040
e4,train_loss,6240,3.125480
e4,train_loss,6272,3.175450
e4,train_loss,6304,3.195510
e4,train_loss,6336,3.118050
e4,train_loss,6368,3.164720
e4,train_loss,6400,3.148280
e4,train_loss,6432,3.163890
e4,train_loss,6464,3.164930
e4,train_loss,6496,3.153460
e4,train_loss,6528,3.165780
e4,train_loss,6560,3.113140
e4,train_loss,6592,3.163930
e4,train_loss,6624,3.201090
e4,train_loss,6656,3.146440
e4,train_loss,6688,3.149100
e4,train_loss,6720,3.117270
e4,train_loss,6752,3.124900
e4,train_loss,6784,3.119600
e4,train_loss,6816,3.104600
e4,train_loss,6848,3.114370
e4,train_loss,6880,3.142190
e4,train_loss,6912,3.146100
e4,train_loss,6944,3.123670
e4,train_loss,6976,3.099400
e4,train_loss,7008,3.173380
e4,train_loss,7040,3.102730
e4,train_loss,7072,3.148970
e4,train_loss,7104,3.105680
e4,train_loss,7136,3.140260
e4,train_loss,7168,3.108630
e4,train_loss,7200,3.087650
e4,train_loss,7232,3.116200
e4,train_loss,7264,3.129270
e4,train_loss,7296,3.103810
e4,train_loss,7328,3.122260
e4,train_loss,7360,3.147710
e4,train_loss,7392,3.133080
e4,train_loss,7424,3.101820
e4,train_loss,7456,3.125190
e4,train_loss,7488,3.066690
e4,train_loss,7520,3.076920
e4,train_loss,7552,3.056890
e4,train_loss,7584,3.068180
e4,train_loss,7616,3.142090
e4,train_loss,7648,3.098850
e4,train_loss,7680,3.081810
e4,train_loss,7712,3.141420
e4,train_loss,7744,3.129090
e4,train_loss,7776,3.142580
e4,train_loss,7808,3.104550
e4,train_loss,7840,3.118180
e4,train_loss,7872,3.117570
e4,train_loss,7904,3.082720
e4,train_loss,7936,3.130740
e4,train_loss,7968,3.112540
e4,train_loss,8000,3.091230
e4,train_loss,8032,3.142440
e4,train_loss,8064,3.143180
e4,train_loss,8096,3.069180
e4,train_loss,8128,3.119800
e4,train_loss,8160,3.088480
e4,train_loss,8192,3.124150
e4,train_loss,8224,3.140990
e4,train_loss,8256,3.069490
e4,train_loss,8288,3.115980
e4,train_loss,8320,3.089680
e4,train_loss,8352,3.107890
e4,train_loss,8384,3.125080
e4,train_loss,8416,3.122110
e4,train_loss,8448,3.085390
e4,train_loss,8480,3.126310
e4,train_loss,8512,3.126260
e4,train_loss,8544,3.123190
e4,train_loss,8576,3.086940
e4,train_loss,8608,3.112780
e4,train_loss,8640,3.140050
e4,train_loss,8672,3.114700
e4,train_loss,8704,3.109270
e4,train_loss,8736,3.103070
e4,train_loss,8768,3.111450
e4,train_loss,8800,3.102540
e4,train_loss,8832,3.110940
e4,train_loss,8864,3.108630
e4,train_loss,8896,3.082340
e4,train_loss,8928,3.106520
e4,train_loss,8960,3.122270
e4,train_loss,8992,3.088650
e4,train_loss,9024,3.088360
e4,train_loss,9056,3.066930
e4,train_loss,9088,3.013570
e4,train_loss,9120,3.099960
e4,train_loss,9152,3.075650
e4,train_loss,9184,3.098630
e4,train_loss,9216,3.099470
e4,train_loss,9248,3.058430
e4,train_loss,9280,3.057620
e4,train_loss,9312,3.077970
e4,train_loss,9344,3.030570
e4,train_loss,9376,3.103840
e4,train_loss,9408,3.040060
e4,train_loss,9440,3.040710
e4,train_loss,9472,3.042250
e4,train_loss,9504,3.060130
e4,train_loss,9536,3.085850
e4,train_loss,9568,3.073580
e4,train_loss,9600,3.084940
e4,train_loss,9632,3.061330
e4,train_loss,9664,3.057040
e4,train_loss,9696,3.076370
e4,train_loss,9728,3.112570
e4,train_loss,9760,3.091220
e4,train_loss,9792,3.075570
e4,train_loss,9824,3.076220
e4,train_loss,9856,3.053780
e4,train_loss,9888,3.075060
e4,train_loss,9920,3.068800
e4,train_loss,9952,3.026670
e4,train_loss,9984,3.049750
e4,train_loss,10016,3.058100
e4,train_loss,10048,3.049780
e4,train_loss,10080,3.055150
e4,train_loss,10112,3.051280
e4,train_loss,10144,3.096440
e4,train_loss,10176,3.043380
e4,train_loss,10208,3.080370
e4,train_loss,10240,3.075930
e4,train_loss,10272,3.013630
e4,train_loss,10304,3.055310
e4,train_loss,10336,3.035500
e4,train_loss,10368,3.045740
e4,train_loss,10400,3.083950
e4,train_loss,10432,3.025630
e4,train_loss,10464,3.033650
e4,train_loss,10496,3.063490
e4,train_loss,10528,3.036710
e4,train_loss,10560,3.022090
e4,train_loss,10592,3.025970
e4,train_loss,10624,3.088120
e4,train_loss,10656,3.058060
e4,train_loss,10688,3.040550
e4,train_loss,10720,3.058470
e4,train_loss,10752,3.054720
e4,train_loss,10784,3.041750
e4,train_loss,10816,3.022950
e4,train_loss,10848,3.037010
e4,train_loss,10880,3.020240
e4,train_loss,10912,3.079990
e4,train_loss,10944,3.022390
e4,train_loss,10976,3.055490
e4,train_loss,11008,3.059880
e4,train_loss,11040,3.046190
e4,train_loss,11072,3.041000
e4,train_loss,11104,2.962650
e4,train_loss,11136,3.012120
e4,train_loss,11168,3.039800
e4,train_loss,11200,3.061750
e4,train_loss,11232,3.006300
e4,train_loss,11264,3.031930
e4,train_loss,11296,3.022670
e4,train_loss,11328,3.011940
e4,train_loss,11360,3.038740
e4,train_loss,11392,2.973520
e4,train_loss,11424,2.962550
e4,train_loss,11456,3.025040
e4,train_loss,11488,3.010930
e4,train_loss,11520,2.992730
e4,train_loss,11552,3.029040
e4,train_loss,11584,3.031020
e4,train_loss,11616,2.994700
e4,train_loss,11648,3.033000
e4,train_loss,11680,3.031030
e4,train_loss,11712,3.036590
e4,train_loss,11744,3.053840
e4,train_loss,11776,3.044530
e4,train_loss,11808,2.985790
e4,train_loss,11840,3.008180
e4,train_loss,11872,3.052140
e4,train_loss,11904,3.020240
e4,train_loss,11936,3.002940
e4,train_loss,11968,2.990800
e4,train_loss,12000,2.989070
e4,train_loss,12032,2.994820
e4,train_loss,12064,3.033640
e4,train_loss,12096,3.041890
e4,train_loss,12128,3.037700
e4,train_loss,12160,3.023770
e4,train_loss,12192,3.028300
e4,train_loss,12224,3.011150
e4,train_loss,12256,3.069410
e4,train_loss,12288,3.018730
e4,train_loss,12320,3.031740
e4,train_loss,12352,3.057680
e4,train_loss,12384,3.016000
e4,train_loss,12416,3.000550
e4,train_loss,12448,3.015180
e4,train_loss,12480,3.013090
e4,train_loss,12512,3.036440
e4,train_loss,12544,2.985050
e4,train_loss,12576,3.019510
e4,train_loss,12608,3.015990
e4,train_loss,12640,3.026470
e4,train_loss,12672,2.989560
e4,train_loss,12704,3.077230
e4,train_loss,12736,3.015690
e4,train_loss,12768,3.010930
e4,train_loss,12800,2.961940
e4,train_loss,12832,3.020290
e4,train_loss,12864,3.017130
e4,train_loss,12896,2.962160
e4,train_loss,12928,2.976150
e4,train_loss,12960,3.006230
e4,train_loss,12992,3.015420
e4,train_loss,13024,3.039650
e4,train_loss,13056,2.993100
e4,train_loss,13088,3.001640
e4,train_loss,13120,3.030110
e4,train_loss,13152,3.057580
e4,train_loss,13184,2.999570
e4,train_loss,13216,2.980790
e4,train_loss,13248,2.967450
e4,train_loss,13280,2.985770
e4,train_loss,13312,2.977950
e4,train_loss,13344,3.033560
e4,train_loss,13376,2.988350
e4,train_loss,13408,3.014930
e4,train_loss,13440,2.987480
e4,train_loss,13472,3.004050
e4,train_loss,13504,3.009240
e4,train_loss,13536,2.987550
e4,train_loss,13568,2.994000
e4,train_loss,13600,2.981700
e4,train_loss,13632,2.980400
e4,train_loss,13664,2.967740
e4,train_loss,13696,2.944210
e4,train_loss,13728,2.985410
e4,train_loss,13760,2.995390
e4,train_loss,13792,2.945760
e4,train_loss,13824,3.004900
e4,train_loss,13856,2.967050
e4,train_loss,13888,2.999230
e4,train_loss,13920,3.006270
e4,train_loss,13952,2.984680
e4,train_loss,13984,2.996790
e4,train_loss,14016,3.021310
e4,train_loss,14048,3.008180
e4,train_loss,14080,2.984730
e4,train_loss,14112,3.020270
e4,train_loss,14144,3.026820
e4,train_loss,14176,3.042640
e4,train_loss,14208,3.002980
e4,train_loss,14240,2.989410
e4,train_loss,14272,2.964660
e4,train_loss,14304,2.990960
e4,train_loss,14336,2.991600
e4,train_loss,14368,2.975900
e4,train_loss,14400,2.976220
e4,train_loss,14432,2.992350
e4,train_loss,14464,3.020200
e4,train_loss,14496,2.972620
e4,train_loss,14528,2.956540
e4,train_loss,14560,2.958190
e4,train_loss,14592,2.994530
e4,train_loss,14624,2.973780
e4,train_loss,14656,2.965270
e4,train_loss,14688,3.000830
e4,train_loss,14720,2.999750
e4,train_loss,14752,3.045180
e4,train_loss,14784,2.984060
e4,train_loss,14816,3.024140
e4,train_loss,14848,3.006120
e4,train_loss,14880,2.950000
e4,train_loss,14912,3.001530
e4,train_loss,14944,3.006890
e4,train_loss,14976,3.006320
e4,train_loss,15008,2.987550
e4,train_loss,15040,2.935810
e4,train_loss,15072,2.949520
e4,train_loss,15104,3.006610
e4,train_loss,15136,2.975080
e4,train_loss,15168,2.967820
e4,train_loss,15200,2.972240
e4,train_loss,15232,2.977600
e4,train_loss,15264,2.974220
e4,train_loss,15296,2.962470
e4,train_loss,15328,2.941840
e4,train_loss,15360,2.962110
e4,train_loss,15392,2.937430
e4,train_loss,15424,2.930810
e4,train_loss,15456,2.940210
e4,train_loss,15488,2.958690
e4,train_loss,15520,3.015480
e4,train_loss,15552,2.948270
e4,train_loss,15584,2.935380
e4,train_loss,15616,2.940620
e4,train_loss,15648,2.961360
e4,train_loss,15680,2.961340
e4,train_loss,15712,2.989780
e4,train_loss,15744,2.980090
e4,train_loss,15776,2.953300
e4,train_loss,15808,2.970780
e4,train_loss,15840,2.998990
e4,train_loss,15872,2.954190
e4,train_loss,15904,2.963520
e4,train_loss,15936,2.948480
e4,train_loss,15968,2.971760
e4,train_loss,16000,2.935990
e4,train_loss,16032,2.946870
e4,eval_loss,321,6.488090
e4,eval_loss,642,5.348990
e4,eval_loss,963,4.847900
e4,eval_loss,1284,4.471450
e4,eval_loss,1605,4.196190
e4,eval_loss,1926,4.008430
e4,eval_loss,2247,3.852520
e4,eval_loss,2568,3.717420
e4,eval_loss,2889,3.621560
e4,eval_loss,3210,3.528190
e4,eval_loss,3531,3.467160
e4,eval_loss,3852,3.412190
e4,eval_loss,4173,3.367830
e4,eval_loss,4494,3.334390
e4,eval_loss,4815,3.289790
e4,eval_loss,5136,3.261470
e4,eval_loss,5457,3.239650
e4,eval_loss,5778,3.208340
e4,eval_loss,6099,3.190140
e4,eval_loss,6420,3.173010
e4,eval_loss,6741,3.155330
e4,eval_loss,7062,3.140110
e4,eval_loss,7383,3.124820
e4,eval_loss,7704,3.111360
e4,eval_loss,8025,3.102810
e4,eval_loss,8346,3.088390
e4,eval_loss,8667,3.082980
e4,eval_loss,8988,3.066900
e4,eval_loss,9309,3.061110
e4,eval_loss,9630,3.051070
e4,eval_loss,9951,3.041400
e4,eval_loss,10272,3.034340
e4,eval_loss,10593,3.024900
e4,eval_loss,10914,3.022280
e4,eval_loss,11235,3.017930
e4,eval_loss,11556,3.011540
e4,eval_loss,11877,3.003260
e4,eval_loss,12198,2.999310
e4,eval_loss,12519,2.996600
e4,eval_loss,12840,2.992850
e4,eval_loss,13161,2.994580
e4,eval_loss,13482,2.980480
e4,eval_loss,13803,2.981960
e4,eval_loss,14124,2.974300
e4,eval_loss,14445,2.970130
e4,eval_loss,14766,2.966900
e4,eval_loss,15087,2.961300
e4,eval_loss,15408,2.962860
e4,eval_loss,15729,2.959970
e4,eval_loss,16050,2.955780
e4,grad_norm,32,0.451200
e4,grad_norm,64,0.613300
e4,grad_norm,96,1.195300
e4,grad_norm,128,0.601600
e4,grad_norm,160,0.433600
e4,grad_norm,192,0.382800
e4,grad_norm,224,0.714800
e4,grad_norm,256,0.402300
e4,grad_norm,288,0.421900
e4,grad_norm,320,10.562500
e4,grad_norm,352,0.441400
e4,grad_norm,384,0.412100
e4,grad_norm,416,0.585900
e4,grad_norm,448,0.431600
e4,grad_norm,480,0.476600
e4,grad_norm,512,0.613300
e4,grad_norm,544,0.527300
e4,grad_norm,576,0.527300
e4,grad_norm,608,0.498000
e4,grad_norm,640,0.439500
e4,grad_norm,672,0.453100
e4,grad_norm,704,0.500000
e4,grad_norm,736,0.439500
e4,grad_norm,768,0.431600
e4,grad_norm,800,0.449200
e4,grad_norm,832,0.441400
e4,grad_norm,864,0.406200
e4,grad_norm,896,0.404300
e4,grad_norm,928,0.433600
e4,grad_norm,960,0.398400
e4,grad_norm,992,0.433600
e4,grad_norm,1024,0.447300
e4,grad_norm,1056,0.404300
e4,grad_norm,1088,0.388700
e4,grad_norm,1120,0.404300
e4,grad_norm,1152,0.396500
e4,grad_norm,1184,0.416000
e4,grad_norm,1216,0.408200
e4,grad_norm,1248,0.427700
e4,grad_norm,1280,0.380900
e4,grad_norm,1312,0.425800
e4,grad_norm,1344,0.390600
e4,grad_norm,1376,0.451200
e4,grad_norm,1408,0.492200
e4,grad_norm,1440,0.369100
e4,grad_norm,1472,0.365200
e4,grad_norm,1504,0.363300
e4,grad_norm,1536,0.351600
e4,grad_norm,1568,0.345700
e4,grad_norm,1600,0.365200
e4,grad_norm,1632,0.332000
e4,grad_norm,1664,0.345700
e4,grad_norm,1696,0.343800
e4,grad_norm,1728,0.335900
e4,grad_norm,1760,0.324200
e4,grad_norm,1792,0.335900
e4,grad_norm,1824,0.402300
e4,grad_norm,1856,0.349600
e4,grad_norm,1888,0.341800
e4,grad_norm,1920,0.347700
e4,grad_norm,1952,0.320300
e4,grad_norm,1984,0.308600
e4,grad_norm,2016,0.326200
e4,grad_norm,2048,0.293000
e4,grad_norm,2080,0.296900
e4,grad_norm,2112,0.298800
e4,grad_norm,2144,0.312500
e4,grad_norm,2176,0.293000
e4,grad_norm,2208,0.302700
e4,grad_norm,2240,0.314500
e4,grad_norm,2272,0.316400
e4,grad_norm,2304,0.298800
e4,grad_norm,2336,0.267600
e4,grad_norm,2368,0.271500
e4,grad_norm,2400,0.277300
e4,grad_norm,2432,0.273400
e4,grad_norm,2464,0.263700
e4,grad_norm,2496,0.269500
e4,grad_norm,2528,0.265600
e4,grad_norm,2560,0.261700
e4,grad_norm,2592,0.253900
e4,grad_norm,2624,0.257800
e4,grad_norm,2656,0.253900
e4,grad_norm,2688,0.271500
e4,grad_norm,2720,0.263700
e4,grad_norm,2752,0.250000
e4,grad_norm,2784,0.253900
e4,grad_norm,2816,0.255900
e4,grad_norm,2848,0.241200
e4,grad_norm,2880,0.241200
e4,grad_norm,2912,0.240200
e4,grad_norm,2944,0.255900
e4,grad_norm,2976,0.234400
e4,grad_norm,3008,0.233400
e4,grad_norm,3040,0.246100
e4,grad_norm,3072,0.250000
e4,grad_norm,3104,0.233400
e4,grad_norm,3136,0.229500
e4,grad_norm,3168,0.240200
e4,grad_norm,3200,0.233400
e4,grad_norm,3232,0.233400
e4,grad_norm,3264,0.248000
e4,grad_norm,3296,0.226600
e4,grad_norm,3328,0.285200
e4,grad_norm,3360,0.306600
e4,grad_norm,3392,0.414100
e4,grad_norm,3424,0.219700
e4,grad_norm,3456,0.216800
e4,grad_norm,3488,0.213900
e4,grad_norm,3520,0.224600
e4,grad_norm,3552,0.224600
e4,grad_norm,3584,0.246100
e4,grad_norm,3616,0.212900
e4,grad_norm,3648,0.216800
e4,grad_norm,3680,0.211900
e4,grad_norm,3712,0.207000
e4,grad_norm,3744,0.216800
e4,grad_norm,3776,0.205100
e4,grad_norm,3808,0.210900
e4,grad_norm,3840,0.212900
e4,grad_norm,3872,0.212900
e4,grad_norm,3904,0.227500
e4,grad_norm,3936,0.216800
e4,grad_norm,3968,0.208000
e4,grad_norm,4000,0.217800
e4,grad_norm,4032,0.242200
e4,grad_norm,4064,0.206100
e4,grad_norm,4096,0.216800
e4,grad_norm,4128,0.227500
e4,grad_norm,4160,0.205100
e4,grad_norm,4192,0.211900
e4,grad_norm,4224,0.210900
e4,grad_norm,4256,0.207000
e4,grad_norm,4288,0.204100
e4,grad_norm,4320,0.207000
e4,grad_norm,4352,0.210000
e4,grad_norm,4384,0.204100
e4,grad_norm,4416,0.204100
e4,grad_norm,4448,0.193400
e4,grad_norm,4480,0.217800
e4,grad_norm,4512,0.210000
e4,grad_norm,4544,0.195300
e4,grad_norm,4576,0.201200
e4,grad_norm,4608,0.198200
e4,grad_norm,4640,0.203100
e4,grad_norm,4672,0.207000
e4,grad_norm,4704,0.205100
e4,grad_norm,4736,0.191400
e4,grad_norm,4768,0.199200
e4,grad_norm,4800,0.195300
e4,grad_norm,4832,0.197300
e4,grad_norm,4864,0.201200
e4,grad_norm,4896,0.194300
e4,grad_norm,4928,0.199200
e4,grad_norm,4960,0.197300
e4,grad_norm,4992,0.192400
e4,grad_norm,5024,0.201200
e4,grad_norm,5056,0.210000
e4,grad_norm,5088,0.207000
e4,grad_norm,5120,0.208000
e4,grad_norm,5152,0.202100
e4,grad_norm,5184,0.197300
e4,grad_norm,5216,0.197300
e4,grad_norm,5248,0.197300
e4,grad_norm,5280,0.194300
e4,grad_norm,5312,0.200200
e4,grad_norm,5344,0.205100
e4,grad_norm,5376,0.205100
e4,grad_norm,5408,0.193400
e4,grad_norm,5440,0.198200
e4,grad_norm,5472,0.201200
e4,grad_norm,5504,0.198200
e4,grad_norm,5536,0.206100
e4,grad_norm,5568,0.198200
e4,grad_norm,5600,0.206100
e4,grad_norm,5632,0.208000
e4,grad_norm,5664,0.210900
e4,grad_norm,5696,0.207000
e4,grad_norm,5728,0.189500
e4,grad_norm,5760,0.187500
e4,grad_norm,5792,0.201200
e4,grad_norm,5824,0.204100
e4,grad_norm,5856,0.202100
e4,grad_norm,5888,0.204100
e4,grad_norm,5920,0.197300
e4,grad_norm,5952,0.202100
e4,grad_norm,5984,0.192400
e4,grad_norm,6016,0.199200
e4,grad_norm,6048,0.195300
e4,grad_norm,6080,0.197300
e4,grad_norm,6112,0.197300
e4,grad_norm,6144,0.194300
e4,grad_norm,6176,0.201200
e4,grad_norm,6208,0.200200
e4,grad_norm,6240,0.205100
e4,grad_norm,6272,0.205100
e4,grad_norm,6304,0.234400
e4,grad_norm,6336,0.215800
e4,grad_norm,6368,0.198200
e4,grad_norm,6400,0.203100
e4,grad_norm,6432,0.201200
e4,grad_norm,6464,0.202100
e4,grad_norm,6496,0.195300
e4,grad_norm,6528,0.186500
e4,grad_norm,6560,0.205100
e4,grad_norm,6592,0.195300
e4,grad_norm,6624,0.191400
e4,grad_norm,6656,0.207000
e4,grad_norm,6688,0.210900
e4,grad_norm,6720,0.203100
e4,grad_norm,6752,0.195300
e4,grad_norm,6784,0.212900
e4,grad_norm,6816,0.194300
e4,grad_norm,6848,0.194300
e4,grad_norm,6880,0.199200
e4,grad_norm,6912,0.197300
e4,grad_norm,6944,0.199200
e4,grad_norm,6976,0.200200
e4,grad_norm,7008,0.204100
e4,grad_norm,7040,0.199200
e4,grad_norm,7072,0.199200
e4,grad_norm,7104,0.218800
e4,grad_norm,7136,0.199200
e4,grad_norm,7168,0.197300
e4,grad_norm,7200,0.196300
e4,grad_norm,7232,0.197300
e4,grad_norm,7264,0.201200
e4,grad_norm,7296,0.203100
e4,grad_norm,7328,0.215800
e4,grad_norm,7360,0.208000
e4,grad_norm,7392,0.199200
e4,grad_norm,7424,0.218800
e4,grad_norm,7456,0.197300
e4,grad_norm,7488,0.194300
e4,grad_norm,7520,0.208000
e4,grad_norm,7552,0.207000
e4,grad_norm,7584,0.192400
e4,grad_norm,7616,0.199200
e4,grad_norm,7648,0.196300
e4,grad_norm,7680,0.195300
e4,grad_norm,7712,0.208000
e4,grad_norm,7744,0.207000
e4,grad_norm,7776,0.211900
e4,grad_norm,7808,0.196300
e4,grad_norm,7840,0.195300
e4,grad_norm,7872,0.194300
e4,grad_norm,7904,0.222700
e4,grad_norm,7936,0.193400
e4,grad_norm,7968,0.204100
e4,grad_norm,8000,0.210000
e4,grad_norm,8032,0.221700
e4,grad_norm,8064,0.203100
e4,grad_norm,8096,0.189500
e4,grad_norm,8128,0.189500
e4,grad_norm,8160,0.197300
e4,grad_norm,8192,0.198200
e4,grad_norm,8224,0.211900
e4,grad_norm,8256,0.195300
e4,grad_norm,8288,0.199200
e4,grad_norm,8320,0.208000
e4,grad_norm,8352,0.204100
e4,grad_norm,8384,0.186500
e4,grad_norm,8416,0.220700
e4,grad_norm,8448,0.195300
e4,grad_norm,8480,0.195300
e4,grad_norm,8512,0.203100
e4,grad_norm,8544,0.195300
e4,grad_norm,8576,0.199200
e4,grad_norm,8608,0.373000
e4,grad_norm,8640,0.207000
e4,grad_norm,8672,0.202100
e4,grad_norm,8704,0.231400
e4,grad_norm,8736,0.208000
e4,grad_norm,8768,0.203100
e4,grad_norm,8800,0.199200
e4,grad_norm,8832,0.211900
e4,grad_norm,8864,0.199200
e4,grad_norm,8896,0.226600
e4,grad_norm,8928,0.211900
e4,grad_norm,8960,0.201200
e4,grad_norm,8992,0.190400
e4,grad_norm,9024,0.222700
e4,grad_norm,9056,0.206100
e4,grad_norm,9088,0.214800
e4,grad_norm,9120,0.197300
e4,grad_norm,9152,0.201200
e4,grad_norm,9184,0.207000
e4,grad_norm,9216,0.197300
e4,grad_norm,9248,0.217800
e4,grad_norm,9280,0.201200
e4,grad_norm,9312,0.210000
e4,grad_norm,9344,0.204100
e4,grad_norm,9376,0.200200
e4,grad_norm,9408,0.217800
e4,grad_norm,9440,0.195300
e4,grad_norm,9472,0.216800
e4,grad_norm,9504,0.199200
e4,grad_norm,9536,0.209000
e4,grad_norm,9568,0.214800
e4,grad_norm,9600,0.210900
e4,grad_norm,9632,0.218800
e4,grad_norm,9664,0.195300
e4,grad_norm,9696,0.209000
e4,grad_norm,9728,0.202100
e4,grad_norm,9760,0.199200
e4,grad_norm,9792,0.213900
e4,grad_norm,9824,0.190400
e4,grad_norm,9856,0.229500
e4,grad_norm,9888,0.195300
e4,grad_norm,9920,0.199200
e4,grad_norm,9952,0.219700
e4,grad_norm,9984,0.192400
e4,grad_norm,10016,0.201200
e4,grad_norm,10048,0.199200
e4,grad_norm,10080,0.198200
e4,grad_norm,10112,0.210000
e4,grad_norm,10144,0.235400
e4,grad_norm,10176,0.205100
e4,grad_norm,10208,0.210000
e4,grad_norm,10240,0.199200
e4,grad_norm,10272,0.205100
e4,grad_norm,10304,0.261700
e4,grad_norm,10336,0.235400
e4,grad_norm,10368,0.210000
e4,grad_norm,10400,0.199200
e4,grad_norm,10432,0.194300
e4,grad_norm,10464,0.193400
e4,grad_norm,10496,0.207000
e4,grad_norm,10528,0.208000
e4,grad_norm,10560,0.205100
e4,grad_norm,10592,0.193400
e4,grad_norm,10624,0.200200
e4,grad_norm,10656,0.200200
e4,grad_norm,10688,0.199200
e4,grad_norm,10720,0.221700
e4,grad_norm,10752,0.203100
e4,grad_norm,10784,0.207000
e4,grad_norm,10816,0.213900
e4,grad_norm,10848,0.201200
e4,grad_norm,10880,0.216800
e4,grad_norm,10912,0.210900
e4,grad_norm,10944,0.199200
e4,grad_norm,10976,0.237300
e4,grad_norm,11008,0.214800
e4,grad_norm,11040,0.198200
e4,grad_norm,11072,0.250000
e4,grad_norm,11104,0.212900
e4,grad_norm,11136,0.202100
e4,grad_norm,11168,0.202100
e4,grad_norm,11200,0.194300
e4,grad_norm,11232,0.226600
e4,grad_norm,11264,0.195300
e4,grad_norm,11296,0.215800
e4,grad_norm,11328,0.210900
e4,grad_norm,11360,0.194300
e4,grad_norm,11392,0.229500
e4,grad_norm,11424,0.220700
e4,grad_norm,11456,0.240200
e4,grad_norm,11488,0.202100
e4,grad_norm,11520,0.216800
e4,grad_norm,11552,0.208000
e4,grad_norm,11584,0.232400
e4,grad_norm,11616,0.242200
e4,grad_norm,11648,0.200200
e4,grad_norm,11680,0.210000
e4,grad_norm,11712,0.216800
e4,grad_norm,11744,0.211900
e4,grad_norm,11776,0.204100
e4,grad_norm,11808,0.206100
e4,grad_norm,11840,0.201200
e4,grad_norm,11872,0.214800
e4,grad_norm,11904,0.192400
e4,grad_norm,11936,0.200200
e4,grad_norm,11968,0.202100
e4,grad_norm,12000,0.193400
e4,grad_norm,12032,0.215800
e4,grad_norm,12064,0.197300
e4,grad_norm,12096,0.210900
e4,grad_norm,12128,0.206100
e4,grad_norm,12160,0.201200
e4,grad_norm,12192,0.207000
e4,grad_norm,12224,0.196300
e4,grad_norm,12256,0.193400
e4,grad_norm,12288,0.207000
e4,grad_norm,12320,0.230500
e4,grad_norm,12352,0.195300
e4,grad_norm,12384,0.222700
e4,grad_norm,12416,0.220700
e4,grad_norm,12448,0.205100
e4,grad_norm,12480,0.216800
e4,grad_norm,12512,0.209000
e4,grad_norm,12544,0.197300
e4,grad_norm,12576,0.210900
e4,grad_norm,12608,0.197300
e4,grad_norm,12640,0.201200
e4,grad_norm,12672,0.212900
e4,grad_norm,12704,0.215800
e4,grad_norm,12736,0.193400
e4,grad_norm,12768,0.208000
e4,grad_norm,12800,0.217800
e4,grad_norm,12832,0.233400
e4,grad_norm,12864,0.215800
e4,grad_norm,12896,0.208000
e4,grad_norm,12928,0.198200
e4,grad_norm,12960,0.217800
e4,grad_norm,12992,0.217800
e4,grad_norm,13024,0.221700
e4,grad_norm,13056,0.249000
e4,grad_norm,13088,0.202100
e4,grad_norm,13120,0.210000
e4,grad_norm,13152,0.312500
e4,grad_norm,13184,0.220700
e4,grad_norm,13216,0.193400
e4,grad_norm,13248,0.215800
e4,grad_norm,13280,0.225600
e4,grad_norm,13312,0.213900
e4,grad_norm,13344,0.223600
e4,grad_norm,13376,0.202100
e4,grad_norm,13408,0.204100
e4,grad_norm,13440,0.227500
e4,grad_norm,13472,0.217800
e4,grad_norm,13504,0.202100
e4,grad_norm,13536,0.201200
e4,grad_norm,13568,0.210900
e4,grad_norm,13600,0.199200
e4,grad_norm,13632,0.189500
e4,grad_norm,13664,0.198200
e4,grad_norm,13696,0.202100
e4,grad_norm,13728,0.202100
e4,grad_norm,13760,0.208000
e4,grad_norm,13792,0.201200
e4,grad_norm,13824,0.211900
e4,grad_norm,13856,0.196300
e4,grad_norm,13888,0.211900
e4,grad_norm,13920,0.215800
e4,grad_norm,13952,0.201200
e4,grad_norm,13984,0.210900
e4,grad_norm,14016,0.199200
e4,grad_norm,14048,0.206100
e4,grad_norm,14080,0.210000
e4,grad_norm,14112,0.204100
e4,grad_norm,14144,0.209000
e4,grad_norm,14176,0.215800
e4,grad_norm,14208,0.208000
e4,grad_norm,14240,0.217800
e4,grad_norm,14272,0.205100
e4,grad_norm,14304,0.202100
e4,grad_norm,14336,0.202100
e4,grad_norm,14368,0.234400
e4,grad_norm,14400,0.205100
e4,grad_norm,14432,0.224600
e4,grad_norm,14464,0.201200
e4,grad_norm,14496,0.219700
e4,grad_norm,14528,0.219700
e4,grad_norm,14560,0.202100
e4,grad_norm,14592,0.218800
e4,grad_norm,14624,0.212900
e4,grad_norm,14656,0.206100
e4,grad_norm,14688,0.199200
e4,grad_norm,14720,0.203100
e4,grad_norm,14752,0.211900
e4,grad_norm,14784,0.212900
e4,grad_norm,14816,0.230500
e4,grad_norm,14848,0.232400
e4,grad_norm,14880,0.217800
e4,grad_norm,14912,0.208000
e4,grad_norm,14944,0.210000
e4,grad_norm,14976,0.207000
e4,grad_norm,15008,0.208000
e4,grad_norm,15040,0.253900
e4,grad_norm,15072,0.230500
e4,grad_norm,15104,0.210900
e4,grad_norm,15136,0.200200
e4,grad_norm,15168,0.220700
e4,grad_norm,15200,0.208000
e4,grad_norm,15232,0.196300
e4,grad_norm,15264,0.212900
e4,grad_norm,15296,0.241200
e4,grad_norm,15328,0.219700
e4,grad_norm,15360,0.218800
e4,grad_norm,15392,0.225600
e4,grad_norm,15424,0.221700
e4,grad_norm,15456,0.210000
e4,grad_norm,15488,0.229500
e4,grad_norm,15520,0.217800
e4,grad_norm,15552,0.202100
e4,grad_norm,15584,0.192400
e4,grad_norm,15616,0.210000
e4,grad_norm,15648,0.220700
e4,grad_norm,15680,0.228500
e4,grad_norm,15712,0.224600
e4,grad_norm,15744,0.212900
e4,grad_norm,15776,0.206100
e4,grad_norm,15808,0.216800
e4,grad_norm,15840,0.202100
e4,grad_norm,15872,0.213900
e4,grad_norm,15904,0.201200
e4,grad_norm,15936,0.252000
e4,grad_norm,15968,0.206100
e4,grad_norm,16000,0.208000
e4,grad_norm,16032,0.199200
e5,train_loss,32,9.447360
e5,train_loss,64,9.266380
e5,train_loss,96,8.204790
e5,train_loss,128,7.429890
e5,train_loss,160,7.141900
e5,train_loss,192,7.010580
e5,train_loss,224,6.921570
e5,train_loss,256,6.781250
e5,train_loss,288,6.640920
e5,train_loss,320,6.588710
e5,train_loss,352,6.397410
e5,train_loss,384,6.315010
e5,train_loss,416,6.190050
e5,train_loss,448,6.015910
e5,train_loss,480,5.893670
e5,train_loss,512,5.765870
e5,train_loss,544,5.615410
e5,train_loss,576,5.523480
e5,train_loss,608,5.468980
e5,train_loss,640,5.383550
e5,train_loss,672,5.353750
e5,train_loss,704,5.306540
e5,train_loss,736,5.201400
e5,train_loss,768,5.162230
e5,train_loss,800,5.105910
e5,train_loss,832,5.059190
e5,train_loss,864,5.003460
e5,train_loss,896,4.977400
e5,train_loss,928,4.910150
e5,train_loss,960,4.864960
e5,train_loss,992,4.812440
e5,train_loss,1024,4.798910
e5,train_loss,1056,4.748780
e5,train_loss,1088,4.733700
e5,train_loss,1120,4.667750
e5,train_loss,1152,4.592700
e5,train_loss,1184,4.570490
e5,train_loss,1216,4.540720
e5,train_loss,1248,4.472860
e5,train_loss,1280,4.477170
e5,train_loss,1312,4.450320
e5,train_loss,1344,4.443080
e5,train_loss,1376,4.407920
e5,train_loss,1408,4.416610
e5,train_loss,1440,4.336210
e5,train_loss,1472,4.295020
e5,train_loss,1504,4.254330
e5,train_loss,1536,4.201940
e5,train_loss,1568,4.233140
e5,train_loss,1600,4.180240
e5,train_loss,1632,4.154350
e5,train_loss,1664,4.164710
e5,train_loss,1696,4.086760
e5,train_loss,1728,4.119980
e5,train_loss,1760,4.099670
e5,train_loss,1792,4.089070
e5,train_loss,1824,4.025770
e5,train_loss,1856,4.014350
e5,train_loss,1888,4.087580
e5,train_loss,1920,4.004300
e5,train_loss,1952,3.950100
e5,train_loss,1984,4.019950
e5,train_loss,2016,3.963280
e5,train_loss,2048,3.914090
e5,train_loss,2080,3.919170
e5,train_loss,2112,3.809470
e5,train_loss,2144,3.887500
e5,train_loss,2176,3.876120
e5,train_loss,2208,3.863670
e5,train_loss,2240,3.857000
e5,train_loss,2272,3.849850
e5,train_loss,2304,3.827310
e5,train_loss,2336,3.786060
e5,train_loss,2368,3.746600
e5,train_loss,2400,3.837080
e5,train_loss,2432,3.717860
e5,train_loss,2464,3.742070
e5,train_loss,2496,3.729480
e5,train_loss,2528,3.745470
e5,train_loss,2560,3.714890
e5,train_loss,2592,3.722210
e5,train_loss,2624,3.652350
e5,train_loss,2656,3.706420
e5,train_loss,2688,3.626730
e5,train_loss,2720,3.614120
e5,train_loss,2752,3.653460
e5,train_loss,2784,3.626670
e5,train_loss,2816,3.642910
e5,train_loss,2848,3.610940
e5,train_loss,2880,3.618670
e5,train_loss,2912,3.597420
e5,train_loss,2944,3.576590
e5,train_loss,2976,3.537710
e5,train_loss,3008,3.531240
e5,train_loss,3040,3.526110
e5,train_loss,3072,3.574340
e5,train_loss,3104,3.506240
e5,train_loss,3136,3.513010
e5,train_loss,3168,3.523070
e5,train_loss,3200,3.507450
e5,train_loss,3232,3.497010
e5,train_loss,3264,3.482450
e5,train_loss,3296,3.474430
e5,train_loss,3328,3.463170
e5,train_loss,3360,3.460770
e5,train_loss,3392,3.483330
e5,train_loss,3424,3.462880
e5,train_loss,3456,3.482400
e5,train_loss,3488,3.418580
e5,train_loss,3520,3.442830
e5,train_loss,3552,3.417700
e5,train_loss,3584,3.430200
e5,train_loss,3616,3.404770
e5,train_loss,3648,3.415880
e5,train_loss,3680,3.379620
e5,train_loss,3712,3.423830
e5,train_loss,3744,3.404280
e5,train_loss,3776,3.380970
e5,train_loss,3808,3.387350
e5,train_loss,3840,3.352340
e5,train_loss,3872,3.423510
e5,train_loss,3904,3.347950
e5,train_loss,3936,3.362390
e5,train_loss,3968,3.373520
e5,train_loss,4000,3.410130
e5,train_loss,4032,3.522560
e5,train_loss,4064,3.360020
e5,train_loss,4096,3.382640
e5,train_loss,4128,3.344430
e5,train_loss,4160,3.343980
e5,train_loss,4192,3.364340
e5,train_loss,4224,3.373000
e5,train_loss,4256,3.303500
e5,train_loss,4288,3.312120
e5,train_loss,4320,3.325590
e5,train_loss,4352,3.294560
e5,train_loss,4384,3.284610
e5,train_loss,4416,3.266740
e5,train_loss,4448,3.333350
e5,train_loss,4480,3.256810
e5,train_loss,4512,3.272570
e5,train_loss,4544,3.285810
e5,train_loss,4576,3.303980
e5,train_loss,4608,3.272650
e5,train_loss,4640,3.274340
e5,train_loss,4672,3.276430
e5,train_loss,4704,3.297350
e5,train_loss,4736,3.299680
e5,train_loss,4768,3.271110
e5,train_loss,4800,3.262630
e5,train_loss,4832,3.258420
e5,train_loss,4864,3.292060
e5,train_loss,4896,3.262320
e5,train_loss,4928,3.239000
e5,train_loss,4960,3.255390
e5,train_loss,4992,3.254680
e5,train_loss,5024,3.242680
e5,train_loss,5056,3.262620
e5,train_loss,5088,3.281650
e5,train_loss,5120,3.229270
e5,train_loss,5152,3.219380
e5,train_loss,5184,3.277050
e5,train_loss,5216,3.243240
e5,train_loss,5248,3.226210
e5,train_loss,5280,3.261320
e5,train_loss,5312,3.196990
e5,train_loss,5344,3.225970
e5,train_loss,5376,3.225650
e5,train_loss,5408,3.268810
e5,train_loss,5440,3.273550
e5,train_loss,5472,3.258160
e5,train_loss,5504,3.219870
e5,train_loss,5536,3.212380
e5,train_loss,5568,3.197740
e5,train_loss,5600,3.169840
e5,train_loss,5632,3.176470
e5,train_loss,5664,3.221560
e5,train_loss,5696,3.201370
e5,train_loss,5728,3.206770
e5,train_loss,5760,3.168690
e5,train_loss,5792,3.219900
e5,train_loss,5824,3.160070
e5,train_loss,5856,3.181940
e5,train_loss,5888,3.183010
e5,train_loss,5920,3.203950
e5,train_loss,5952,3.168240
e5,train_loss,5984,3.165050
e5,train_loss,6016,3.176560
e5,train_loss,6048,3.182310
e5,train_loss,6080,3.151210
e5,train_loss,6112,3.132050
e5,train_loss,6144,3.176860
e5,train_loss,6176,3.143670
e5,train_loss,6208,3.167370
e5,train_loss,6240,3.118950
e5,train_loss,6272,3.164760
e5,train_loss,6304,3.185010
e5,train_loss,6336,3.109400
e5,train_loss,6368,3.155610
e5,train_loss,6400,3.139930
e5,train_loss,6432,3.155910
e5,train_loss,6464,3.156880
e5,train_loss,6496,3.146230
e5,train_loss,6528,3.159350
e5,train_loss,6560,3.103000
e5,train_loss,6592,3.156460
e5,train_loss,6624,3.193010
e5,train_loss,6656,3.138310
e5,train_loss,6688,3.141320
e5,train_loss,6720,3.107990
e5,train_loss,6752,3.116620
e5,train_loss,6784,3.111140
e5,train_loss,6816,3.097060
e5,train_loss,6848,3.104840
e5,train_loss,6880,3.133850
e5,train_loss,6912,3.137070
e5,train_loss,6944,3.115850
e5,train_loss,6976,3.092720
e5,train_loss,7008,3.165630
e5,train_loss,7040,3.095130
e5,train_loss,7072,3.141580
e5,train_loss,7104,3.097670
e5,train_loss,7136,3.130890
e5,train_loss,7168,3.100440
e5,train_loss,7200,3.080260
e5,train_loss,7232,3.108370
e5,train_loss,7264,3.121390
e5,train_loss,7296,3.096340
e5,train_loss,7328,3.112770
e5,train_loss,7360,3.138270
e5,train_loss,7392,3.125070
e5,train_loss,7424,3.091520
e5,train_loss,7456,3.114500
e5,train_loss,7488,3.057400
e5,train_loss,7520,3.067730
e5,train_loss,7552,3.048160
e5,train_loss,7584,3.062210
e5,train_loss,7616,3.134550
e5,train_loss,7648,3.089680
e5,train_loss,7680,3.074440
e5,train_loss,7712,3.133060
e5,train_loss,7744,3.119570
e5,train_loss,7776,3.132960
e5,train_loss,7808,3.098560
e5,train_loss,7840,3.108980
e5,train_loss,7872,3.110140
e5,train_loss,7904,3.072900
e5,train_loss,7936,3.121640
e5,train_loss,7968,3.103210
e5,train_loss,8000,3.082530
e5,train_loss,8032,3.132540
e5,train_loss,8064,3.136170
e5,train_loss,8096,3.060760
e5,train_loss,8128,3.112600
e5,train_loss,8160,3.081050
e5,train_loss,8192,3.117810
e5,train_loss,8224,3.132150
e5,train_loss,8256,3.063300
e5,train_loss,8288,3.107610
e5,train_loss,8320,3.081000
e5,train_loss,8352,3.101160
e5,train_loss,8384,3.118340
e5,train_loss,8416,3.114150
e5,train_loss,8448,3.077400
e5,train_loss,8480,3.118140
e5,train_loss,8512,3.118950
e5,train_loss,8544,3.114470
e5,train_loss,8576,3.080260
e5,train_loss,8608,3.097630
e5,train_loss,8640,3.123100
e5,train_loss,8672,3.101430
e5,train_loss,8704,3.097440
e5,train_loss,8736,3.092800
e5,train_loss,8768,3.102640
e5,train_loss,8800,3.094030
e5,train_loss,8832,3.100840
e5,train_loss,8864,3.100820
e5,train_loss,8896,3.074020
e5,train_loss,8928,3.097840
e5,train_loss,8960,3.113270
e5,train_loss,8992,3.080870
e5,train_loss,9024,3.080750
e5,train_loss,9056,3.059990
e5,train_loss,9088,3.006340
e5,train_loss,9120,3.091690
e5,train_loss,9152,3.066450
e5,train_loss,9184,3.088840
e5,train_loss,9216,3.091000
e5,train_loss,9248,3.049280
e5,train_loss,9280,3.049160
e5,train_loss,9312,3.068220
e5,train_loss,9344,3.023660
e5,train_loss,9376,3.094560
e5,train_loss,9408,3.032210
e5,train_loss,9440,3.034010
e5,train_loss,9472,3.034310
e5,train_loss,9504,3.052910
e5,train_loss,9536,3.079260
e5,train_loss,9568,3.066030
e5,train_loss,9600,3.077160
e5,train_loss,9632,3.052620
e5,train_loss,9664,3.049560
e5,train_loss,9696,3.067220
e5,train_loss,9728,3.105280
e5,train_loss,9760,3.084490
e5,train_loss,9792,3.068050
e5,train_loss,9824,3.069040
e5,train_loss,9856,3.046370
e5,train_loss,9888,3.065920
e5,train_loss,9920,3.061560
e5,train_loss,9952,3.019130
e5,train_loss,9984,3.042620
e5,train_loss,10016,3.050420
e5,train_loss,10048,3.042630
e5,train_loss,10080,3.047030
e5,train_loss,10112,3.044480
e5,train_loss,10144,3.087280
e5,train_loss,10176,3.035270
e5,train_loss,10208,3.072330
e5,train_loss,10240,3.069400
e5,train_loss,10272,3.005360
e5,train_loss,10304,3.046330
e5,train_loss,10336,3.026920
e5,train_loss,10368,3.038940
e5,train_loss,10400,3.077370
e5,train_loss,10432,3.018070
e5,train_loss,10464,3.026630
e5,train_loss,10496,3.056460
e5,train_loss,10528,3.030180
e5,train_loss,10560,3.014150
e5,train_loss,10592,3.018680
e5,train_loss,10624,3.080060
e5,train_loss,10656,3.051220
e5,train_loss,10688,3.032650
e5,train_loss,10720,3.050450
e5,train_loss,10752,3.046710
e5,train_loss,10784,3.034670
e5,train_loss,10816,3.015280
e5,train_loss,10848,3.029550
e5,train_loss,10880,3.014070
e5,train_loss,10912,3.070900
e5,train_loss,10944,3.014710
e5,train_loss,10976,3.048190
e5,train_loss,11008,3.053730
e5,train_loss,11040,3.038740
e5,train_loss,11072,3.037150
e5,train_loss,11104,2.955700
e5,train_loss,11136,3.005350
e5,train_loss,11168,3.032850
e5,train_loss,11200,3.056100
e5,train_loss,11232,2.999240
e5,train_loss,11264,3.023030
e5,train_loss,11296,3.014590
e5,train_loss,11328,3.005350
e5,train_loss,11360,3.032930
e5,train_loss,11392,2.965550
e5,train_loss,11424,2.954740
e5,train_loss,11456,3.017570
e5,train_loss,11488,3.005200
e5,train_loss,11520,2.986260
e5,train_loss,11552,3.022380
e5,train_loss,11584,3.023840
e5,train_loss,11616,2.988200
e5,train_loss,11648,3.027480
e5,train_loss,11680,3.023250
e5,train_loss,11712,3.029000
e5,train_loss,11744,3.045700
e5,train_loss,11776,3.038300
e5,train_loss,11808,2.978570
e5,train_loss,11840,3.001900
e5,train_loss,11872,3.044680
e5,train_loss,11904,3.013720
e5,train_loss,11936,2.996500
e5,train_loss,11968,2.984430
e5,train_loss,12000,2.982270
e5,train_loss,12032,2.988330
e5,train_loss,12064,3.027460
e5,train_loss,12096,3.033990
e5,train_loss,12128,3.029150
e5,train_loss,12160,3.015980
e5,train_loss,12192,3.022140
e5,train_loss,12224,3.004060
e5,train_loss,12256,3.062830
e5,train_loss,12288,3.012020
e5,train_loss,12320,3.026600
e5,train_loss,12352,3.051220
e5,train_loss,12384,3.008560
e5,train_loss,12416,2.992810
e5,train_loss,12448,3.007320
e5,train_loss,12480,3.005380
e5,train_loss,12512,3.031340
e5,train_loss,12544,2.978860
e5,train_loss,12576,3.014600
e5,train_loss,12608,3.009630
e5,train_loss,12640,3.020230
e5,train_loss,12672,2.982880
e5,train_loss,12704,3.072370
e5,train_loss,12736,3.010410
e5,train_loss,12768,3.004180
e5,train_loss,12800,2.955690
e5,train_loss,12832,3.013700
e5,train_loss,12864,3.012720
e5,train_loss,12896,2.956460
e5,train_loss,12928,2.970890
e5,train_loss,12960,2.999710
e5,train_loss,12992,3.008910
e5,train_loss,13024,3.032290
e5,train_loss,13056,2.986320
e5,train_loss,13088,2.994610
e5,train_loss,13120,3.021920
e5,train_loss,13152,3.050020
e5,train_loss,13184,2.993700
e5,train_loss,13216,2.974820
e5,train_loss,13248,2.961870
e5,train_loss,13280,2.979570
e5,train_loss,13312,2.971340
e5,train_loss,13344,3.028390
e5,train_loss,13376,2.983480
e5,train_loss,13408,3.009150
e5,train_loss,13440,2.982860
e5,train_loss,13472,2.998410
e5,train_loss,13504,3.003070
e5,train_loss,13536,2.981240
e5,train_loss,13568,2.987840
e5,train_loss,13600,2.975510
e5,train_loss,13632,2.974850
e5,train_loss,13664,2.962430
e5,train_loss,13696,2.937580
e5,train_loss,13728,2.978340
e5,train_loss,13760,2.990740
e5,train_loss,13792,2.939950
e5,train_loss,13824,2.998310
e5,train_loss,13856,2.962130
e5,train_loss,13888,2.992550
e5,train_loss,13920,2.999930
e5,train_loss,13952,2.980210
e5,train_loss,13984,2.988340
e5,train_loss,14016,3.014640
e5,train_loss,14048,3.000340
e5,train_loss,14080,2.979020
e5,train_loss,14112,3.013440
e5,train_loss,14144,3.019840
e5,train_loss,14176,3.035830
e5,train_loss,14208,2.996530
e5,train_loss,14240,2.982910
e5,train_loss,14272,2.957190
e5,train_loss,14304,2.985310
e5,train_loss,14336,2.986160
e5,train_loss,14368,2.966910
e5,train_loss,14400,2.969650
e5,train_loss,14432,2.984840
e5,train_loss,14464,3.014090
e5,train_loss,14496,2.966580
e5,train_loss,14528,2.950520
e5,train_loss,14560,2.953150
e5,train_loss,14592,2.987390
e5,train_loss,14624,2.967650
e5,train_loss,14656,2.960060
e5,train_loss,14688,2.996110
e5,train_loss,14720,2.992850
e5,train_loss,14752,3.040760
e5,train_loss,14784,2.978880
e5,train_loss,14816,3.016540
e5,train_loss,14848,2.999470
e5,train_loss,14880,2.944530
e5,train_loss,14912,2.995220
e5,train_loss,14944,2.999520
e5,train_loss,14976,3.000520
e5,train_loss,15008,2.981400
e5,train_loss,15040,2.929220
e5,train_loss,15072,2.944310
e5,train_loss,15104,3.000740
e5,train_loss,15136,2.969680
e5,train_loss,15168,2.962180
e5,train_loss,15200,2.965750
e5,train_loss,15232,2.974320
e5,train_loss,15264,2.968890
e5,train_loss,15296,2.957070
e5,train_loss,15328,2.936570
e5,train_loss,15360,2.955360
e5,train_loss,15392,2.931200
e5,train_loss,15424,2.925380
e5,train_loss,15456,2.935740
e5,train_loss,15488,2.953230
e5,train_loss,15520,3.009020
e5,train_loss,15552,2.942260
e5,train_loss,15584,2.930300
e5,train_loss,15616,2.935180
e5,train_loss,15648,2.955600
e5,train_loss,15680,2.955070
e5,train_loss,15712,2.982820
e5,train_loss,15744,2.976400
e5,train_loss,15776,2.947310
e5,train_loss,15808,2.964260
e5,train_loss,15840,2.993250
e5,train_loss,15872,2.948660
e5,train_loss,15904,2.958460
e5,train_loss,15936,2.943050
e5,train_loss,15968,2.966860
e5,train_loss,16000,2.929680
e5,train_loss,16032,2.941290
e5,eval_loss,321,6.489190
e5,eval_loss,642,5.349140
e5,eval_loss,963,4.845210
e5,eval_loss,1284,4.469800
e5,eval_loss,1605,4.194550
e5,eval_loss,1926,4.008830
e5,eval_loss,2247,3.848890
e5,eval_loss,2568,3.706440
e5,eval_loss,2889,3.612940
e5,eval_loss,3210,3.519300
e5,eval_loss,3531,3.454980
e5,eval_loss,3852,3.401650
e5,eval_loss,4173,3.358160
e5,eval_loss,4494,3.324730
e5,eval_loss,4815,3.280730
e5,eval_loss,5136,3.251230
e5,eval_loss,5457,3.230930
e5,eval_loss,5778,3.200600
e5,eval_loss,6099,3.180340
e5,eval_loss,6420,3.163420
e5,eval_loss,6741,3.146910
e5,eval_loss,7062,3.131060
e5,eval_loss,7383,3.115680
e5,eval_loss,7704,3.104050
e5,eval_loss,8025,3.094260
e5,eval_loss,8346,3.081530
e5,eval_loss,8667,3.071480
e5,eval_loss,8988,3.058270
e5,eval_loss,9309,3.051690
e5,eval_loss,9630,3.042470
e5,eval_loss,9951,3.032440
e5,eval_loss,10272,3.026390
e5,eval_loss,10593,3.017970
e5,eval_loss,10914,3.014260
e5,eval_loss,11235,3.010520
e5,eval_loss,11556,3.003410
e5,eval_loss,11877,2.994660
e5,eval_loss,12198,2.991950
e5,eval_loss,12519,2.990490
e5,eval_loss,12840,2.987210
e5,eval_loss,13161,2.988250
e5,eval_loss,13482,2.973680
e5,eval_loss,13803,2.974500
e5,eval_loss,14124,2.968350
e5,eval_loss,14445,2.963010
e5,eval_loss,14766,2.961290
e5,eval_loss,15087,2.954590
e5,eval_loss,15408,2.956440
e5,eval_loss,15729,2.953250
e5,eval_loss,16050,2.948820
e5,grad_norm,32,0.451200
e5,grad_norm,64,0.613300
e5,grad_norm,96,1.195300
e5,grad_norm,128,0.601600
e5,grad_norm,160,0.433600
e5,grad_norm,192,0.382800
e5,grad_norm,224,0.714800
e5,grad_norm,256,0.402300
e5,grad_norm,288,0.421900
e5,grad_norm,320,10.750000
e5,grad_norm,352,0.441400
e5,grad_norm,384,0.412100
e5,grad_norm,416,0.582000
e5,grad_norm,448,0.439500
e5,grad_norm,480,0.476600
e5,grad_norm,512,0.582000
e5,grad_norm,544,0.494100
e5,grad_norm,576,0.531200
e5,grad_norm,608,0.507800
e5,grad_norm,640,0.439500
e5,grad_norm,672,0.451200
e5,grad_norm,704,0.494100
e5,grad_norm,736,0.441400
e5,grad_norm,768,0.431600
e5,grad_norm,800,0.447300
e5,grad_norm,832,0.445300
e5,grad_norm,864,0.410200
e5,grad_norm,896,0.404300
e5,grad_norm,928,0.437500
e5,grad_norm,960,0.402300
e5,grad_norm,992,0.435500
e5,grad_norm,1024,0.451200
e5,grad_norm,1056,0.400400
e5,grad_norm,1088,0.390600
e5,grad_norm,1120,0.404300
e5,grad_norm,1152,0.396500
e5,grad_norm,1184,0.412100
e5,grad_norm,1216,0.408200
e5,grad_norm,1248,0.425800
e5,grad_norm,1280,0.388700
e5,grad_norm,1312,0.425800
e5,grad_norm,1344,0.392600
e5,grad_norm,1376,0.435500
e5,grad_norm,1408,0.474600
e5,grad_norm,1440,0.365200
e5,grad_norm,1472,0.369100
e5,grad_norm,1504,0.365200
e5,grad_norm,1536,0.349600
e5,grad_norm,1568,0.351600
e5,grad_norm,1600,0.365200
e5,grad_norm,1632,0.332000
e5,grad_norm,1664,0.349600
e5,grad_norm,1696,0.345700
e5,grad_norm,1728,0.339800
e5,grad_norm,1760,0.324200
e5,grad_norm,1792,0.332000
e5,grad_norm,1824,0.390600
e5,grad_norm,1856,0.349600
e5,grad_norm,1888,0.341800
e5,grad_norm,1920,0.380900
e5,grad_norm,1952,0.320300
e5,grad_norm,1984,0.314500
e5,grad_norm,2016,0.324200
e5,grad_norm,2048,0.294900
e5,grad_norm,2080,0.296900
e5,grad_norm,2112,0.296900
e5,grad_norm,2144,0.312500
e5,grad_norm,2176,0.300800
e5,grad_norm,2208,0.304700
e5,grad_norm,2240,0.316400
e5,grad_norm,2272,0.320300
e5,grad_norm,2304,0.298800
e5,grad_norm,2336,0.269500
e5,grad_norm,2368,0.271500
e5,grad_norm,2400,0.271500
e5,grad_norm,2432,0.273400
e5,grad_norm,2464,0.263700
e5,grad_norm,2496,0.269500
e5,grad_norm,2528,0.265600
e5,grad_norm,2560,0.259800
e5,grad_norm,2592,0.253900
e5,grad_norm,2624,0.259800
e5,grad_norm,2656,0.255900
e5,grad_norm,2688,0.269500
e5,grad_norm,2720,0.259800
e5,grad_norm,2752,0.252000
e5,grad_norm,2784,0.250000
e5,grad_norm,2816,0.253900
e5,grad_norm,2848,0.239300
e5,grad_norm,2880,0.235400
e5,grad_norm,2912,0.242200
e5,grad_norm,2944,0.253900
e5,grad_norm,2976,0.231400
e5,grad_norm,3008,0.226600
e5,grad_norm,3040,0.240200
e5,grad_norm,3072,0.252000
e5,grad_norm,3104,0.227500
e5,grad_norm,3136,0.229500
e5,grad_norm,3168,0.236300
e5,grad_norm,3200,0.235400
e5,grad_norm,3232,0.233400
e5,grad_norm,3264,0.235400
e5,grad_norm,3296,0.220700
e5,grad_norm,3328,0.281200
e5,grad_norm,3360,0.345700
e5,grad_norm,3392,0.261700
e5,grad_norm,3424,0.216800
e5,grad_norm,3456,0.210900
e5,grad_norm,3488,0.210000
e5,grad_norm,3520,0.220700
e5,grad_norm,3552,0.221700
e5,grad_norm,3584,0.216800
e5,grad_norm,3616,0.213900
e5,grad_norm,3648,0.213900
e5,grad_norm,3680,0.210000
e5,grad_norm,3712,0.207000
e5,grad_norm,3744,0.212900
e5,grad_norm,3776,0.205100
e5,grad_norm,3808,0.210900
e5,grad_norm,3840,0.213900
e5,grad_norm,3872,0.216800
e5,grad_norm,3904,0.217800
e5,grad_norm,3936,0.212900
e5,grad_norm,3968,0.206100
e5,grad_norm,4000,0.212900
e5,grad_norm,4032,0.240200
e5,grad_norm,4064,0.202100
e5,grad_norm,4096,0.208000
e5,grad_norm,4128,0.214800
e5,grad_norm,4160,0.203100
e5,grad_norm,4192,0.206100
e5,grad_norm,4224,0.206100
e5,grad_norm,4256,0.204100
e5,grad_norm,4288,0.206100
e5,grad_norm,4320,0.211900
e5,grad_norm,4352,0.210900
e5,grad_norm,4384,0.201200
e5,grad_norm,4416,0.199200
e5,grad_norm,4448,0.194300
e5,grad_norm,4480,0.221700
e5,grad_norm,4512,0.213900
e5,grad_norm,4544,0.197300
e5,grad_norm,4576,0.194300
e5,grad_norm,4608,0.195300
e5,grad_norm,4640,0.201200
e5,grad_norm,4672,0.206100
e5,grad_norm,4704,0.213900
e5,grad_norm,4736,0.195300
e5,grad_norm,4768,0.200200
e5,grad_norm,4800,0.201200
e5,grad_norm,4832,0.197300
e5,grad_norm,4864,0.204100
e5,grad_norm,4896,0.199200
e5,grad_norm,4928,0.201200
e5,grad_norm,4960,0.194300
e5,grad_norm,4992,0.192400
e5,grad_norm,5024,0.205100
e5,grad_norm,5056,0.205100
e5,grad_norm,5088,0.204100
e5,grad_norm,5120,0.205100
e5,grad_norm,5152,0.203100
e5,grad_norm,5184,0.202100
e5,grad_norm,5216,0.199200
e5,grad_norm,5248,0.200200
e5,grad_norm,5280,0.199200
e5,grad_norm,5312,0.205100
e5,grad_norm,5344,0.207000
e5,grad_norm,5376,0.209000
e5,grad_norm,5408,0.196300
e5,grad_norm,5440,0.204100
e5,grad_norm,5472,0.207000
e5,grad_norm,5504,0.199200
e5,grad_norm,5536,0.206100
e5,grad_norm,5568,0.200200
e5,grad_norm,5600,0.208000
e5,grad_norm,5632,0.204100
e5,grad_norm,5664,0.212900
e5,grad_norm,5696,0.200200
e5,grad_norm,5728,0.187500
e5,grad_norm,5760,0.189500
e5,grad_norm,5792,0.195300
e5,grad_norm,5824,0.208000
e5,grad_norm,5856,0.201200
e5,grad_norm,5888,0.207000
e5,grad_norm,5920,0.197300
e5,grad_norm,5952,0.198200
e5,grad_norm,5984,0.192400
e5,grad_norm,6016,0.199200
e5,grad_norm,6048,0.204100
e5,grad_norm,6080,0.203100
e5,grad_norm,6112,0.195300
e5,grad_norm,6144,0.193400
e5,grad_norm,6176,0.209000
e5,grad_norm,6208,0.190400
e5,grad_norm,6240,0.208000
e5,grad_norm,6272,0.203100
e5,grad_norm,6304,0.219700
e5,grad_norm,6336,0.218800
e5,grad_norm,6368,0.194300
e5,grad_norm,6400,0.201200
e5,grad_norm,6432,0.194300
e5,grad_norm,6464,0.199200
e5,grad_norm,6496,0.193400
e5,grad_norm,6528,0.191400
e5,grad_norm,6560,0.192400
e5,grad_norm,6592,0.192400
e5,grad_norm,6624,0.195300
e5,grad_norm,6656,0.210000
e5,grad_norm,6688,0.217800
e5,grad_norm,6720,0.196300
e5,grad_norm,6752,0.194300
e5,grad_norm,6784,0.204100
e5,grad_norm,6816,0.190400
e5,grad_norm,6848,0.197300
e5,grad_norm,6880,0.195300
e5,grad_norm,6912,0.197300
e5,grad_norm,6944,0.205100
e5,grad_norm,6976,0.205100
e5,grad_norm,7008,0.207000
e5,grad_norm,7040,0.205100
e5,grad_norm,7072,0.211900
e5,grad_norm,7104,0.219700
e5,grad_norm,7136,0.201200
e5,grad_norm,7168,0.194300
e5,grad_norm,7200,0.197300
e5,grad_norm,7232,0.210900
e5,grad_norm,7264,0.210000
e5,grad_norm,7296,0.203100
e5,grad_norm,7328,0.207000
e5,grad_norm,7360,0.204100
e5,grad_norm,7392,0.208000
e5,grad_norm,7424,0.208000
e5,grad_norm,7456,0.195300
e5,grad_norm,7488,0.197300
e5,grad_norm,7520,0.205100
e5,grad_norm,7552,0.207000
e5,grad_norm,7584,0.195300
e5,grad_norm,7616,0.201200
e5,grad_norm,7648,0.192400
e5,grad_norm,7680,0.195300
e5,grad_norm,7712,0.204100
e5,grad_norm,7744,0.195300
e5,grad_norm,7776,0.214800
e5,grad_norm,7808,0.198200
e5,grad_norm,7840,0.192400
e5,grad_norm,7872,0.192400
e5,grad_norm,7904,0.208000
e5,grad_norm,7936,0.197300
e5,grad_norm,7968,0.209000
e5,grad_norm,8000,0.211900
e5,grad_norm,8032,0.217800
e5,grad_norm,8064,0.206100
e5,grad_norm,8096,0.201200
e5,grad_norm,8128,0.188500
e5,grad_norm,8160,0.194300
e5,grad_norm,8192,0.197300
e5,grad_norm,8224,0.196300
e5,grad_norm,8256,0.193400
e5,grad_norm,8288,0.191400
e5,grad_norm,8320,0.219700
e5,grad_norm,8352,0.208000
e5,grad_norm,8384,0.189500
e5,grad_norm,8416,0.228500
e5,grad_norm,8448,0.199200
e5,grad_norm,8480,0.194300
e5,grad_norm,8512,0.194300
e5,grad_norm,8544,0.194300
e5,grad_norm,8576,0.203100
e5,grad_norm,8608,0.231400
e5,grad_norm,8640,0.210900
e5,grad_norm,8672,0.198200
e5,grad_norm,8704,0.221700
e5,grad_norm,8736,0.212900
e5,grad_norm,8768,0.197300
e5,grad_norm,8800,0.202100
e5,grad_norm,8832,0.205100
e5,grad_norm,8864,0.208000
e5,grad_norm,8896,0.214800
e5,grad_norm,8928,0.210900
e5,grad_norm,8960,0.206100
e5,grad_norm,8992,0.187500
e5,grad_norm,9024,0.204100
e5,grad_norm,9056,0.210900
e5,grad_norm,9088,0.220700
e5,grad_norm,9120,0.210900
e5,grad_norm,9152,0.195300
e5,grad_norm,9184,0.205100
e5,grad_norm,9216,0.199200
e5,grad_norm,9248,0.194300
e5,grad_norm,9280,0.186500
e5,grad_norm,9312,0.202100
e5,grad_norm,9344,0.199200
e5,grad_norm,9376,0.197300
e5,grad_norm,9408,0.210900
e5,grad_norm,9440,0.201200
e5,grad_norm,9472,0.210000
e5,grad_norm,9504,0.203100
e5,grad_norm,9536,0.205100
e5,grad_norm,9568,0.213900
e5,grad_norm,9600,0.201200
e5,grad_norm,9632,0.207000
e5,grad_norm,9664,0.195300
e5,grad_norm,9696,0.204100
e5,grad_norm,9728,0.204100
e5,grad_norm,9760,0.195300
e5,grad_norm,9792,0.210000
e5,grad_norm,9824,0.193400
e5,grad_norm,9856,0.204100
e5,grad_norm,9888,0.198200
e5,grad_norm,9920,0.198200
e5,grad_norm,9952,0.208000
e5,grad_norm,9984,0.195300
e5,grad_norm,10016,0.205100
e5,grad_norm,10048,0.199200
e5,grad_norm,10080,0.202100
e5,grad_norm,10112,0.205100
e5,grad_norm,10144,0.207000
e5,grad_norm,10176,0.204100
e5,grad_norm,10208,0.202100
e5,grad_norm,10240,0.202100
e5,grad_norm,10272,0.213900
e5,grad_norm,10304,0.252000
e5,grad_norm,10336,0.230500
e5,grad_norm,10368,0.220700
e5,grad_norm,10400,0.200200
e5,grad_norm,10432,0.201200
e5,grad_norm,10464,0.192400
e5,grad_norm,10496,0.199200
e5,grad_norm,10528,0.208000
e5,grad_norm,10560,0.196300
e5,grad_norm,10592,0.186500
e5,grad_norm,10624,0.194300
e5,grad_norm,10656,0.205100
e5,grad_norm,10688,0.192400
e5,grad_norm,10720,0.203100
e5,grad_norm,10752,0.192400
e5,grad_norm,10784,0.195300
e5,grad_norm,10816,0.203100
e5,grad_norm,10848,0.199200
e5,grad_norm,10880,0.231400
e5,grad_norm,10912,0.205100
e5,grad_norm,10944,0.206100
e5,grad_norm,10976,0.226600
e5,grad_norm,11008,0.210900
e5,grad_norm,11040,0.201200
e5,grad_norm,11072,0.269500
e5,grad_norm,11104,0.217800
e5,grad_norm,11136,0.194300
e5,grad_norm,11168,0.195300
e5,grad_norm,11200,0.203100
e5,grad_norm,11232,0.219700
e5,grad_norm,11264,0.201200
e5,grad_norm,11296,0.201200
e5,grad_norm,11328,0.209000
e5,grad_norm,11360,0.194300
e5,grad_norm,11392,0.204100
e5,grad_norm,11424,0.214800
e5,grad_norm,11456,0.215800
e5,grad_norm,11488,0.205100
e5,grad_norm,11520,0.203100
e5,grad_norm,11552,0.210000
e5,grad_norm,11584,0.225600
e5,grad_norm,11616,0.215800
e5,grad_norm,11648,0.192400
e5,grad_norm,11680,0.202100
e5,grad_norm,11712,0.209000
e5,grad_norm,11744,0.210900
e5,grad_norm,11776,0.202100
e5,grad_norm,11808,0.207000
e5,grad_norm,11840,0.192400
e5,grad_norm,11872,0.211900
e5,grad_norm,11904,0.192400
e5,grad_norm,11936,0.201200
e5,grad_norm,11968,0.215800
e5,grad_norm,12000,0.208000
e5,grad_norm,12032,0.210000
e5,grad_norm,12064,0.203100
e5,grad_norm,12096,0.202100
e5,grad_norm,12128,0.208000
e5,grad_norm,12160,0.192400
e5,grad_norm,12192,0.212900
e5,grad_norm,12224,0.202100
e5,grad_norm,12256,0.196300
e5,grad_norm,12288,0.203100
e5,grad_norm,12320,0.219700
e5,grad_norm,12352,0.196300
e5,grad_norm,12384,0.219700
e5,grad_norm,12416,0.217800
e5,grad_norm,12448,0.205100
e5,grad_norm,12480,0.212900
e5,grad_norm,12512,0.202100
e5,grad_norm,12544,0.200200
e5,grad_norm,12576,0.219700
e5,grad_norm,12608,0.200200
e5,grad_norm,12640,0.202100
e5,grad_norm,12672,0.201200
e5,grad_norm,12704,0.210000
e5,grad_norm,12736,0.201200
e5,grad_norm,12768,0.195300
e5,grad_norm,12800,0.216800
e5,grad_norm,12832,0.230500
e5,grad_norm,12864,0.207000
e5,grad_norm,12896,0.204100
e5,grad_norm,12928,0.208000
e5,grad_norm,12960,0.212900
e5,grad_norm,12992,0.210000
e5,grad_norm,13024,0.210900
e5,grad_norm,13056,0.217800
e5,grad_norm,13088,0.192400
e5,grad_norm,13120,0.205100
e5,grad_norm,13152,0.275400
e5,grad_norm,13184,0.215800
e5,grad_norm,13216,0.187500
e5,grad_norm,13248,0.210900
e5,grad_norm,13280,0.217800
e5,grad_norm,13312,0.208000
e5,grad_norm,13344,0.223600
e5,grad_norm,13376,0.210900
e5,grad_norm,13408,0.205100
e5,grad_norm,13440,0.221700
e5,grad_norm,13472,0.225600
e5,grad_norm,13504,0.207000
e5,grad_norm,13536,0.197300
e5,grad_norm,13568,0.199200
e5,grad_norm,13600,0.201200
e5,grad_norm,13632,0.192400
e5,grad_norm,13664,0.198200
e5,grad_norm,13696,0.197300
e5,grad_norm,13728,0.202100
e5,grad_norm,13760,0.213900
e5,grad_norm,13792,0.199200
e5,grad_norm,13824,0.207000
e5,grad_norm,13856,0.194300
e5,grad_norm,13888,0.208000
e5,grad_norm,13920,0.209000
e5,grad_norm,13952,0.195300
e5,grad_norm,13984,0.210900
e5,grad_norm,14016,0.202100
e5,grad_norm,14048,0.201200
e5,grad_norm,14080,0.222700
e5,grad_norm,14112,0.210900
e5,grad_norm,14144,0.208000
e5,grad_norm,14176,0.221700
e5,grad_norm,14208,0.206100
e5,grad_norm,14240,0.216800
e5,grad_norm,14272,0.205100
e5,grad_norm,14304,0.194300
e5,grad_norm,14336,0.202100
e5,grad_norm,14368,0.210900
e5,grad_norm,14400,0.204100
e5,grad_norm,14432,0.215800
e5,grad_norm,14464,0.197300
e5,grad_norm,14496,0.217800
e5,grad_norm,14528,0.220700
e5,grad_norm,14560,0.202100
e5,grad_norm,14592,0.209000
e5,grad_norm,14624,0.208000
e5,grad_norm,14656,0.207000
e5,grad_norm,14688,0.203100
e5,grad_norm,14720,0.202100
e5,grad_norm,14752,0.214800
e5,grad_norm,14784,0.201200
e5,grad_norm,14816,0.228500
e5,grad_norm,14848,0.227500
e5,grad_norm,14880,0.216800
e5,grad_norm,14912,0.201200
e5,grad_norm,14944,0.201200
e5,grad_norm,14976,0.207000
e5,grad_norm,15008,0.207000
e5,grad_norm,15040,0.246100
e5,grad_norm,15072,0.228500
e5,grad_norm,15104,0.210000
e5,grad_norm,15136,0.211900
e5,grad_norm,15168,0.211900
e5,grad_norm,15200,0.209000
e5,grad_norm,15232,0.196300
e5,grad_norm,15264,0.207000
e5,grad_norm,15296,0.214800
e5,grad_norm,15328,0.214800
e5,grad_norm,15360,0.213900
e5,grad_norm,15392,0.212900
e5,grad_norm,15424,0.221700
e5,grad_norm,15456,0.200200
e5,grad_norm,15488,0.220700
e5,grad_norm,15520,0.216800
e5,grad_norm,15552,0.195300
e5,grad_norm,15584,0.194300
e5,grad_norm,15616,0.214800
e5,grad_norm,15648,0.208000
e5,grad_norm,15680,0.210000
e5,grad_norm,15712,0.208000
e5,grad_norm,15744,0.205100
e5,grad_norm,15776,0.209000
e5,grad_norm,15808,0.205100
e5,grad_norm,15840,0.201200
e5,grad_norm,15872,0.205100
e5,grad_norm,15904,0.205100
e5,grad_norm,15936,0.217800
e5,grad_norm,15968,0.212900
e5,grad_norm,16000,0.213900
e5,grad_norm,16032,0.204100
